order_id,order_date,customer_id,employee_id,product_name,category,quantity,unit_price,discount_pct,payment_method,order_status,sales_channel,shipping_address,order_notes
O000001,2025-04-18 13:07:00,C00122,E0024,External Drive,Mobile Devices,8,1499,0.15,PayPal,processing,,"Unit 16, Building 14",
O000002,2022-07-01 16:37:00,C00772,E0116,Webcam,Electronics,5,499,0.05,PayPal,Returned,Store,843 Rizal St.,Urgent
O000003,2023-03-05 06:08:00,C00121,E0186,UPS,Office Furniture,1,19999,0,Debit Card, Delivered,online,388 Main St.,
O000004,2024-05-10 03:05:00,C00717,E0209,Keyboard,Mobile Devices,4,799,0.03,PayPal,Cancelled,STORE,338 Quezon St.,Gift order
O000005,2022-12-19 19:53:00,C00818,E0198,,Networking,5,2999,0.2,GCash,Pending,Online,816 Rizal St.,Gift order
O000006,2025-08-23 18:45:00,C00130,E0062,ups ,Mobile Devices,1,9999,,Debit Card,Pending,Marketplace,"Unit 6, Building 3",Urgent
O000007,2022-10-14 07:44:00,C00650,E0140,Monitor,Office Furniture,9,999,0.2,PayPal,,Online,799 MAIN ST.,
O000008,2022-06-19 22:12:00,C00767,E0248,,Computer Accessories,8,9999,0.2,Debit Card,Pending,STORE,662 mabini st.,Gift order
O000009,2023-08-12 15:33:00,C00808,E0011,Office Chair,Electronics,3,999,0.15,,cancelled ,,"Unit 12, Building 47",Gift order
O000010,2024-02-13 18:07:00,C00678,E0013,Office Chair,Computer Accessories,3,1999,0.05,Bank Transfer,Cancelled,,482 Main St.,Deliver after 5PM
O000011,2025-02-17 14:39:00,C00190,E0033,monitor,Office Furniture,10,19999,0.15,Cash,Cancelled,Marketplace,"Unit 6, Building 36",Urgent
O000012,2024-11-22 06:24:00,C00690,E0017,Keyboard,Mobile Devices,9,19999,0.03,PayPal,Returned,Marketplace,163 Main St.,
O000013,2024-12-18 13:13:00,C00299,E0243,Smartphone,Office Furniture,5,799,0.1,Debit Card,Pending,Marketplace,349 Bonifacio St.,
O000014,2022-02-17 21:05:00,C00590,E0246,Projector,Electronics,5,4999,0.15,PAYPAL,Shipped,Store," unit 2, building 44",Urgent
O000015,2023-02-24 06:13:00,C00126,E0102,Router,Computer Accessories,4,9999,0.2,cash,Pending,STORE,204 Rizal St.,Urgent
O000016,2024-04-09 20:20:00,C00627,E0195,Webcam,Office Furniture,7,499,,Cash,Cancelled,STORE,738 Bonifacio St.,
O000017,2022-03-02 18:06:00,C00251,E0177,Desk,Networking,2,9999,0,Debit Card,Cancelled ,Online,"Unit 7, Building 26",Call customer
O000018,2022-10-02 01:04:00,C00294,E0028,Webcam,Computer Accessories,2,799,0.15,Bank Transfer,Pending,online, 200 RIZAL ST. ,
O000019,2023-06-07 01:44:00,C00850,E0094,,Office Furniture,3,9999,0,Bank Transfer, returned ,Online,962 Main St.,Gift order
O000020,2025-05-29 02:52:00,C00218,E0026,Keyboard,Office Furniture,7,999,0.2,DEBIT CARD ,Pending,online,435 Bonifacio St.,Call customer
O000021,2023-08-18 23:02:00,C00799,E0050,Office Chair,Networking,,9999,0.1,GCash, Cancelled ,Marketplace,"Unit 2, Building 7",
O000022,2022-02-06 19:52:00,C00293,E0147,Keyboard,Networking,6,14999,0.05,GCash,Delivered,,"Unit 14, Building 50",
O000023,2023-08-31 17:41:00,C00803,E0094,Tablet,Mobile Devices,8,799,0.15,Debit Card,,STORE,909 Mabini St.,Urgent
O000024,2022-08-10 05:53:00,C00574,E0246,Laptop,Electronics,5,999,0.15,Bank Transfer ,Delivered,Online,658 Quezon St.,
O000025,2023-04-13 16:38:00,C00142,E0169,UPS,Electronics,10,2999,0.15,Debit Card,Shipped,,"Unit 19, Building 40",Deliver after 5PM
O000026,2022-10-29 12:37:00,C00803,E0141,Desk,Office Furniture,9,19999,0,Cash,,online,829 Quezon St.,Deliver after 5PM
O000027,2023-10-05 18:21:00,C00247,E0151,External Drive,Mobile Devices,5,1499,0.03,Cash,Processing,Store,"Unit 17, Building 28",Gift order
O000028,2022-05-09 01:07:00,C00627,E0086,Projector,ELECTRONICS,9,1499,, debit card,Pending,Store,"Unit 7, Building 38",
O000029,2022-10-22 01:46:00,C00614,E0073,Desk ,Computer Accessories,,1999,0.1,Bank Transfer, Cancelled,,894 Quezon St.,Deliver after 5PM
O000030,2025-12-03 19:04:00,C00069,E0249,Mouse,Networking,1,4999,0.05,Credit Card,Shipped,Store,"Unit 13, Building 7",
O000031,2024-08-08 00:13:00,C00225,E0193,Desk,Mobile Devices,2,,0, Debit Card,Shipped,Store,"Unit 3, Building 43",Deliver after 5PM
O000032,2022-04-11 23:10:00,C00045,E0250,PROJECTOR ,Computer Accessories,6,499,0.15,Cash, CANCELLED,,526 Rizal St.,
O000033,2022-07-08 15:57:00,C00953,E0250,Desk,Networking,9,999,0.15,PayPal,Processing,Store,896 Bonifacio St.,Call customer
O000034,2024-04-16 00:21:00,C00737,E0163,Desk,Electronics,8,499,0.15, paypal,Cancelled,Store,881 Main St.,Urgent
O000035,2022-06-22 21:53:00,C00403,E0174,Projector,Electronics,4,19999,0,GCash,Pending,online, 584 rizal st. ,Gift order
O000036,2025-05-01 01:35:00,C00803,E0140,,Computer Accessories,5,1499,0.05,Cash,Returned,,"Unit 14, Building 47",Call customer
O000037,2025-08-20 04:19:00,C00087,E0073,Office Chair,Mobile Devices,6,14999,0.2,Cash, delivered,online,,Deliver after 5PM
O000038,2024-07-14 08:24:00,C00507,E0157,Webcam,Mobile Devices,10,799,0.1,GCash,Processing,Store,"Unit 19, Building 13",
O000039,2025-08-10 17:20:00,C00244,E0095,Laptop,Electronics,1,4999,,Debit Card,Delivered,STORE,340 Quezon St.,Urgent
O000040,2023-07-27 17:11:00,C00472,E0152,Desk,Office Furniture,6,1999,0.1,GCash,Returned,Store,"Unit 19, Building 18",Urgent
O000041,2023-02-03 17:57:00,C00697,E0235,Office Chair,Networking ,2,2999,0.2,GCash ,Returned,STORE,623 Mabini St.,Gift order
O000042,2024-01-27 11:01:00,C00333,E0005,Tablet,Networking,9,1999,0.15,Debit Card,,Marketplace,644 Bonifacio St.,
O000043,2024-09-12 19:30:00,C00276,E0204, LAPTOP ,Office Furniture,4,9999,0.03,Debit Card, processing,online,"Unit 4, Building 16",Call customer
O000044,2022-04-04 00:39:00,C00795,E0091,Keyboard,Mobile Devices,2,1999,0,Cash,Cancelled,Online,"Unit 16, Building 1",Urgent
O000045,2024-11-19 16:35:00,C00829,E0234,External Drive,NETWORKING,7,999,0.15,Bank Transfer,Shipped,Store,"Unit 11, Building 33",
O000046,2023-07-27 17:40:00,C00862,E0158, Printer,Electronics,7,2999,0.2,PayPal,,Online,"Unit 2, Building 10",Urgent
O000047,2025-04-15 20:56:00,C00119,E0205,Office Chair,Electronics,4,999,,Debit Card,Pending,,649 Quezon St.,Call customer
O000048,2023-09-14 09:54:00,C00503,E0037,Headset,Computer Accessories,10,4999,0.2,PayPal,Returned,,"Unit 1, Building 9",
O000049,2025-12-12 05:58:00,C00725,E0140,External Drive,Computer Accessories,4,799,0.03,Cash,,Marketplace,640 Main St.,Deliver after 5PM
O000050,2023-05-17 13:16:00,C00786,E0121,Desk,Electronics,4,,0.03,Credit Card,Shipped,Marketplace,"Unit 18, Building 41",Gift order
O000051,2022-11-13 18:02:00,C00760,E0117,Desk,Mobile Devices,10,799,0.2,Cash,Cancelled,,451 Main St.,Urgent
O000052,2023-02-11 14:50:00,C00949,E0008, Office Chair,Mobile Devices,10,19999,,Bank Transfer,Pending,Marketplace,"Unit 3, Building 41",Deliver after 5PM
O000053,2022-10-22 07:57:00,C00209,E0082,Webcam,Office Furniture,6,1499,0.15,Bank Transfer,Delivered,online,225 Rizal St.,Deliver after 5PM
O000054,2023-11-13 08:55:00,C00619,E0212,Projector,,8,14999,0.1, GCash ,Processing,STORE,480 Bonifacio St.,
O000055,2023-11-01 04:37:00,C00996,E0026,Keyboard,Networking,4,999,,PayPal, Cancelled ,STORE,"Unit 15, Building 34",Urgent
O000056,2025-11-20 23:46:00,C00947,E0016,External Drive,Electronics,9,2999,0.1,Debit Card,Processing,,84 Bonifacio St.,Call customer
O000057,2022-11-30 06:55:00,C00798,E0238,Router,Office Furniture,2,499,0.03,Cash,Delivered,,524 Rizal St.,Deliver after 5PM
O000058,2024-05-01 15:05:00,C00050,E0163,Keyboard,Electronics,8,799,0.1,Cash,Returned,online, 478 Rizal St. ,Urgent
O000059,2022-03-27 03:39:00,C00779,E0113,UPS,Mobile Devices,8,999,0.15, credit card ,,Store,467 Mabini St.,Call customer
O000060,2022-12-27 03:05:00,C00881,E0003,Tablet, Computer Accessories ,9,19999,0.05,GCash,Shipped,Marketplace,739 Quezon St.,Urgent
O000061,2025-09-27 18:38:00,C00993,E0117, Monitor,Mobile Devices,10,7999,0.03,Debit Card,Processing,Online,266 Main St.,
O000062,2024-05-15 03:23:00,C00614,E0159,Laptop,Electronics,8,1499,0.03,,Processing,Online,351 Mabini St.,
O000063,2023-08-08 01:15:00,C00578,E0235,External Drive,Office Furniture,1,14999,0.1,Debit Card,Shipped,,"Unit 12, Building 19",Urgent
O000064,2023-05-30 15:53:00,C00061,E0197,Monitor, Mobile Devices,5,7999,0.15,PayPal,Cancelled,online,409 Mabini St.,
O000065,2025-01-19 00:33:00,C00111,E0250,Office Chair, networking ,8,799,0.2,Cash,Processing,Online,"Unit 12, Building 34",Urgent
O000066,2024-03-31 05:07:00,C00881,E0136,Smartphone,Networking,1,499,0.15,GCash,Pending,STORE,6 Mabini St.,Urgent
O000067,2024-06-19 08:53:00,C00247,E0213,Keyboard,,7,999,0.15,Cash,Delivered,Online,319 Mabini St.,
O000068,2024-07-04 18:31:00,C00600,E0061,Webcam,mobile devices,2,1999,0.05,PayPal,,Store,684 Main St.,Deliver after 5PM
O000069,2024-10-24 01:51:00,C00542,E0127,Smartphone,Electronics,10,7999,0.15,GCash,Pending,online,"Unit 10, Building 7",
O000070,2022-11-01 06:31:00,C00179,E0196,Office Chair,Computer Accessories,8,7999,,GCash,Cancelled,STORE, 934 main st.,
O000071,2022-10-13 00:13:00,C00109,E0023,DESK ,office furniture,9,7999,0.03,Cash,Returned,STORE,"Unit 20, Building 33",
O000072,2022-06-21 14:01:00,C00521,E0008,Projector,Electronics,9,19999,0.2,Bank Transfer,Shipped,Store,777 Main St.,Gift order
O000073,2024-11-04 11:28:00,C00048,E0108,Headset,Electronics,9,999,0.15,Credit Card,Delivered,Marketplace,610 Quezon St.,Deliver after 5PM
O000074,2024-10-20 21:52:00,C00155,E0119,Router,Mobile Devices,3,14999,0.15,PayPal,Delivered,Online,274 Main St.,Call customer
O000075,2022-07-01 18:27:00,C00182,E0125,Printer,Mobile Devices,7,499,0.03,Debit Card,shipped,,687 Quezon St.,Gift order
O000076,2025-12-08 20:18:00,C00440,E0007,Printer, Office Furniture ,7,4999,0.15,DEBIT CARD ,Processing,online,282 Bonifacio St.,Deliver after 5PM
O000077,2023-03-31 08:34:00,C00265,E0102,Headset,Mobile Devices,9,1499,0.03,,PENDING ,,255 Mabini St.,Urgent
O000078,2024-04-14 03:14:00,C00941,E0066,Office Chair,Electronics,7,499,0,,Processing,Marketplace," Unit 16, Building 10 ",
O000079,2023-01-31 22:18:00,C00759,E0124,UPS,Electronics,10,4999,,Credit Card,Cancelled,STORE,646 Main St.,Gift order
O000080,2025-02-02 04:06:00,C00807,E0058,Projector,Computer Accessories,8,1999,0,PayPal,Shipped,STORE,"Unit 20, Building 16",Deliver after 5PM
O000081,2024-06-20 09:59:00,C00349,E0151,Printer,Electronics,10,1999,0.05,PayPal,Shipped,online,911 Main St.,Gift order
O000082,2025-10-30 23:03:00,C00255,E0106,Router,Electronics,9,9999,0.05,Debit Card, CANCELLED,," Unit 5, Building 20 ",Gift order
O000083,2025-10-29 08:50:00,C00809,E0112,Printer,Office Furniture,10,4999,0.05,Debit Card,Delivered,Online,"Unit 10, Building 50",Urgent
O000084,2024-11-03 19:01:00,C00803,E0034,Projector,Networking,4,2999,0.1, DEBIT CARD,Processing,Online, 712 Quezon St.,Gift order
O000085,2024-05-26 15:44:00,C00400,E0008,MONITOR ,Mobile Devices,5,4999,0,Debit Card,Cancelled,Online,"Unit 1, Building 7",Gift order
O000086,2024-09-12 22:31:00,C00455,E0239,External Drive,Office Furniture,4,799,0.05,PayPal,Shipped,,832 Quezon St.,
O000087,2023-02-22 16:16:00,C00396,E0222,External Drive,Networking,6,1499,0.2,PayPal,Processing,Online,"Unit 8, Building 33",Call customer
O000088,2023-07-04 01:02:00,C00347,E0190,Keyboard,Electronics ,5,1999,0.1,PayPal,Shipped,STORE,784 Quezon St.,Gift order
O000089,2023-02-27 07:42:00,C00552,E0098, Smartphone ,Electronics,8,999,0.15,Cash,Pending,online,"Unit 2, Building 17",Urgent
O000090,2022-03-09 12:38:00,C00916,E0059,Office Chair,,6,9999,0.15,PayPal,RETURNED ,STORE,"Unit 3, Building 28",Call customer
O000091,2023-06-05 08:58:00,C00840,E0137,UPS,Electronics,5,1999,0.03,GCash,Returned,Online, 16 Mabini St.,
O000092,2023-06-08 17:47:00,C00796,E0040,UPS, mobile devices,10,14999,0.15,Credit Card,Pending,online,698 RIZAL ST.,
O000093,2024-02-20 22:16:00,C00461,E0042,Webcam,Mobile Devices,3,1499,0.15,Credit Card,Returned,online,31 Quezon St.,Deliver after 5PM
O000094,2024-11-20 01:45:00,C00016,E0048, Mouse ,Mobile Devices,4,999,0,Bank Transfer,Pending,STORE,"Unit 18, Building 44",
O000095,2022-01-23 17:05:00,C00940,E0186,Mouse,Office Furniture,4,2999,0,PayPal,Pending,Online,806 Quezon St.,Call customer
O000096,2024-04-16 18:20:00,C00469,E0214,External Drive,,1,499,0,Debit Card,Returned,online,855 Main St.,
O000097,2024-03-09 13:17:00,C00089,E0182,Monitor,Computer Accessories,1,19999,,Cash,Cancelled,online," unit 9, building 50",Urgent
O000098,2024-05-30 13:35:00,C00637,E0104,Keyboard,Networking,9,999,0.15,GCash,Delivered,STORE,"Unit 4, Building 31",
O000099,2024-01-16 00:23:00,C00466,E0230,,Mobile Devices,7,999,0.15,Cash,Processing,,783 Mabini St.,Call customer
O000100,2022-06-11 17:54:00,C00344,E0131,Office Chair,Electronics,6,999,0.05,Bank Transfer,Pending,Store,500 Mabini St.,
O000101,2025-01-14 21:51:00,C00963,E0036,Desk,Computer Accessories ,3,1999,0.1,GCASH,Shipped,Marketplace,"Unit 4, Building 36",Call customer
O000102,2024-09-22 01:20:00,C00891,E0094,Headset,,3,499,, paypal,Shipped,Online,"Unit 7, Building 9",Gift order
O000103,2022-12-30 16:10:00,C00006,E0015,Monitor,Mobile Devices,10,2999,0.05, credit card,Cancelled,Marketplace,"Unit 3, Building 4",
O000104,2025-11-30 01:05:00,C00112,E0209, SMARTPHONE,Office Furniture,6,499,, bank transfer ,Pending,STORE,"Unit 1, Building 31",
O000105,2022-06-27 16:36:00,C00145,E0205,Tablet,Networking,9,2999,0.2,GCash,Delivered,STORE,264 Mabini St.,
O000106,2022-06-30 19:50:00,C00085,E0055,UPS, ELECTRONICS,3,7999,0.15,PayPal,Processing,Online,"Unit 7, Building 47",Deliver after 5PM
O000107,2023-05-11 10:55:00,C00446,E0010,Router,Computer Accessories,7,9999,0.15,Credit Card,Shipped,STORE,516 Rizal St.,Urgent
O000108,2024-02-23 20:54:00,C00836,E0114,UPS,Electronics,3,9999,0.1,Bank Transfer, shipped,,"Unit 20, Building 3",Call customer
O000109,2022-08-08 01:31:00,C00103,E0244,Monitor,Networking,1,19999,0.03, bank transfer ,Shipped,online, 699 Quezon St.,Call customer
O000110,2023-04-24 10:52:00,C00683,E0035,Keyboard,Office Furniture,2,,0,GCash,,online,778 Main St.,
O000111,2023-01-10 11:51:00,C00449,E0073,Laptop, NETWORKING ,5,7999,0,GCash,Shipped,STORE, 691 mabini st.,Urgent
O000112,2023-09-15 23:00:00,C00900,E0055,desk ,Electronics,2,499,0,PayPal,Pending,,"Unit 20, Building 12",Urgent
O000113,2024-02-05 21:36:00,C00987,E0125,Tablet,Electronics,1,2999,0.1,Bank Transfer,cancelled ,Online,"Unit 16, Building 33",Urgent
O000114,2023-03-23 21:12:00,C00231,E0006,Laptop,Networking,5,14999,,Credit Card,Pending,,357 Main St.,Call customer
O000115,2023-06-07 04:57:00,C00063,E0161,Keyboard,Mobile Devices,5,799,0.15,Credit Card,Processing,Online,72 Main St.,Gift order
O000116,2025-10-18 01:22:00,C00015,E0039,UPS,Electronics,9,9999,0.03,Bank Transfer,Processing,Online,"Unit 15, Building 22",Deliver after 5PM
O000117,2023-01-17 02:10:00,C00247,E0108,Smartphone,Computer Accessories,7,1999,, PayPal,Pending,online,912 Main St.,
O000118,2022-07-06 11:53:00,C00102,E0166,External Drive,computer accessories ,9,499,0.03,GCash,,Marketplace,580 Main St.,Urgent
O000119,2025-01-01 11:21:00,C00707,E0250,Headset ,MOBILE DEVICES ,2,14999,0.1,Credit Card,Returned,Store,69 Bonifacio St.,Deliver after 5PM
O000120,2024-09-09 05:51:00,C00142,E0044,Router,,6,1999,0.15,Credit Card,Cancelled,Store, 641 RIZAL ST.,
O000121,2023-03-09 23:08:00,C00592,E0155,Router,Electronics,2,799,0.05,PayPal,Pending,Marketplace,960 Rizal St.,Gift order
O000122,2024-01-06 04:44:00,C00778,E0034, WEBCAM ,,4,2999,,Cash,Cancelled,online,468 Quezon St.,Urgent
O000123,2022-09-28 02:43:00,C00761,E0019,Headset,mobile devices,10,799,0.2,Credit Card ,Returned,Marketplace, 69 Bonifacio St.,
O000124,2024-05-09 15:00:00,C00428,E0216,UPS,Electronics,6,4999,,PayPal, processing ,Marketplace,596 Mabini St.,Gift order
O000125,2024-03-12 06:43:00,C00663,E0155, Desk,Networking ,4,1499,0.05,Debit Card,Shipped,online,"Unit 11, Building 42",Urgent
O000126,2022-07-27 21:32:00,C00974,E0176, tablet,Office Furniture,1,9999,0.15,paypal ,Processing,Store,909 Rizal St.,
O000127,2022-04-28 11:34:00,C00829,E0177, mouse,Networking,4,1999,0,Debit Card,Shipped,online,"Unit 19, Building 44",Gift order
O000128,2024-04-02 18:45:00,C00578,E0121,Projector,Networking,6,1499,0.05,GCash,Delivered,Online, 442 Rizal St. ,
O000129,2022-01-17 18:21:00,C00409,E0153,Keyboard,Office Furniture,5,9999,,Bank Transfer,Delivered ,online,"Unit 5, Building 16",Deliver after 5PM
O000130,2022-09-01 08:11:00,C00558,E0150,Mouse,Computer Accessories,5,499,0.2,Cash,Shipped,Store,"Unit 15, Building 37",Gift order
O000131,2023-04-08 03:58:00,C00963,E0136,Projector, Computer Accessories ,1,9999,0.1,GCash,Cancelled,Store,215 Mabini St.,Deliver after 5PM
O000132,2024-08-01 08:17:00,C00891,E0166,UPS,Electronics,1,799,0.03,Bank Transfer,Returned,Store,927 Quezon St.,Gift order
O000133,2025-10-28 10:26:00,C00848,E0012,UPS,Office Furniture,8,499,0.2,Bank Transfer,,Marketplace,334 Bonifacio St.,Gift order
O000134,2025-10-29 05:46:00,C00123,E0109,Laptop,Computer Accessories,5,999,0.03,PayPal,Processing,STORE,826 Main St.,Urgent
O000135,2024-02-14 19:22:00,C00661,E0048,Tablet,Networking,9,4999,0.15, Debit Card,Returned,Store,"Unit 5, Building 41",Deliver after 5PM
O000136,2023-01-25 16:38:00,C00849,E0229,External Drive,Office Furniture,1,1999,0.2,Credit Card,Pending,Online,"UNIT 3, BUILDING 4",
O000137,2024-11-01 05:53:00,C00406,E0026,Office Chair,Mobile Devices,7,499,0.03,GCash,Returned,,"Unit 14, Building 46",Call customer
O000138,2024-04-04 15:12:00,C00708,E0040,Keyboard,,5,999,0.03,Cash,Shipped,Store,355 Bonifacio St. ,Gift order
O000139,2023-01-10 19:21:00,C00740,E0123,Projector,Electronics,1,4999,,Cash,Shipped,online,"Unit 8, Building 1",Urgent
O000140,2025-02-18 09:49:00,C00794,E0099,Keyboard,Electronics,,999,0.03,Debit Card,Processing,,"Unit 13, Building 5",Gift order
O000141,2022-04-03 11:20:00,C00089,E0110,Router,Electronics,2,999,0.05,PayPal,Delivered,STORE,"Unit 19, Building 47",Urgent
O000142,2025-04-25 10:28:00,C00141,E0005,Printer,Electronics,6,999,,PayPal,Processing,Online,154 Mabini St.,Gift order
O000143,2025-06-24 12:29:00,C00221,E0019,Keyboard,Networking,8,4999,0.1,GCash,Processing,Online,"Unit 19, Building 34",Gift order
O000144,2023-12-23 07:53:00,C00789,E0098,Office Chair,Electronics,10,1999,0.2,PayPal,Cancelled,Store, 239 Main St.,Call customer
O000145,2024-09-22 12:17:00,C00144,E0108,Webcam,Office Furniture,8,1999,0,PayPal,Delivered,STORE,459 Bonifacio St.,Urgent
O000146,2024-02-29 11:27:00,C00323,E0179,Mouse,Electronics,5,2999,0.05,Bank Transfer,Cancelled,Store,986 Quezon St.,Deliver after 5PM
O000147,2025-08-24 11:08:00,C00478,E0185, Laptop ,Computer Accessories,4,2999,0.15,PayPal,Shipped,Online,"Unit 20, Building 19",Call customer
O000148,2023-07-31 13:42:00,C00764,E0057,Printer,Electronics,5,2999,0.05,Debit Card,Delivered,STORE,"Unit 20, Building 16",Gift order
O000149,2023-08-07 07:36:00,C00674,E0180, Webcam,Mobile Devices,,1999,,GCash,Returned,STORE,"UNIT 17, BUILDING 38",Deliver after 5PM
O000150,2024-07-01 04:03:00,C00921,E0219,Webcam,Office Furniture,2,7999,0.05,Bank Transfer,Delivered,Store, 880 RIZAL ST. ,
O000151,2022-10-31 23:39:00,C00110,E0035,External Drive ,Networking,1,499,0.05,GCash,Delivered,STORE,"Unit 1, Building 36",
O000152,2025-03-20 19:13:00,C00407,E0100,MOUSE ,Computer Accessories,6,9999,0.05,Credit Card,Delivered ,Store,200 Mabini St.,Urgent
O000153,2025-09-05 03:01:00,C00821,E0169,Desk,Mobile Devices,8,14999,0.2,Cash,Returned,,"Unit 19, Building 18",
O000154,2022-11-10 20:05:00,C00310,E0054,Projector,Computer Accessories,8,1999,0,Debit Card,Processing,online,"Unit 6, Building 29",Urgent
O000155,2023-02-12 06:08:00,C00411,E0147,Monitor,Electronics,,,0.05,Credit Card,Delivered,Online,"Unit 14, Building 30",
O000156,2024-06-15 13:09:00,C00921,E0192,Laptop ,Electronics,10,14999,0.03,Credit Card,Returned,Marketplace,836 Quezon St.,
O000157,2022-09-27 01:08:00,C00760,E0205,UPS,Electronics,8,799,,Credit Card,Returned,Marketplace,"Unit 2, Building 29",Call customer
O000158,2025-09-14 17:29:00,C00267,E0106,Monitor,Mobile Devices,8,19999,,Credit Card,Pending,,555 Rizal St.,Gift order
O000159,2025-07-12 04:21:00,C00801,E0177,Office Chair,Mobile Devices,3,999,0.15,Debit Card,Returned,Store,498 Rizal St.,
O000160,2022-09-24 02:05:00,C00355,E0177,Webcam,mobile devices ,9,7999,0.2,Cash,Delivered,Online,"unit 20, building 10",Urgent
O000161,2025-05-10 10:47:00,C00969,E0100,Router,Computer Accessories,8,799,0.1, Credit Card , Processing,,"Unit 19, Building 42",Urgent
O000162,2023-02-04 23:47:00,C00899,E0232,,Mobile Devices,4,1499,0.1,Bank Transfer,Cancelled,Online,278 Quezon St.,Deliver after 5PM
O000163,2025-10-31 12:49:00,C00699,E0115,Headset,Computer Accessories,2,14999,,PayPal,Processing,STORE,"Unit 14, Building 15 ",Urgent
O000164,2022-11-24 11:36:00,C00146,E0208,Tablet, Computer Accessories ,7,799,0,Bank Transfer,Processing,Marketplace,"Unit 13, Building 15",
O000165,2022-11-12 20:26:00,C00387,E0020,Office Chair,Mobile Devices,5,19999,0.1,PayPal, SHIPPED,Online,45 Mabini St.,Urgent
O000166,2022-05-12 20:05:00,C00524,E0170,UPS,Office Furniture,2,999,0.05,Bank Transfer,Cancelled,online,306 Main St.,Call customer
O000167,2025-02-13 17:03:00,C00814,E0100,Keyboard,Mobile Devices,5,999,0,Bank Transfer,Cancelled,Marketplace,"Unit 13, Building 41",Gift order
O000168,2023-09-29 23:07:00,C00145,E0184,UPS, Computer Accessories ,3,1499,0.15,PAYPAL,Pending,online, 961 bonifacio st.,Gift order
O000169,2025-04-19 19:38:00,C00204,E0029,Router,Electronics,10,9999,0.2,Bank Transfer,Pending,,"Unit 2, Building 1",
O000170,2022-11-27 17:21:00,C00048,E0084, External Drive,Computer Accessories,7,,0.2,Cash,Cancelled,online,863 BONIFACIO ST. ,Gift order
O000171,2024-06-12 07:54:00,C00690,E0203,UPS,Computer Accessories,9,1499,0.1,Bank Transfer,Pending,,"Unit 13, Building 12",Urgent
O000172,2024-06-07 17:19:00,C00161,E0052,UPS,Mobile Devices,1,799,,PayPal,Shipped,online,"Unit 3, Building 34",
O000173,2025-12-05 00:25:00,C00645,E0186,Office Chair,,8,4999,,GCash,Returned,Store,"Unit 20, Building 9",Gift order
O000174,2022-08-28 14:58:00,C00253,E0139,Router,Networking,6,14999,0.2, PayPal ,Delivered,Store,627 Mabini St.,Urgent
O000175,2023-09-23 19:32:00,C00446,E0161,,Networking,3,2999,0.2,Credit Card,,Marketplace,"Unit 5, Building 49",Call customer
O000176,2022-05-09 14:36:00,C00469,E0079,Smartphone,Office Furniture,8,499,0.15,PayPal,Cancelled,Marketplace," Unit 7, Building 39 ",Gift order
O000177,2024-11-28 20:21:00,C00300,E0199,Tablet,Office Furniture,10,9999,0.1,Cash,Processing,STORE,826 Quezon St. ,Gift order
O000178,2022-10-13 14:02:00,C00558,E0046,Printer,Office Furniture,5,9999,,Cash,Pending,STORE,587 Bonifacio St.,Call customer
O000179,2025-09-27 17:35:00,C00567,E0089,Desk,,10,7999,0,Bank Transfer,PENDING,,"Unit 19, Building 50",
O000180,2024-01-03 12:18:00,C00681,E0217,UPS,Networking,5,14999,0.15,Cash,Delivered,Online,670 Main St.,
O000181,2022-03-13 00:07:00,C00278,E0236,Printer,Office Furniture ,7,2999,0.03,Bank Transfer,Shipped,STORE,"Unit 12, Building 11",Gift order
O000182,2022-10-18 04:07:00,C00955,E0109,External Drive ,,10,14999,0.05,Credit Card,Returned,Marketplace,"Unit 9, Building 32",Gift order
O000183,2023-09-14 17:18:00,C00099,E0218,Projector,Mobile Devices,6,14999,0.03,Cash,Pending,Marketplace,342 Mabini St.,Deliver after 5PM
O000184,2022-04-26 00:47:00,C00070,E0238,Router,Computer Accessories,3,19999,,PayPal ,Delivered,STORE,"Unit 8, Building 40",
O000185,2025-10-14 10:35:00,C00355,E0036,Router,Electronics,3,14999,,GCash,Shipped,online,69 Main St.,Deliver after 5PM
O000186,2022-07-09 08:28:00,C00366,E0198,Keyboard,Mobile Devices,5,7999,0.03,PayPal,Delivered,STORE,471 RIZAL ST. ,Urgent
O000187,2022-09-13 16:13:00,C00187,E0110,UPS , mobile devices ,2,1499,0.15,Cash,Cancelled,Marketplace,701 Main St.,Call customer
O000188,2024-04-16 10:53:00,C00052,E0026,Webcam,Electronics,6,1499,0.15,PayPal,Shipped,online,"Unit 16, Building 29",Deliver after 5PM
O000189,2024-03-25 18:59:00,C00590,E0066,UPS,Networking,4,1499,0.15,debit card ,Pending,online,234 Bonifacio St.,
O000190,2025-12-22 10:10:00,C00175,E0167,Printer,Mobile Devices,9,14999,0.05,Debit Card,Returned,online,"Unit 15, Building 11",Gift order
O000191,2023-11-04 20:45:00,C00607,E0014, Keyboard,Mobile Devices,9,999,,PayPal,Pending,Marketplace,"Unit 7, Building 41",Gift order
O000192,2022-01-30 10:48:00,C00273,E0204,UPS,Networking,5,1999,,Credit Card,Delivered,Online,85 Rizal St.,Deliver after 5PM
O000193,2023-12-01 13:54:00,C00855,E0138,Monitor,Office Furniture,2,14999,0.1,Cash,Cancelled,,"Unit 4, Building 29",Call customer
O000194,2023-10-09 04:35:00,C00092,E0161,Projector,Mobile Devices,7,14999,0.05,Cash,Delivered,Online,,
O000195,2022-09-06 03:36:00,C00874,E0147,Headset,Office Furniture,2,499,0.03,Credit Card,Pending,,544 MABINI ST. ,
O000196,2024-08-02 06:25:00,C00937,E0113,Monitor,Office Furniture,9,7999,0.03,GCash,Processing,Store,818 Bonifacio St.,Deliver after 5PM
O000197,2023-10-21 13:05:00,C00396,E0211,Desk,Networking,8,19999,,Debit Card, PENDING,Online,"Unit 17, Building 16",Gift order
O000198,2022-02-27 05:34:00,C00182,E0134,Monitor,Office Furniture,,4999,0.05,PayPal,PENDING ,Marketplace,"Unit 11, Building 35",Call customer
O000199,2022-03-29 11:07:00,C00009,E0068,Keyboard,Computer Accessories,,9999,0.03,GCash,Shipped,,278 Quezon St.,Urgent
O000200,2022-02-14 18:26:00,C00940,E0169,Projector,Electronics,7,7999,,Credit Card,Shipped,STORE,"Unit 11, Building 49",Call customer
O000201,2025-01-06 23:57:00,C00658,E0248,Desk,Mobile Devices,8,799,0,Cash,Shipped,Online,208 Mabini St.,Urgent
O000202,2025-01-28 15:28:00,C00780,E0122,,office furniture,9,1499,0.05,Cash,Shipped,,895 Quezon St.,Call customer
O000203,2023-06-26 05:02:00,C00916,E0022, tablet ,Office Furniture,2,19999,0.03,,Returned,, 606 Mabini St.,Deliver after 5PM
O000204,2025-08-10 02:03:00,C00148,E0193,Printer,,10,1999,0.03,PayPal, Delivered ,STORE," UNIT 6, BUILDING 12 ",Call customer
O000205,2022-01-29 08:53:00,C00053,E0010,Mouse,Mobile Devices,3,4999,0.15,PayPal,Pending,Store,560 quezon st. ,Call customer
O000206,2023-04-30 12:57:00,C00598,E0008,Laptop,Networking,3,799,0.15, CASH,Cancelled,Online," unit 7, building 40 ",Urgent
O000207,2022-07-11 03:13:00,C00671,E0100, Headset,Office Furniture,10,499,0,PayPal,Returned,Online,508 Main St.,
O000208,2024-07-20 08:19:00,C00878,E0202,UPS,Computer Accessories,1,999,0.05,Cash, Pending,Marketplace,774 Main St.,Call customer
O000209,2024-07-02 15:56:00,C00641,E0091, office chair ,Networking,10,499,0.2,Debit Card,Pending,,"Unit 12, Building 45",Call customer
O000210,2022-08-18 12:02:00,C00596,E0237,projector ,Office Furniture,2,14999,0.15,GCash,Shipped,online,811 Bonifacio St.,
O000211,2022-01-20 16:33:00,C00841,E0169,Webcam, MOBILE DEVICES,,1999,0.1, CREDIT CARD,Returned,Store,"Unit 5, Building 13",Call customer
O000212,2025-01-11 08:32:00,C00989,E0136,Desk,Networking ,8,499,0.15,Cash,Processing,online,,Urgent
O000213,2023-03-23 00:03:00,C00732,E0104,Headset,Electronics,9,9999,0.2,Cash,Cancelled,STORE,"Unit 9, Building 8",
O000214,2025-04-02 02:24:00,C00760,E0213,Tablet,Mobile Devices,4,999,0.1,PayPal,Pending,STORE,815 Mabini St.,Deliver after 5PM
O000215,2024-05-20 15:16:00,C00996,E0151,Webcam,Computer Accessories,,499,,Cash,Returned,online,"unit 17, building 6",Call customer
O000216,2024-10-23 04:48:00,C00681,E0004,Monitor,Office Furniture,3,499,,Debit Card,Pending,online,"Unit 20, Building 39",
O000217,2023-07-14 12:27:00,C00739,E0005,External Drive, Mobile Devices ,1,799,0.2,Bank Transfer,Shipped,Store,"Unit 5, Building 3",
O000218,2024-10-14 08:44:00,C00422,E0080,Keyboard,Computer Accessories,8,1499,0.03,,shipped,Store,565 Mabini St.,
O000219,2025-07-10 05:50:00,C00118,E0227, laptop ,,,14999,0.1, Cash ,,," UNIT 7, BUILDING 9",Deliver after 5PM
O000220,2024-02-06 00:31:00,C00936,E0250,External Drive,Networking,7,2999,0.2,Debit Card,Processing,online,225 Mabini St.,Call customer
O000221,2023-04-30 00:23:00,C00572,E0247,desk ,Office Furniture,5,7999,0.05,PayPal,Delivered,Store,"Unit 1, Building 33",
O000222,2024-03-04 11:59:00,C00901,E0114,UPS,Mobile Devices,3,999,0.15,Debit Card,Shipped,Online,679 Rizal St.,
O000223,2024-04-25 03:51:00,C00129,E0061,Office Chair,Computer Accessories,9,14999,0.03,Debit Card,Returned,STORE,"Unit 5, Building 6",Gift order
O000224,2023-06-02 19:47:00,C00994,E0103,Smartphone,Office Furniture,3,2999,0,Cash,Pending,STORE,505 Rizal St.,Gift order
O000225,2023-05-26 00:54:00,C00295,E0129,Projector,Computer Accessories,4,1999,,GCash,Cancelled,STORE,24 Quezon St.,
O000226,2022-07-26 01:11:00,C00822,E0186,Keyboard, Electronics ,6,1999,0,PayPal,,Store," UNIT 4, BUILDING 46",Urgent
O000227,2022-08-04 19:28:00,C00827,E0071,Laptop,Computer Accessories,10,14999,0,Bank Transfer,processing,online,781 Bonifacio St.,Gift order
O000228,2022-11-15 11:43:00,C00866,E0163,Headset,Office Furniture,1,9999,0.05,Cash,Pending,online,349 Rizal St.,
O000229,2024-08-25 05:35:00,C00779,E0015,Router,Electronics,9,499,0.15,Cash,Cancelled,Online,798 Bonifacio St.,
O000230,2025-05-05 18:40:00,C00347,E0215,mouse , Electronics ,8,7999,0.1,PayPal,Shipped,online,888 Bonifacio St.,
O000231,2023-08-24 06:51:00,C00125,E0101,tablet,Mobile Devices,4,4999,,Bank Transfer,Returned,online,"Unit 12, Building 5",
O000232,2023-05-19 18:54:00,C00417,E0230,Printer, NETWORKING ,3,799,,Cash,Returned,Marketplace,915 Rizal St.,Urgent
O000233,2025-03-29 04:18:00,C00757,E0109,Tablet,Electronics,9,,0,Debit Card, Pending ,online,"Unit 18, Building 25",Urgent
O000234,2023-04-19 21:55:00,C00334,E0005,Projector,Networking,6,1499,0,Credit Card,Cancelled,Online,"Unit 8, Building 36",
O000235,2022-10-08 17:49:00,C00382,E0196,Tablet,Electronics,8,2999,0.15,Debit Card,Returned,online,165 Rizal St.,Call customer
O000236,2024-06-10 23:53:00,C00453,E0027,Laptop,Electronics,7,7999,0, Bank Transfer ,Returned,,771 Rizal St.,Gift order
O000237,2023-10-14 09:14:00,C00516,E0217,Office Chair,Computer Accessories,3,7999,0.05,Credit Card,Shipped,online,"Unit 13, Building 10 ",
O000238,2024-07-07 13:27:00,C00148,E0123,Monitor,Computer Accessories,1,7999,0.03,Credit Card,Delivered,,142 Mabini St.,Gift order
O000239,2024-10-29 15:38:00,C00606,E0174,Mouse,Computer Accessories,1,1999,0.1,Debit Card,Returned,STORE,"Unit 16, Building 13",Call customer
O000240,2025-05-05 14:27:00,C00462,E0015,Router,Mobile Devices,6,1499,0.1,Bank Transfer,Shipped,online,871 Main St.,Deliver after 5PM
O000241,2023-06-16 04:54:00,C00212,E0047,Laptop,Computer Accessories,4,4999,0.2,Credit Card,Pending,online,851 Mabini St.,
O000242,2024-05-16 05:03:00,C00275,E0215,Webcam,Mobile Devices,3,14999,0.05, Debit Card ,,STORE,878 Rizal St.,Deliver after 5PM
O000243,2025-01-30 00:06:00,C00063,E0109,,Electronics,3,19999,0,Cash,Pending,Store,457 Main St.,Call customer
O000244,2025-04-09 06:13:00,C00230,E0219,Monitor, Networking ,8,999,0.15,Credit Card,Pending,STORE, 34 Quezon St.,Deliver after 5PM
O000245,2023-10-28 03:44:00,C00506,E0047,Webcam,Computer Accessories,10,1499,,Cash,Processing,Online,306 Bonifacio St.,
O000246,2024-05-09 14:25:00,C00365,E0053,Tablet,Mobile Devices,3,7999,0.05,GCash,Delivered,STORE,880 Bonifacio St.,Gift order
O000247,2024-01-15 13:54:00,C00579,E0246,Projector, MOBILE DEVICES ,3,499,0,Debit Card,Processing,Marketplace, 266 Bonifacio St.,Urgent
O000248,2023-02-27 05:00:00,C00825,E0085,Office Chair,Electronics ,6,799,0.2,Debit Card,Returned,Online,"Unit 19, Building 33",Urgent
O000249,2025-07-01 06:48:00,C00607,E0110,,,4,999,0.03,GCash,Cancelled,Store," unit 9, building 49",Deliver after 5PM
O000250,2024-03-15 10:58:00,C00249,E0248,Headset,Electronics,10,14999,0.03,Debit Card,Shipped ,STORE,794 Mabini St.,Call customer
O000251,2025-06-28 03:37:00,C00382,E0060,Router,Networking,7,7999,0.1,Debit Card,Processing,STORE,645 Quezon St.,Urgent
O000252,2025-12-07 00:56:00,C00585,E0152,Keyboard,Mobile Devices,2,7999,0,Debit Card, SHIPPED ,Store,"UNIT 12, BUILDING 1 ",
O000253,2022-08-04 09:15:00,C00144,E0067,Headset,Computer Accessories,9,7999,0.2,PayPal, Processing,,839 Mabini St.,
O000254,2022-01-16 09:49:00,C00589,E0051,Mouse,Computer Accessories,8,499,,GCash,Pending,STORE,"Unit 6, Building 22",
O000255,2023-08-17 13:17:00,C00540,E0136,Mouse,Mobile Devices,6,19999,0.2,PayPal,Processing,Store,"Unit 9, Building 26 ",Call customer
O000256,2023-03-20 20:55:00,C00188,E0223,,Electronics,2,14999,0.03,Debit Card,Returned,online,"Unit 15, Building 12",
O000257,2022-01-27 02:54:00,C00609,E0003,,Networking,4,1999,0.03,PayPal,Processing,Online,"Unit 2, Building 38",Urgent
O000258,2022-05-17 15:53:00,C00087,E0148,Mouse,Computer Accessories,1,1499,, Credit Card ,Pending,Store,392 Main St.,Urgent
O000259,2024-08-02 15:42:00,C00429,E0213,projector ,Computer Accessories,7,1999,0.2,PayPal,,Marketplace,"Unit 6, Building 13",Gift order
O000260,2024-05-21 21:09:00,C00421,E0030,Laptop,Mobile Devices,2,1499,, PAYPAL ,Pending,Marketplace,922 Mabini St.,Gift order
O000261,2024-08-20 21:57:00,C00033,E0109,Projector,Office Furniture,6,7999,,Credit Card,Pending,online," unit 16, building 21 ",Gift order
O000262,2025-06-23 19:36:00,C00225,E0114,Printer, OFFICE FURNITURE ,5,999,0.15,Debit Card,Cancelled,STORE,262 Quezon St.,Call customer
O000263,2023-04-07 12:53:00,C00178,E0051,Webcam,OFFICE FURNITURE,7,9999,0.1,Credit Card,Shipped,Marketplace,"Unit 6, Building 6",Urgent
O000264,2023-10-20 18:38:00,C00438,E0013,Printer,Networking,10,1499,0.2,Debit Card,Cancelled,STORE,269 Mabini St.,Gift order
O000265,2022-06-18 17:48:00,C00696,E0225,Desk,Networking,7,1999,0.03,Cash,Shipped,Online,532 Mabini St.,Urgent
O000266,2024-07-16 15:59:00,C00042,E0179,Headset,Mobile Devices,,799,0.05,Debit Card,Shipped,online,35 Mabini St.,Gift order
O000267,2025-04-27 16:15:00,C00838,E0104,Headset,Electronics,7,7999,0, Credit Card ,Delivered,,"Unit 20, Building 2",Deliver after 5PM
O000268,2024-06-01 10:13:00,C00425,E0053,Printer,Computer Accessories,10,499,0.15,PayPal,Cancelled,online,"Unit 11, Building 2",Urgent
O000269,2022-08-30 22:29:00,C00886,E0103,Smartphone,Electronics,9,4999,0.15, Credit Card ,Processing,,918 Main St.,Deliver after 5PM
O000270,2025-06-14 02:43:00,C00331,E0248,UPS,Computer Accessories,3,7999,0.2,Bank Transfer,Pending,Marketplace," Unit 6, Building 26",Deliver after 5PM
O000271,2025-11-07 21:15:00,C00709,E0005,Monitor,Mobile Devices,4,2999,0.15,Bank Transfer,Delivered,Online,,Call customer
O000272,2025-05-28 16:10:00,C00252,E0208,Laptop,Electronics,9,9999,, GCash,Pending,online,977 Mabini St.,
O000273,2024-12-16 18:55:00,C00595,E0236,Router,MOBILE DEVICES,2,4999,,Cash,Cancelled,online,646 Mabini St.,Deliver after 5PM
O000274,2025-07-12 17:02:00,C00969,E0107,Webcam ,Office Furniture,8,999,0.15,Debit Card,Pending,Online,"Unit 17, Building 33",Urgent
O000275,2025-08-06 20:29:00,C00702,E0029,Router,Networking,2,,0.15,Credit Card,Delivered,Online,571 Main St.,
O000276,2024-07-23 01:40:00,C00276,E0056,Office Chair,Networking,7,1499,0.05,Credit Card,Shipped,,,
O000277,2023-08-28 21:59:00,C00611,E0005,tablet ,,5,999,0.1,GCash,Cancelled,,,Call customer
O000278,2023-05-12 12:20:00,C00262,E0129, external drive ,Office Furniture,1,2999,0.1,Credit Card,Returned,STORE,"Unit 4, Building 23",Urgent
O000279,2024-11-26 11:17:00,C00439,E0010,Desk,Networking,7,999,0.03,GCash,Delivered,Online,"Unit 19, Building 20",
O000280,2022-12-23 04:47:00,C00578,E0159,,Networking,3,14999,0.1,Bank Transfer,Cancelled,Store,194 Mabini St.,
O000281,2025-05-20 23:35:00,C00570,E0132,Headset,Networking,6,9999,0.1,Debit Card,,Online,253 Mabini St.,Call customer
O000282,2025-05-30 07:06:00,C00087,E0040,Keyboard,,10,9999,0.15,Cash,Pending,,716 Quezon St.,Call customer
O000283,2025-08-28 21:14:00,C00210,E0133,External Drive,Office Furniture,5,14999,0, credit card ,Returned,Store,"Unit 10, Building 1",
O000284,2025-08-22 04:03:00,C00437,E0110,Tablet,Electronics,4,2999,0.1,Debit Card,Cancelled,STORE,"Unit 2, Building 42",Urgent
O000285,2022-01-09 02:30:00,C00419,E0026,UPS,Mobile Devices,4,19999,0.1,Bank Transfer,Returned,Marketplace,"Unit 10, Building 16",
O000286,2025-12-26 05:20:00,C00100,E0004,Laptop,Networking,4,7999,0.1, credit card ,Pending,,"Unit 5, Building 45",
O000287,2025-04-10 19:46:00,C00195,E0077, Router,Office Furniture,4,9999,0,Debit Card,Pending,online,"Unit 15, Building 48",Urgent
O000288,2023-10-08 02:59:00,C00074,E0202,Headset,Mobile Devices,8,4999,0.15,debit card ,Cancelled,Online,"unit 13, building 13 ",
O000289,2023-12-07 11:34:00,C00736,E0205,Tablet,Office Furniture,2,2999,0.05, PayPal,,Marketplace,"Unit 8, Building 1",Call customer
O000290,2022-08-29 17:17:00,C00025,E0175,Mouse,Networking,10,9999,0.15,PayPal,Processing,STORE,568 Quezon St.,Deliver after 5PM
O000291,2025-01-11 00:09:00,C00290,E0178,Desk,Computer Accessories,3,14999,0.1,PayPal,Returned,Store,"Unit 20, Building 30",
O000292,2024-10-27 16:57:00,C00495,E0249,Laptop,Electronics,8,499,0.15,PayPal ,Returned,,907 Mabini St.,Urgent
O000293,2024-03-09 12:06:00,C00167,E0205,Desk,Electronics ,9,1999,0.05,Bank Transfer,Returned,Store,"Unit 8, Building 39",Gift order
O000294,2024-09-04 08:23:00,C00885,E0137,Smartphone,Computer Accessories,5,7999,0, credit card,Cancelled,,"Unit 9, Building 27",Gift order
O000295,2022-09-28 13:11:00,C00142,E0192, desk ,Mobile Devices,10,4999,0,Cash,Delivered,Online,339 Main St.,Urgent
O000296,2024-06-07 00:23:00,C00858,E0003,Tablet,,9,19999,0.05,Credit Card, Cancelled,Store,,Call customer
O000297,2023-11-26 05:44:00,C00879,E0029,Tablet,Computer Accessories,6,14999,0.03, cash ,Delivered,online,"Unit 11, Building 17",Deliver after 5PM
O000298,2022-10-08 01:20:00,C00527,E0024,Monitor,Mobile Devices ,10,1999,0.03,PayPal,Processing,Marketplace,781 Mabini St.,Deliver after 5PM
O000299,2025-11-05 11:09:00,C00013,E0061,External Drive,Networking,10,7999,0.1,Debit Card,Pending,Marketplace, 460 Rizal St.,Call customer
O000300,2024-10-29 11:01:00,C00744,E0163,Monitor,Electronics,,19999,0.2,Cash,Delivered,Marketplace,133 Rizal St.,Deliver after 5PM
O000301,2023-10-31 09:28:00,C00219,E0025,Smartphone,Networking,1,4999,0.05,Debit Card,Pending,,"Unit 19, Building 35",
O000302,2023-09-08 22:25:00,C00200,E0226,Office Chair,Networking,7,2999,0.03,PayPal,Delivered,Online,384 Quezon St.,
O000303,2025-11-22 15:54:00,C00103,E0145,Keyboard ,Computer Accessories,9,,0.2,Credit Card,Cancelled,Store,"Unit 7, Building 37",
O000304,2023-01-17 17:58:00,C00386,E0159,Projector,Computer Accessories,4,999,0.1,Bank Transfer,Processing,, 164 RIZAL ST.,Call customer
O000305,2025-11-11 00:04:00,C00301,E0036,Mouse,Networking,4,1499,0.05,GCash,Processing,Online,819 Quezon St.,Call customer
O000306,2025-11-14 10:08:00,C00638,E0018,Mouse, Computer Accessories,1,7999,0.15,Debit Card,Processing,Store,"Unit 5, Building 9",Gift order
O000307,2023-03-24 06:04:00,C00029,E0237,External Drive,Computer Accessories,1,4999,0.1,Cash,Pending,Marketplace,174 Bonifacio St.,
O000308,2022-03-18 20:30:00,C00664,E0223,Desk,Office Furniture,1,999,0.2,Bank Transfer,Processing,Online,863 Quezon St.,Gift order
O000309,2023-01-26 16:42:00,C00274,E0081,Tablet,Mobile Devices,5,4999,0.1,GCash,Cancelled,STORE,"Unit 19, Building 35",Deliver after 5PM
O000310,2022-06-08 08:38:00,C00834,E0081,Laptop,Mobile Devices,7,499,0.05,PayPal,Delivered,online,304 Rizal St.,Call customer
O000311,2024-02-20 03:08:00,C00667,E0020,Smartphone,Electronics,9,14999,,Debit Card,Shipped,Online,"Unit 6, Building 44",
O000312,2022-12-01 04:58:00,C00911,E0238, Smartphone ,Mobile Devices,9,1999,,Cash,Cancelled,Store,"unit 17, building 42 ",Gift order
O000313,2024-12-05 01:24:00,C00479,E0192,Tablet,Office Furniture,4,1999,0.05,PayPal,Delivered,STORE,276 Bonifacio St.,Deliver after 5PM
O000314,2024-06-29 04:12:00,C00086,E0099, Desk ,Office Furniture,1,9999,0.1,PayPal,Shipped,,"Unit 13, Building 21",Call customer
O000315,2024-10-07 11:06:00,C00537,E0115,Office Chair,Networking,8,,0.1,Credit Card,Pending,online,392 Mabini St.,Call customer
O000316,2022-05-21 16:37:00,C00207,E0136,Desk,,5,499,0.03,Credit Card,Delivered,,"Unit 1, Building 16",Deliver after 5PM
O000317,2023-09-03 08:09:00,C00711,E0086,router ,Mobile Devices,9,19999,,Debit Card,Processing,STORE,13 Bonifacio St.,Gift order
O000318,2025-05-06 15:55:00,C00569,E0069,Monitor,Networking,8,999,0.03,,Shipped,online,"Unit 13, Building 49",Deliver after 5PM
O000319,2022-01-30 18:20:00,C00849,E0161,External Drive,Computer Accessories,10,1999,0.15,,Returned,Marketplace,"Unit 8, Building 6",Deliver after 5PM
O000320,2022-10-14 10:33:00,C00233,E0025,Tablet,Networking,1,7999,0,GCash,Shipped,Online,"Unit 3, Building 33",
O000321,2024-12-06 23:10:00,C00328,E0202,Smartphone,Networking,9,9999,0.15, DEBIT CARD,Processing,online," Unit 18, Building 25 ",Deliver after 5PM
O000322,2023-03-06 03:54:00,C00673,E0248,Smartphone,Electronics,1,4999,0.03,GCash,Pending,STORE,"Unit 5, Building 25",Deliver after 5PM
O000323,2023-10-02 13:39:00,C00743,E0037,Mouse,Electronics,1,4999,0.1,GCash,Pending,Store,234 Quezon St.,Gift order
O000324,2023-10-10 08:55:00,C00478,E0115,Tablet, office furniture ,8,499,,Credit Card,Pending,STORE,554 Bonifacio St.,
O000325,2023-12-24 18:04:00,C00624,E0196,Router,Computer Accessories,10,499,0.15,GCash,Shipped,online,421 Rizal St.,
O000326,2024-09-07 12:05:00,C00806,E0171,,Office Furniture,10,4999,0.2,GCash,cancelled,,397 Main St.,
O000327,2025-08-21 15:00:00,C00601,E0034,Mouse,Computer Accessories,7,14999,0.1,Credit Card,Cancelled,Store,"Unit 14, Building 43",Gift order
O000328,2022-04-05 07:45:00,C00883,E0133,External Drive,Computer Accessories,7,7999,0.1,Credit Card,Returned,online,453 Rizal St.,
O000329,2023-03-23 03:20:00,C00927,E0009, Office Chair ,Mobile Devices,1,19999,0.2,PayPal,Shipped,Marketplace, 270 MAIN ST.,
O000330,2025-08-27 22:06:00,C00411,E0138,Headset ,Mobile Devices,4,19999,0.03,paypal ,Delivered,Store,"Unit 9, Building 23",Call customer
O000331,2024-04-23 15:36:00,C00438,E0245,Printer,Electronics,1,1499,,Credit Card,Delivered,online,"Unit 4, Building 23",
O000332,2022-11-25 19:58:00,C00793,E0191,Mouse,Computer Accessories,8,1499,0.15,Cash,Shipped,,312 Rizal St.,Gift order
O000333,2024-02-03 02:35:00,C00970,E0120,UPS,Office Furniture,9,1499,0,Bank Transfer, Delivered,STORE,366 Bonifacio St.,Gift order
O000334,2023-07-03 23:59:00,C00972,E0042,UPS ,Mobile Devices,2,,0,PayPal,Shipped,Online,"Unit 9, Building 43",
O000335,2025-12-15 18:16:00,C00132,E0152,External Drive,Computer Accessories,4,7999,0.2,Debit Card,Processing,Online,"Unit 14, Building 41",
O000336,2022-03-02 18:46:00,C00387,E0116,Headset,Networking,7,999,0.1,,Shipped,Store,285 Rizal St. ,Deliver after 5PM
O000337,2025-04-20 17:02:00,C00367,E0159,,Networking,8,4999,0.1, GCASH,Pending,Online," UNIT 7, BUILDING 16 ",Call customer
O000338,2022-10-14 12:52:00,C00224,E0018,Tablet,Office Furniture,9,4999,0.1,PayPal,Cancelled,Marketplace,"Unit 6, Building 32",Call customer
O000339,2022-07-09 09:38:00,C00821,E0086, office chair,Office Furniture,4,9999,0.2,PayPal,Cancelled,Store,185 Bonifacio St.,Urgent
O000340,2023-04-24 02:16:00,C00704,E0124,Printer, Computer Accessories ,5,4999,0.05,GCash,Cancelled,Marketplace,219 Main St.,Deliver after 5PM
O000341,2023-10-22 09:15:00,C00542,E0206,Office Chair, electronics ,7,4999,0.2,Debit Card,Pending,Online," Unit 14, Building 31",Gift order
O000342,2025-01-28 02:35:00,C00434,E0078,Keyboard,Networking,1,14999,0.05,Bank Transfer,Returned,Store,885 Quezon St.,
O000343,2022-05-28 11:16:00,C00190,E0246,Webcam,Office Furniture,1,4999,0,PayPal,,Marketplace, 938 rizal st. ,
O000344,2022-07-31 10:04:00,C00412,E0109,UPS, Mobile Devices ,10,14999,,CASH,Processing,Online,382 quezon st. ,
O000345,2022-08-22 06:16:00,C00179,E0094,Keyboard,Electronics,4,1499,0.2,Credit Card,Cancelled,online,696 Mabini St.,Deliver after 5PM
O000346,2024-03-29 09:49:00,C00598,E0132,Desk, Office Furniture,10,,0.05,Debit Card,Delivered,online," Unit 9, Building 43 ",Gift order
O000347,2022-07-08 10:44:00,C00274,E0125,External Drive,Computer Accessories,7,2999,0,Credit Card, cancelled ,online,"Unit 8, Building 16",
O000348,2024-01-30 05:18:00,C00347,E0054,Webcam,Networking,5,4999,0.03,GCash,Returned,Marketplace,208 Quezon St.,Call customer
O000349,2024-08-30 02:10:00,C00332,E0070,Mouse,Office Furniture,7,1499,0.03,Debit Card,Delivered,STORE,27 Quezon St.,Gift order
O000350,2025-04-23 20:15:00,C00230,E0173,WEBCAM, NETWORKING ,9,19999,,Credit Card,Delivered,Online,"Unit 9, Building 35",Deliver after 5PM
O000351,2025-12-28 00:35:00,C00293,E0102,External Drive,Office Furniture,7,1999,0,Bank Transfer,Shipped,Store,"Unit 6, Building 25",Gift order
O000352,2023-02-25 06:38:00,C00012,E0056,Desk,Office Furniture,3,14999,0.05, paypal ,Delivered,STORE,"Unit 20, Building 27",
O000353,2024-04-23 21:56:00,C00979,E0100,Monitor,Electronics,4,2999,0,PayPal,Cancelled,STORE,35 Main St.,Call customer
O000354,2023-03-18 15:58:00,C00547,E0204,Monitor,Mobile Devices,8,19999,0.05,PayPal, RETURNED,Online,76 Mabini St.,Call customer
O000355,2025-03-30 20:45:00,C00916,E0234,Laptop,Networking,1,499,0.03,Bank Transfer,Pending,Online,898 Bonifacio St.,
O000356,2023-02-15 08:32:00,C00215,E0082, MOUSE,Electronics,5,9999,0, gcash , delivered ,Store,"Unit 4, Building 38",
O000357,2022-10-05 09:57:00,C00095,E0031,Keyboard,Networking,3,9999,0.05,Debit Card,Delivered,Online,"Unit 7, Building 28",Call customer
O000358,2024-10-02 12:18:00,C00039,E0236,Smartphone,Mobile Devices,4,14999,0,PayPal,Pending,Marketplace,"Unit 5, Building 8",
O000359,2022-06-05 22:15:00,C00989,E0170,Keyboard,Networking,4,2999,0.1,Debit Card,Shipped,Online,"Unit 12, Building 19",
O000360,2025-12-20 14:37:00,C00437,E0100,Tablet,Mobile Devices,10,1999,0.05,GCash,PENDING,Marketplace,"Unit 12, Building 43",Call customer
O000361,2024-10-30 09:56:00,C00414,E0035,External Drive,Networking,8,19999,0.1,Debit Card,Pending,," Unit 10, Building 42",Gift order
O000362,2024-11-08 20:26:00,C00828,E0027,,Networking,5,499,,GCASH, Delivered ,Store,"Unit 4, Building 8",
O000363,2022-11-27 04:14:00,C00549,E0072,Headset,Computer Accessories,3,999,0,Debit Card,Cancelled,Online,"Unit 3, Building 3",
O000364,2023-04-13 11:56:00,C00969,E0199,Office Chair,Networking,2,1499,,Credit Card,Cancelled,Online,"Unit 10, Building 8",Deliver after 5PM
O000365,2022-03-25 19:48:00,C00075,E0007,UPS,Mobile Devices,4,499,,PayPal,Processing,STORE,341 Rizal St.,Call customer
O000366,2023-08-13 15:35:00,C00657,E0131,Smartphone,Mobile Devices,5,19999,0,Bank Transfer,Shipped,STORE,658 Main St.,
O000367,2023-03-31 21:39:00,C00015,E0082,Projector,Office Furniture,5,1499,0.15,Bank Transfer,Cancelled,,"Unit 18, Building 49 ",Gift order
O000368,2025-05-19 13:36:00,C00557,E0110,Laptop,Electronics,5,2999,,Bank Transfer,Processing,Marketplace,"Unit 2, Building 6",Gift order
O000369,2024-04-28 02:59:00,C00144,E0092,Mouse,Mobile Devices,9,799,0,Bank Transfer,Cancelled,,"Unit 10, Building 18",Gift order
O000370,2023-01-05 10:51:00,C00923,E0065,Keyboard,,9,1999,0.03,Cash,Delivered,Marketplace,"Unit 11, Building 16",Call customer
O000371,2024-12-30 10:20:00,C00829,E0097, Laptop ,Computer Accessories,10,499,0.15,Credit Card,Processing,Marketplace,692 Bonifacio St.,
O000372,2023-10-22 20:34:00,C00144,E0155,Desk,Mobile Devices,9,4999,, Bank Transfer, Cancelled ,online,"Unit 6, Building 8",Deliver after 5PM
O000373,2022-12-27 12:24:00,C00364,E0193,Laptop,Electronics,8,499,, GCash,,Store, 47 QUEZON ST. ,Urgent
O000374,2024-09-29 19:31:00,C00596,E0166,Office Chair,Networking ,1,,0.2,PayPal,Returned,STORE,,Gift order
O000375,2025-04-01 19:51:00,C00824,E0056,Keyboard,Electronics,4,499,0.2,PayPal,Delivered,STORE,"Unit 10, Building 22",
O000376,2023-08-13 07:28:00,C00630,E0180, UPS ,Networking,10,1999,0.2, DEBIT CARD,DELIVERED,,664 Mabini St.,
O000377,2025-07-03 01:09:00,C00697,E0238,,Networking,2,19999,0.15,Credit Card,Processing ,Marketplace,"Unit 3, Building 9",Deliver after 5PM
O000378,2023-08-06 20:32:00,C00621,E0080,,Electronics,4,7999,0.03,Credit Card,Shipped,Store,584 Bonifacio St.,
O000379,2025-11-29 02:13:00,C00390,E0098,Tablet,Networking,7,2999,,GCash,Pending,STORE,207 Quezon St.,Call customer
O000380,2023-03-07 16:08:00,C00824,E0091,Keyboard,Networking,2,1999,0.1,Bank Transfer,Processing,Marketplace,"Unit 16, Building 12",Call customer
O000381,2023-03-28 07:31:00,C00421,E0067,Webcam,Office Furniture,7,2999,0.1,Credit Card,Returned,Online,23 Mabini St.,Gift order
O000382,2025-03-30 04:36:00,C00839,E0173,Laptop,Computer Accessories,7,9999,0.03,Bank Transfer,Processing,Store,"Unit 1, Building 40",Urgent
O000383,2023-06-12 21:56:00,C00802,E0169,Office Chair, Computer Accessories,2,999,,Bank Transfer,Returned,,"Unit 10, Building 23",Gift order
O000384,2022-10-08 11:07:00,C00666,E0157, Webcam,Computer Accessories,5,,0.03,Credit Card,Returned,,58 Bonifacio St.,Gift order
O000385,2024-09-26 12:49:00,C00144,E0218,Projector,Mobile Devices,1,4999,0.2,Cash,,Online,"Unit 10, Building 33",Deliver after 5PM
O000386,2023-02-21 06:48:00,C00522,E0043,Router,Networking,8,,,PayPal,Returned,Online,"Unit 9, Building 39",Deliver after 5PM
O000387,2022-09-30 00:35:00,C00193,E0038,Printer,Electronics,5,14999,,Credit Card,Returned,Online,"UNIT 11, BUILDING 19",
O000388,2025-08-08 01:34:00,C00746,E0189,Laptop, ELECTRONICS ,4,9999,,Bank Transfer, SHIPPED,,106 Mabini St.,Gift order
O000389,2023-10-17 11:32:00,C00529,E0239,Office Chair, networking ,1,14999,0.1,Cash,cancelled,online,919 Bonifacio St.,
O000390,2024-06-11 02:06:00,C00116,E0022,Tablet,Networking,7,4999,0.1,GCash,Cancelled,Store,164 Quezon St.,
O000391,2023-11-13 17:13:00,C00433,E0084,Headset,Mobile Devices,5,2999,0.05,Debit Card,Processing,STORE,789 Bonifacio St.,
O000392,2022-10-18 03:29:00,C00834,E0069,UPS,Mobile Devices,6,9999,0.15,,,STORE,350 Rizal St.,Gift order
O000393,2024-05-30 18:35:00,C00728,E0016,Keyboard,Mobile Devices,5,2999,0.2,Debit Card,,STORE,"Unit 1, Building 35 ",Gift order
O000394,2023-04-04 17:55:00,C00119,E0031,UPS, Office Furniture,8,7999,,PayPal,Delivered,STORE,63 main st. ,Urgent
O000395,2023-08-28 21:18:00,C00709,E0170,Headset,Electronics,1,2999,,PayPal,Pending,STORE,"Unit 4, Building 25",Gift order
O000396,2023-12-18 12:25:00,C00387,E0135,Projector,Office Furniture,7,1999,0.2,,Returned,Store,"Unit 5, Building 44",Call customer
O000397,2023-02-06 14:39:00,C00639,E0181,Laptop,Office Furniture,3,799,0.03,Bank Transfer, DELIVERED,Online,85 MABINI ST. ,
O000398,2022-03-04 16:02:00,C00865,E0120,UPS,Networking,6,9999,0.05,Credit Card,Shipped,, 212 mabini st. ,Call customer
O000399,2024-02-27 07:57:00,C00246,E0208,, computer accessories ,7,19999,,PayPal,Shipped ,STORE,"Unit 19, Building 11",Call customer
O000400,2022-01-06 01:51:00,C00683,E0192,Desk,OFFICE FURNITURE ,1,9999,0.05,Credit Card,Pending,,"Unit 7, Building 16",
O000401,2023-03-21 12:38:00,C00604,E0014,Webcam,Mobile Devices,1,799,0,GCash,Pending,Marketplace,875 Bonifacio St.,Call customer
O000402,2022-05-13 10:34:00,C00051,E0237,Printer,Networking,3,14999,0.03,Cash,Delivered,STORE,939 Main St.,
O000403,2025-07-24 13:33:00,C00788,E0118,,Office Furniture,10,1999,0.05,credit card ,Shipped,Store,"Unit 1, Building 40",Urgent
O000404,2025-05-23 14:39:00,C00316,E0036,Smartphone,Computer Accessories,3,799,0.2,Bank Transfer,Shipped,,"Unit 16, Building 28",
O000405,2024-11-08 15:30:00,C00443,E0140,Webcam,,9,9999,0.03,PayPal,Returned ,Store,"Unit 14, Building 28",
O000406,2024-11-20 00:36:00,C00333,E0044,Keyboard,Mobile Devices,8,19999,,PayPal,,Marketplace, 595 Bonifacio St. ,Gift order
O000407,2022-11-08 13:20:00,C00379,E0246,Router,,,1999,0.15,Cash, Shipped,online,338 Quezon St.,Urgent
O000408,2025-04-23 11:55:00,C00862,E0079,Webcam,Electronics,2,9999,0,Debit Card,Pending,Store,269 Mabini St.,Gift order
O000409,2025-02-23 15:22:00,C00604,E0051,Laptop ,electronics ,1,,0.03,Debit Card ,Returned,Marketplace,153 Rizal St.,Urgent
O000410,2022-09-01 20:35:00,C00201,E0006,Keyboard,Computer Accessories,,499,0.2,PayPal,Processing,STORE,"Unit 8, Building 31",
O000411,2023-10-31 15:56:00,C00377,E0231,Desk,Networking,5,1999,0.15,PayPal,Delivered,Marketplace,662 Mabini St.,
O000412,2022-05-15 08:24:00,C00527,E0051,Smartphone,Office Furniture,9,9999,,Debit Card,Processing,Marketplace,671 Bonifacio St.,Gift order
O000413,2023-03-19 13:25:00,C00831,E0118,Headset,,9,2999,0.2,GCash,Shipped,,"Unit 18, Building 14",
O000414,2024-05-31 19:44:00,C00327,E0205,Laptop,Electronics,,2999,0.05,GCash,Delivered ,Store,288 Rizal St.,
O000415,2024-08-15 14:14:00,C00683,E0161,,Mobile Devices,3,14999,0.05,Cash,Shipped,Marketplace,113 Mabini St.,
O000416,2022-01-10 09:21:00,C00143,E0233,Headset,Computer Accessories,9,799,0,Bank Transfer,Shipped,Online,"Unit 8, Building 43",Call customer
O000417,2022-12-08 12:22:00,C00928,E0047,External Drive,Electronics,5,999,0.1,GCash,Processing,STORE,"Unit 12, Building 19",Call customer
O000418,2025-07-18 13:02:00,C00682,E0231,UPS,Office Furniture,2,14999,0.1,PayPal,Delivered,online,139 Quezon St.,Urgent
O000419,2023-05-22 14:16:00,C00987,E0109,Router,Computer Accessories,3,799,0.05,Debit Card,Processing,Online,"Unit 17, Building 8",
O000420,2025-04-21 19:59:00,C00021,E0203,Projector,Mobile Devices,10,1499,0.03,Cash,Delivered,Marketplace,344 Main St.,Urgent
O000421,2025-10-18 22:46:00,C00221,E0072,External Drive,Mobile Devices,4,19999,,GCash,Shipped,Online,674 Mabini St.,Urgent
O000422,2024-03-31 09:23:00,C00262,E0034,Headset,Office Furniture,9,999,0.03,Bank Transfer ,Shipped,Online,767 Mabini St.,
O000423,2023-02-20 20:19:00,C00703,E0168,Projector ,Electronics,10,2999,0,Cash,Delivered,online,620 Rizal St.,Urgent
O000424,2022-11-28 16:07:00,C00516,E0126,Mouse,Computer Accessories ,3,19999,0.2,GCash,Shipped,,472 Quezon St.,Deliver after 5PM
O000425,2024-11-18 21:28:00,C00634,E0216, router ,,8,19999,0.2,,Returned,STORE,250 Bonifacio St.,
O000426,2023-09-27 20:22:00,C00407,E0013,Mouse,Electronics,3,14999,,GCash,Processing,,707 Quezon St.,
O000427,2022-10-27 07:50:00,C00563,E0171,Keyboard, electronics ,9,799,, bank transfer ,Processing,STORE,174 Mabini St.,
O000428,2023-02-08 21:46:00,C00426,E0216,Laptop,Mobile Devices,9,799,0.03, paypal ,Delivered,online,"Unit 19, Building 46",Gift order
O000429,2024-09-14 05:02:00,C00800,E0013,Headset, Networking,6,999,0,Cash,Returned,STORE,,Call customer
O000430,2022-06-15 03:56:00,C00266,E0240,Office Chair, Networking ,2,14999,0.05,Cash,Delivered,Online,242 Quezon St.,
O000431,2024-10-23 16:26:00,C00760,E0103,External Drive,Networking,7,1499,0.03,Cash,Delivered,Online,"Unit 17, Building 31",
O000432,2022-12-06 23:08:00,C00181,E0127,Desk,,7,799,0.1,PayPal ,Pending,Store,"Unit 12, Building 12",
O000433,2025-05-15 12:34:00,C00398,E0081,Desk,Mobile Devices,4,4999,0.05,GCash,Pending,STORE,"Unit 1, Building 2",Gift order
O000434,2025-10-30 19:58:00,C00591,E0250,Keyboard,Computer Accessories,7,1499,0.05,PayPal,Cancelled ,Online," unit 20, building 15",
O000435,2022-10-25 18:06:00,C00128,E0133,,Mobile Devices,8,999,0.1,Bank Transfer,Delivered,online,"Unit 17, Building 42",Gift order
O000436,2023-08-07 18:39:00,C00110,E0126,Monitor ,Office Furniture,10,499,0.03,Debit Card,Pending,STORE,679 Main St.,
O000437,2025-11-03 22:20:00,C00473,E0245,Office Chair,Networking,2,4999,0.15,PayPal,delivered ,STORE,520 Main St.,
O000438,2025-12-26 18:41:00,C00049,E0030,External Drive,Electronics,1,4999,0.2,Bank Transfer,Shipped ,online,228 rizal st. ,
O000439,2022-04-03 09:44:00,C00303,E0096,Webcam,Mobile Devices,4,7999,0.2,PayPal,Processing,STORE,"Unit 5, Building 31",Urgent
O000440,2025-05-21 20:09:00,C00615,E0180,Router,Office Furniture,6,799,,Bank Transfer,Pending,Store,724 Rizal St.,Gift order
O000441,2023-04-23 18:38:00,C00258,E0082,MOUSE,Electronics,5,799,0.15,Bank Transfer,Cancelled,Marketplace,"Unit 2, Building 42",Call customer
O000442,2024-01-13 18:34:00,C00888,E0046,ROUTER ,Electronics,5,499,0.15, gcash,Processing,online,"Unit 5, Building 8",
O000443,2023-08-25 00:45:00,C00872,E0242,printer,Computer Accessories,5,999,0.2,Cash, Processing ,Online,"Unit 4, Building 42",Urgent
O000444,2023-08-31 17:55:00,C00287,E0063,External Drive,,3,19999,0.2,GCash,Delivered,Online,121 Bonifacio St.,Gift order
O000445,2023-07-16 00:39:00,C00553,E0159, ROUTER ,Computer Accessories,5,799,0.15,Debit Card,Returned,Online,,Urgent
O000446,2023-10-14 12:20:00,C00980,E0045,Mouse,Networking,3,14999,0.2,PayPal,Delivered,Store,"UNIT 8, BUILDING 15",Deliver after 5PM
O000447,2023-01-28 19:43:00,C00153,E0076,Laptop,Computer Accessories,4,1999,,Credit Card,Processing,Marketplace,691 Bonifacio St.,Call customer
O000448,2023-03-04 15:23:00,C00520,E0112,External Drive, Office Furniture,7,4999,0,Bank Transfer,Processing,Marketplace,"Unit 9, Building 14",
O000449,2025-03-28 11:10:00,C00864,E0162,,Mobile Devices,9,14999,0.1,GCash,Delivered,Store,"Unit 4, Building 31",Call customer
O000450,2024-07-26 03:51:00,C00349,E0071,Keyboard,Networking,4,499,0.15,Debit Card,Returned,,"Unit 17, Building 28",Deliver after 5PM
O000451,2025-06-05 18:16:00,C00023,E0224,Projector,Networking,7,799,0.2,Cash,Cancelled,Online,"Unit 7, Building 34",
O000452,2024-07-06 03:21:00,C00347,E0020,Webcam,Networking,6,4999,0.2, PAYPAL,Returned,Store,"Unit 12, Building 40",Call customer
O000453,2022-02-08 08:20:00,C00972,E0059,Headset,Electronics,6,4999,,Credit Card,delivered ,Marketplace,821 Quezon St.,Call customer
O000454,2022-04-25 21:54:00,C00896,E0213,Printer,Electronics,6,7999,0.1,Credit Card,Shipped,,"Unit 2, Building 43",Deliver after 5PM
O000455,2023-12-20 07:01:00,C00592,E0097,Tablet,Mobile Devices,1,799,0.15,Cash,Returned,Marketplace,"Unit 15, Building 23",
O000456,2023-03-19 12:20:00,C00697,E0073,Mouse,Office Furniture,1,1499,0.05,GCash,Returned,Store,108 Bonifacio St.,Call customer
O000457,2024-06-19 21:26:00,C00309,E0072,Projector,Networking,1,7999,0.1,Credit Card,Processing,online,456 Bonifacio St.,Deliver after 5PM
O000458,2025-05-24 15:52:00,C00246,E0241,Printer, Office Furniture ,8,2999,0.2,PayPal,Shipped,Online,"Unit 16, Building 25",Gift order
O000459,2023-07-31 00:16:00,C00612,E0114,Office Chair,electronics,1,7999,0.05,credit card,Pending,Marketplace,"Unit 14, Building 24",Deliver after 5PM
O000460,2022-11-04 07:47:00,C00671,E0169,Desk,Office Furniture,6,1499,0.05,Credit Card,Processing,online,,Deliver after 5PM
O000461,2022-06-11 02:03:00,C00432,E0020,Monitor,Mobile Devices,5,14999,,GCash,Shipped,Online,561 Main St.,Gift order
O000462,2023-07-21 12:27:00,C00659,E0196,Smartphone,Networking,5,7999,0.15,Debit Card,Returned,online,688 Quezon St.,
O000463,2022-09-30 11:25:00,C00283,E0184,Keyboard,,,2999,0,Credit Card,Processing,Marketplace,"Unit 11, Building 18",Deliver after 5PM
O000464,2024-12-31 13:11:00,C00545,E0100, DESK ,Mobile Devices,2,1999,0,Cash,Returned,Marketplace,"Unit 15, Building 20",
O000465,2023-01-20 10:38:00,C00171,E0235,Router,Mobile Devices,2,499,0.2,Credit Card,Pending,,"Unit 14, Building 20",
O000466,2023-02-22 02:13:00,C00527,E0096,Mouse,Networking,2,,0.05,GCash,Shipped,STORE,959 Bonifacio St.,Gift order
O000467,2025-02-01 19:20:00,C00908,E0174,External Drive,Computer Accessories,10,499,0.2,GCash,Shipped,STORE,"Unit 13, Building 30",Urgent
O000468,2023-03-17 17:13:00,C00094,E0141,UPS,Electronics,10,1499,0.15,Credit Card,Pending,online,194 Mabini St.,Urgent
O000469,2022-07-30 22:38:00,C00868,E0014,Projector,Electronics ,10,7999,,Credit Card,Pending,online,"Unit 8, Building 6",Call customer
O000470,2024-01-13 06:54:00,C00304,E0003,Headset,Electronics,6,1499,0.05,Cash,Cancelled,,"Unit 20, Building 36",Call customer
O000471,2023-10-17 14:26:00,C00802,E0143,Router,Mobile Devices,4,1999,0,Credit Card,Cancelled,STORE,"Unit 5, Building 4",
O000472,2025-06-19 23:51:00,C00390,E0177,TABLET,Mobile Devices,7,799,0.2,Credit Card,Processing,Online, 415 Bonifacio St.,Call customer
O000473,2025-07-30 12:10:00,C00542,E0050,Smartphone,Mobile Devices,10,14999,0, PAYPAL ,Returned,,945 Mabini St.,Gift order
O000474,2022-04-11 22:12:00,C00274,E0144,Office Chair,Computer Accessories,1,499,,Credit Card, Pending ,Store,923 Main St.,Urgent
O000475,2025-07-17 16:25:00,C00187,E0068,Laptop,Office Furniture,1,1999,,Bank Transfer,Delivered,STORE,990 Mabini St.,
O000476,2025-07-23 16:46:00,C00037,E0025,UPS,Office Furniture,6,4999,0.03,Credit Card,Cancelled,STORE,"Unit 15, Building 47",
O000477,2025-06-10 19:53:00,C00132,E0227,UPS,Electronics,4,4999,0.2,Credit Card,Pending,online,"Unit 9, Building 43",
O000478,2025-03-28 19:00:00,C00263,E0220,Webcam,Office Furniture,1,1499,0.2,GCash ,Pending,Online,266 Quezon St.,Urgent
O000479,2023-09-23 14:08:00,C00486,E0056,smartphone ,Networking,10,2999,0.1,GCash,Cancelled,online,"Unit 14, Building 22",Urgent
O000480,2025-04-29 05:23:00,C00923,E0001,External Drive,Mobile Devices,3,999,0.15,Credit Card,Pending,STORE,"Unit 14, Building 35",Gift order
O000481,2024-09-20 13:40:00,C00565,E0057,Headset,Office Furniture,1,14999,,GCash, PROCESSING,Marketplace,919 Mabini St.,
O000482,2025-06-29 15:17:00,C00299,E0249,Webcam,Computer Accessories,5,799,0.2,Debit Card,Returned,STORE,"Unit 14, Building 17",Deliver after 5PM
O000483,2024-04-12 11:50:00,C00413,E0113,Webcam,Computer Accessories,6,19999,0.15,Cash,Pending,Store,360 Bonifacio St.,Urgent
O000484,2022-03-19 02:48:00,C00149,E0033,Webcam,Mobile Devices,10,7999,0.05,Credit Card,Returned,online,"Unit 18, Building 4",
O000485,2022-04-11 02:51:00,C00567,E0002,Monitor,Office Furniture,,1999,0.05,Bank Transfer,Shipped,STORE,"Unit 16, Building 7",Call customer
O000486,2024-05-03 00:22:00,C00877,E0069,UPS,Networking,3,4999,0.1,Credit Card,Pending,,212 quezon st.,Call customer
O000487,2024-04-17 14:47:00,C00901,E0226,Office Chair,Computer Accessories,9,2999,0,Cash,Delivered,Marketplace," Unit 3, Building 11",Call customer
O000488,2024-03-25 15:41:00,C00853,E0006,Projector,office furniture,,4999,,Cash,Pending,Marketplace,"Unit 5, Building 37",Call customer
O000489,2025-05-22 05:21:00,C00690,E0195,Mouse,Office Furniture,7,1999,,Bank Transfer,Delivered,online,,Call customer
O000490,2023-09-13 23:39:00,C00674,E0127,Monitor,Networking,5,1499,0.1,Credit Card,,STORE,"Unit 2, Building 32",
O000491,2023-05-09 09:55:00,C00680,E0013, Monitor ,Networking,4,2999,0,Debit Card,Shipped,Online,839 Mabini St. ,Deliver after 5PM
O000492,2023-11-21 12:16:00,C00317,E0025,Desk,Office Furniture,6,1999,0.1,GCash,Processing,Store,550 Mabini St.,
O000493,2025-04-07 11:31:00,C00419,E0104,Laptop,Office Furniture,5,7999,0.2,Cash, Delivered,,310 Quezon St.,Call customer
O000494,2024-03-31 18:28:00,C00826,E0211,Router, Office Furniture ,5,7999,,Debit Card,Cancelled,online," UNIT 12, BUILDING 46",
O000495,2022-02-09 02:29:00,C00768,E0010,Desk,Office Furniture,1,19999,0.1,Bank Transfer,Returned,STORE,321 mabini st.,
O000496,2025-01-30 18:27:00,C00246,E0095,UPS,Office Furniture,4,2999,0.1,GCash,DELIVERED ,Online,991 Rizal St.,Deliver after 5PM
O000497,2022-01-15 02:17:00,C00651,E0080,Tablet,Networking,10,7999,0.1,Credit Card,Returned,STORE,"Unit 3, Building 45",
O000498,2023-02-06 22:49:00,C00793,E0161,Desk,Mobile Devices,1,7999,0.05,Bank Transfer,Cancelled ,,"Unit 16, Building 38",
O000499,2022-10-17 16:55:00,C00130,E0173,Keyboard, computer accessories,7,4999,, BANK TRANSFER,Cancelled,Store,"Unit 20, Building 20",Call customer
O000500,2024-07-13 08:40:00,C00839,E0082,Printer,ELECTRONICS,7,2999,0.2,PayPal,Processing,online," Unit 1, Building 44",
O000501,2025-01-10 03:44:00,C00798,E0230,Printer,Electronics,8,4999,0.15, PayPal ,Returned,Store, 249 Mabini St.,Gift order
O000502,2022-01-24 06:00:00,C00587,E0003,Desk,Networking,7,1999,0.2,GCash,Delivered,,"Unit 1, Building 31",
O000503,2022-05-15 20:26:00,C00529,E0102,WEBCAM,computer accessories ,8,999,,Debit Card,Delivered,online,479 Mabini St.,Call customer
O000504,2025-11-03 07:38:00,C00737,E0182,External Drive,Electronics,7,1999,0.15,Credit Card,Returned,, 985 Bonifacio St.,Deliver after 5PM
O000505,2025-03-21 03:12:00,C00284,E0045,Monitor,COMPUTER ACCESSORIES,3,14999,0.1,Debit Card,Delivered,Store,179 Main St.,Deliver after 5PM
O000506,2024-07-21 11:50:00,C00204,E0198,Office Chair,Mobile Devices,1,999,0.03,Credit Card,Cancelled,Online,"Unit 15, Building 16",Gift order
O000507,2023-09-30 10:58:00,C00027,E0225,Keyboard, office furniture,10,1499,0,Credit Card ,Returned,online,"Unit 1, Building 15",Deliver after 5PM
O000508,2024-07-18 03:31:00,C00421,E0129,Headset,Mobile Devices,2,7999,0.05,Credit Card,Returned,Marketplace,96 Quezon St.,
O000509,2025-02-11 18:20:00,C00465,E0196,Projector,Networking,8,4999,0.15,Bank Transfer,Pending,Store,"Unit 19, Building 46",
O000510,2023-04-23 02:40:00,C00811,E0108,Router,Networking,4,499,0.15,Bank Transfer,Shipped,Marketplace,"Unit 10, Building 35",
O000511,2025-04-16 09:44:00,C00021,E0220,Office Chair,Computer Accessories,4,799,0.1,Bank Transfer,Cancelled,Marketplace,"Unit 10, Building 31",
O000512,2022-08-09 01:30:00,C00762,E0090,Desk,Computer Accessories,7,1999,0.2, Bank Transfer,Shipped,Marketplace,966 Main St.,Call customer
O000513,2025-11-04 12:33:00,C00747,E0153,Keyboard,networking,7,499,0.15, bank transfer ,Delivered,Marketplace," Unit 7, Building 37 ",Urgent
O000514,2024-06-28 02:42:00,C00134,E0142,Tablet,Computer Accessories,1,7999,0,Cash,Returned,Marketplace,207 RIZAL ST.,Call customer
O000515,2023-07-28 12:01:00,C00233,E0175,,Mobile Devices,1,4999,0.2,Credit Card,Delivered,online, 331 Rizal St. ,
O000516,2022-03-09 12:55:00,C00970,E0088,mouse,Mobile Devices,9,9999,, Debit Card ,Processing,Online,"Unit 15, Building 27",Call customer
O000517,2023-11-14 00:30:00,C00029,E0174,keyboard ,Computer Accessories,9,9999,0.1,bank transfer,Shipped,online,945 Rizal St.,Gift order
O000518,2025-03-04 16:49:00,C00258,E0206,Keyboard,Mobile Devices,9,7999,0,Bank Transfer ,Returned,Marketplace,308 Main St.,Urgent
O000519,2025-01-14 17:32:00,C00540,E0125,Printer, Electronics,1,499,0.03,PayPal, pending ,Marketplace,"Unit 9, Building 34",
O000520,2025-11-26 02:03:00,C00758,E0005,EXTERNAL DRIVE,Office Furniture,7,4999,0.2,Cash,Returned,online,548 Mabini St.,Deliver after 5PM
O000521,2024-02-02 16:31:00,C00437,E0013, EXTERNAL DRIVE, Computer Accessories ,9,1499,0,PayPal,Cancelled,STORE," UNIT 1, BUILDING 7",Gift order
O000522,2025-10-02 04:01:00,C00576,E0040,Webcam, Office Furniture ,6,799,,GCash,Pending,STORE,"Unit 16, Building 38",Deliver after 5PM
O000523,2022-07-31 10:34:00,C00619,E0166,headset,Networking,6,799,,Bank Transfer,Pending,Marketplace,"Unit 10, Building 36",Deliver after 5PM
O000524,2024-04-23 05:24:00,C00072,E0046,Printer,Networking,10,799,0.2,Credit Card,Returned,online,492 Rizal St.,Urgent
O000525,2025-07-13 10:55:00,C00386,E0093,Headset,Office Furniture,8,9999,,GCash,RETURNED ,Store," Unit 1, Building 42",
O000526,2025-07-07 00:46:00,C00495,E0059,Headset,Office Furniture,5,499,0.05,Bank Transfer,Returned,Store,375 Mabini St.,Deliver after 5PM
O000527,2023-04-18 01:38:00,C00341,E0038,Headset,Electronics,5,19999,0.2,Credit Card,Delivered,Online,265 Quezon St.,
O000528,2022-05-15 16:17:00,C00280,E0115,External Drive,Computer Accessories,4,1499,0.2,PayPal,Returned,STORE,428 Quezon St.,Urgent
O000529,2025-05-03 00:50:00,C00242,E0104,,Computer Accessories,7,999,,PayPal,Pending,online,417 Main St.,Gift order
O000530,2023-05-26 23:45:00,C00181,E0165,Mouse,Electronics,5,19999,0.05,Bank Transfer,Shipped,Store,"Unit 10, Building 15",Call customer
O000531,2023-10-17 06:47:00,C00228,E0086,Headset, MOBILE DEVICES ,3,2999,0.2,Debit Card,Returned,,"Unit 6, Building 15",Urgent
O000532,2022-11-09 09:48:00,C00839,E0118, KEYBOARD, NETWORKING ,1,19999,0.2,Cash,Pending,Marketplace,"Unit 16, Building 4",
O000533,2022-04-18 08:09:00,C00161,E0096,Projector, Electronics,6,4999,0.15,Cash, CANCELLED,Marketplace,926 Main St.,Call customer
O000534,2025-06-05 08:59:00,C00775,E0081,Office Chair,Electronics,10,7999,,Bank Transfer,Processing,Marketplace,420 Rizal St.,Urgent
O000535,2022-06-02 21:42:00,C00798,E0001,Headset,Electronics,6,4999,, Debit Card,Delivered,Marketplace,"Unit 20, Building 29",Call customer
O000536,2023-01-24 21:13:00,C00112,E0012,Monitor,Networking,1,9999,0,Cash,Cancelled,STORE,101 Bonifacio St.,Gift order
O000537,2025-09-06 03:24:00,C00549,E0188, office chair , MOBILE DEVICES,9,799,0.2,Debit Card,Cancelled,Store,,Urgent
O000538,2024-09-26 05:52:00,C00159,E0162,Mouse,Office Furniture,2,19999,0.1,Cash,Processing,,800 Main St.,Deliver after 5PM
O000539,2024-06-27 16:48:00,C00623,E0141,Mouse,Electronics,10,2999,0.05,Bank Transfer,Pending,online,"unit 14, building 29",
O000540,2024-05-20 09:22:00,C00213,E0078,Mouse,Electronics,6,19999,0.1,PayPal,Processing,Store,"Unit 5, Building 23",Urgent
O000541,2023-05-07 15:45:00,C00705,E0143,headset ,Office Furniture,4,499,0.1,PayPal ,returned ,Marketplace,25 Main St.,
O000542,2022-03-16 21:36:00,C00243,E0134,Webcam,Office Furniture,4,14999,0.1,Bank Transfer,Processing,Marketplace,,Deliver after 5PM
O000543,2022-06-12 09:14:00,C00504,E0178,Router,Networking,10,1999,0,GCash,Delivered,Marketplace,"Unit 5, Building 33",Call customer
O000544,2022-07-24 16:38:00,C00648,E0104,,Computer Accessories,3,999,0.05,Credit Card, SHIPPED,Online,"Unit 3, Building 43",
O000545,2022-03-31 08:06:00,C00423,E0104, desk ,Mobile Devices ,3,,0,Debit Card,cancelled ,Marketplace,"Unit 13, Building 40",Call customer
O000546,2023-09-13 09:09:00,C00558,E0215,Desk,Electronics,3,1999,0.15,Bank Transfer,Pending,Online,232 Main St.,Gift order
O000547,2025-10-22 12:40:00,C00419,E0002,DESK,Mobile Devices,5,799,0.15, PayPal, Cancelled,,"Unit 5, Building 20",Deliver after 5PM
O000548,2025-10-02 06:18:00,C00072,E0133,Monitor,Electronics,4,1999,,Debit Card,Returned,Store,323 Main St.,Gift order
O000549,2022-03-20 16:23:00,C00465,E0026,Printer,Mobile Devices,10,1999,0.1, CREDIT CARD,Delivered,online,"Unit 15, Building 21",
O000550,2024-07-20 23:17:00,C00629,E0236,Webcam,Mobile Devices,4,7999,0.15,Credit Card,Returned,,993 Bonifacio St.,Gift order
O000551,2023-09-08 02:00:00,C00360,E0060,Monitor,MOBILE DEVICES ,1,1499,0.1,PayPal,,STORE,"Unit 11, Building 19",Urgent
O000552,2023-10-22 07:25:00,C00410,E0119,Tablet,Mobile Devices,5,499,0.15,PayPal,Cancelled,STORE,259 Bonifacio St.,Urgent
O000553,2024-04-10 03:01:00,C00883,E0057,Smartphone,Mobile Devices,8,499,,GCash,Processing,Online,455 Bonifacio St.,Deliver after 5PM
O000554,2025-12-11 13:53:00,C00294,E0076,Monitor,Office Furniture,,14999,0.05,GCash,Shipped,Store,"Unit 10, Building 43",Call customer
O000555,2024-02-06 05:14:00,C00369,E0063,,Electronics,,19999,0.03,PayPal,Cancelled,Store,"Unit 4, Building 48",Gift order
O000556,2023-04-28 03:29:00,C00508,E0184,Router,Mobile Devices,5,4999,0.15,GCash,Shipped,Store,"Unit 5, Building 31",
O000557,2022-07-09 08:44:00,C00494,E0235,Tablet,Electronics,5,14999,,Debit Card,returned ,Store,,
O000558,2025-04-18 17:39:00,C00548,E0178,Tablet,Electronics,5,4999,0.15,PayPal,Returned,online,6 Rizal St.,Urgent
O000559,2024-08-31 22:53:00,C00371,E0083,Keyboard,Electronics,7,4999,0.03,GCash,Delivered,Online, 50 MAIN ST. ,Deliver after 5PM
O000560,2024-07-30 06:35:00,C00876,E0060,laptop,Computer Accessories,10,19999,0,Debit Card,Delivered,STORE,53 Bonifacio St.,Urgent
O000561,2022-05-31 01:16:00,C00972,E0161,Mouse,Networking,9,799,0.1,Debit Card,Returned,STORE,142 Rizal St.,
O000562,2024-04-21 06:48:00,C00645,E0161,Router, Electronics,7,1999,0.2,PayPal,Cancelled,STORE,194 Mabini St.,Gift order
O000563,2024-06-08 08:00:00,C00586,E0188,Mouse,Office Furniture ,3,1499,0.2,PayPal,Delivered,Store,"Unit 8, Building 30",Deliver after 5PM
O000564,2025-03-08 10:54:00,C00264,E0067,Printer,Office Furniture,3,2999,,Credit Card,Returned,,748 Bonifacio St.,
O000565,2022-06-02 09:50:00,C00026,E0083,Webcam,Electronics,1,4999,0.15,Debit Card,Cancelled,,"Unit 6, Building 50",Deliver after 5PM
O000566,2022-04-17 05:59:00,C00977,E0061, Headset,Networking,,999,0.1,Cash,Processing,Marketplace,"Unit 1, Building 12",Deliver after 5PM
O000567,2025-04-22 18:31:00,C00874,E0149,Office Chair,Electronics,8,14999,0.1,PayPal,Shipped,Marketplace,"Unit 3, Building 5",Gift order
O000568,2024-07-22 00:13:00,C00475,E0221,DESK ,Computer Accessories,7,999,0.2,Cash, CANCELLED,STORE,"Unit 19, Building 11",Deliver after 5PM
O000569,2022-10-13 16:29:00,C00538,E0052, Monitor,Office Furniture,2,499,0.15,Debit Card, Processing ,STORE,460 Main St.,Call customer
O000570,2025-10-11 02:27:00,C00645,E0102,office chair ,Electronics,8,14999,0.03,,Shipped,Online,"Unit 20, Building 20",Urgent
O000571,2024-05-29 05:13:00,C00133,E0062,office chair ,Computer Accessories,1,1499,0.03,PayPal ,Delivered,Store,589 Main St.,Deliver after 5PM
O000572,2022-03-03 19:07:00,C00437,E0157,Desk,Networking,7,1499,,,Processing,Marketplace,383 Mabini St.,Gift order
O000573,2024-03-11 08:37:00,C00340,E0142, laptop ,Computer Accessories,1,19999,0.2,Bank Transfer,Processing,STORE,,
O000574,2025-09-01 19:51:00,C00126,E0085, Projector ,Computer Accessories,10,4999,0.03,Credit Card,Cancelled,Marketplace,"Unit 7, Building 30",Urgent
O000575,2023-12-18 08:47:00,C00693,E0051,Tablet,electronics,8,4999,,Debit Card,Delivered,online,457 Bonifacio St.,Urgent
O000576,2022-06-18 14:17:00,C00822,E0232,Webcam,,,1499,0.05,GCash,Cancelled,Marketplace,847 Rizal St.,
O000577,2023-11-04 22:49:00,C00578,E0105,Headset,Networking,10,999,0.05, CASH,Cancelled,,313 Mabini St.,Call customer
O000578,2023-10-28 21:06:00,C00992,E0136,Tablet,Electronics,1,9999,0.05,Cash,Returned,Store,"Unit 7, Building 13",Deliver after 5PM
O000579,2024-02-09 01:00:00,C00134,E0172,Webcam,Mobile Devices,4,1999,0,PayPal,Returned,online,288 Quezon St.,
O000580,2025-03-17 19:48:00,C00713,E0101,ups ,Networking,10,14999,0.05,GCash,Processing,,"Unit 20, Building 33",
O000581,2025-01-23 08:49:00,C00009,E0166,Laptop,Networking,8,4999,0.15,GCash,Cancelled,,"Unit 9, Building 21",
O000582,2025-09-12 08:55:00,C00596,E0232, Projector ,Office Furniture,5,799,0.1,Credit Card,Delivered,STORE,"Unit 1, Building 47",Deliver after 5PM
O000583,2025-08-28 16:13:00,C00582,E0190,Laptop,Mobile Devices,9,2999,,GCash,Shipped,Marketplace,"Unit 8, Building 44",
O000584,2025-02-04 02:24:00,C00862,E0245,Router,Networking,5,1499,0.1,Cash,Delivered,online,97 Rizal St.,
O000585,2024-10-04 16:34:00,C00514,E0083,,Computer Accessories,10,999,0.2,GCash,Processing,Marketplace,699 Main St.,Urgent
O000586,2025-10-31 12:20:00,C00829,E0031,Printer,Computer Accessories,8,1499,0.05, PAYPAL ,DELIVERED,STORE,"Unit 11, Building 24",
O000587,2022-11-01 01:02:00,C00272,E0240,UPS,Mobile Devices,8,1999,0.05,Bank Transfer,Pending,Online,565 Bonifacio St.,Urgent
O000588,2024-09-05 21:46:00,C00928,E0040,Keyboard,Mobile Devices,,2999,0,PayPal,Pending,Marketplace,"Unit 18, Building 45",
O000589,2023-06-10 11:23:00,C00723,E0086,,Networking,10,2999,0.03,GCash,Returned,Store,238 Rizal St.,Deliver after 5PM
O000590,2022-05-07 08:43:00,C00251,E0103,Tablet,Computer Accessories,1,499,,Bank Transfer,,,"Unit 2, Building 37",Call customer
O000591,2025-10-17 00:25:00,C00025,E0235, ROUTER ,Computer Accessories,10,499,0.1,Credit Card, CANCELLED ,Online,392 Rizal St.,
O000592,2023-04-19 18:47:00,C00625,E0038,,Office Furniture,10,999,0.2, BANK TRANSFER, Cancelled ,online,456 Mabini St.,Deliver after 5PM
O000593,2025-02-20 10:31:00,C00064,E0103,Mouse,Electronics,9,7999,0.03,Credit Card,Cancelled,Marketplace,"Unit 14, Building 24 ",
O000594,2025-03-08 13:52:00,C00939,E0210, Office Chair ,Networking,7,1999,0.05,Bank Transfer,Cancelled,online,"Unit 9, Building 27",Gift order
O000595,2022-04-19 13:05:00,C00559,E0079,Keyboard,Electronics,9,9999,0.03,Credit Card,Processing,,737 Main St.,
O000596,2023-12-01 06:55:00,C00408,E0139,,computer accessories ,9,4999,0.2,Bank Transfer,Cancelled,,66 Rizal St.,Urgent
O000597,2023-06-22 04:35:00,C00409,E0203,laptop,Office Furniture,4,2999,,GCash, Returned,," Unit 16, Building 7",
O000598,2022-04-23 15:52:00,C00382,E0188,Headset,Networking,5,1499,0.15,PayPal,DELIVERED ,STORE,"UNIT 2, BUILDING 44 ",
O000599,2022-12-28 00:23:00,C00781,E0239,Smartphone, Mobile Devices,6,19999,0.2,Credit Card,Delivered,STORE,"Unit 16, Building 18",
O000600,2025-09-21 10:40:00,C00767,E0080,Printer,Computer Accessories,7,2999,0.1,Bank Transfer,Returned,,265 Rizal St.,
O000601,2023-12-17 23:13:00,C00245,E0118,UPS,Mobile Devices,1,19999,0.03,Bank Transfer,Delivered,,623 Quezon St.,Gift order
O000602,2022-01-10 16:20:00,C00372,E0134,Printer,Networking,2,7999,,Cash,Cancelled,STORE,"Unit 11, Building 33",Gift order
O000603,2023-06-08 08:21:00,C00383,E0196,Mouse,Networking,10,14999,0.05,CASH ,Returned,,"Unit 18, Building 17",Deliver after 5PM
O000604,2025-06-02 17:42:00,C00847,E0148,Desk ,Networking,10,1499,0.05,Credit Card,Returned,STORE,"Unit 5, Building 10",Call customer
O000605,2025-06-15 15:42:00,C00168,E0211,Tablet,Networking,1,2999,,GCash,Returned,Online,"Unit 16, Building 44",Deliver after 5PM
O000606,2023-07-28 14:19:00,C00494,E0185,Webcam,Networking,5,999,0, CREDIT CARD ,CANCELLED,Store,"Unit 14, Building 40",Deliver after 5PM
O000607,2024-12-10 14:30:00,C00302,E0248,Monitor,Electronics,5,2999,,PayPal,Returned,online," Unit 11, Building 39",
O000608,2025-12-01 18:13:00,C00286,E0216,Webcam,Office Furniture,4,9999,,Credit Card,Returned,Online," Unit 12, Building 27",
O000609,2024-08-11 00:42:00,C00105,E0097, Laptop,Office Furniture,10,1999,0.03,Cash,Delivered,Store,"Unit 3, Building 35",Urgent
O000610,2023-08-06 09:29:00,C00134,E0161,Monitor,Electronics,7,1499,0,Credit Card,Delivered,Online,"Unit 14, Building 5",Call customer
O000611,2023-12-12 19:55:00,C00726,E0214, printer, Mobile Devices,9,4999,0.05,PayPal,Cancelled,STORE,"Unit 20, Building 18",
O000612,2025-05-25 16:48:00,C00546,E0074,Headset, Office Furniture,9,9999,,PayPal,delivered ,Store,"Unit 7, Building 28",Call customer
O000613,2022-09-17 14:59:00,C00680,E0200, Office Chair ,Networking,9,4999,0.2,PayPal,Pending,online,"Unit 8, Building 18",
O000614,2022-01-15 13:11:00,C00891,E0194,External Drive,Office Furniture,4,1499,,Debit Card,Processing,, 133 QUEZON ST. ,Deliver after 5PM
O000615,2024-08-20 06:03:00,C00353,E0209,UPS,Electronics,4,19999,0.15,Credit Card,Pending,Store,"Unit 11, Building 19",
O000616,2025-12-05 21:14:00,C00489,E0249,Webcam,Electronics,8,19999,0.1,GCash,Shipped,,"Unit 17, Building 26",
O000617,2023-09-01 08:32:00,C00183,E0160, projector,Office Furniture,7,7999,0.2,PayPal,Pending,online,"Unit 8, Building 44",Deliver after 5PM
O000618,2025-04-29 21:53:00,C00569,E0153,Office Chair,Electronics ,7,1999,0.2,Credit Card,Pending,Store," Unit 16, Building 6 ",Deliver after 5PM
O000619,2025-07-03 01:20:00,C00375,E0210,Mouse,Office Furniture,2,,0,Credit Card,,," UNIT 16, BUILDING 11",
O000620,2025-06-25 11:29:00,C00627,E0146,Office Chair,Electronics,5,2999,0.05,Debit Card,Processing,online,138 Bonifacio St.,Call customer
O000621,2023-08-10 02:35:00,C00679,E0230,Office Chair,Mobile Devices,6,999,,GCash ,SHIPPED ,Marketplace,"Unit 16, Building 19",
O000622,2023-02-23 01:50:00,C00475,E0052,Laptop,Mobile Devices ,8,19999,0.05,PayPal,Processing,,292 Mabini St.,Gift order
O000623,2023-04-24 09:41:00,C00843,E0142,ups ,Mobile Devices,10,1999,0,GCASH ,shipped,Marketplace,310 Quezon St.,
O000624,2023-02-22 09:47:00,C00220,E0154,External Drive,Networking,5,9999,0.03,Bank Transfer, DELIVERED ,Online,155 Main St.,
O000625,2023-02-22 16:05:00,C00167,E0159,Webcam,Electronics,2,1999,0,PayPal,Pending,,423 Mabini St.,Deliver after 5PM
O000626,2022-03-15 16:09:00,C00713,E0053,Monitor,Computer Accessories,4,2999,,Bank Transfer,Returned,Online,308 Main St.,Urgent
O000627,2025-11-15 17:57:00,C00298,E0010,Office Chair,Electronics,10,799,0.1,Cash,Processing,Marketplace," unit 14, building 2 ",
O000628,2024-10-12 14:22:00,C00387,E0194,Router,,6,19999,,Credit Card,Returned,Online,"Unit 11, Building 50",
O000629,2023-01-20 18:39:00,C00354,E0153,Tablet,Mobile Devices,1,4999,0,Bank Transfer,Cancelled,,"UNIT 7, BUILDING 45 ",
O000630,2022-02-24 18:31:00,C00187,E0056,Printer,Electronics,5,19999,0.03,Bank Transfer,Cancelled,Marketplace,293 Bonifacio St.,
O000631,2022-12-17 07:29:00,C00911,E0084,UPS,Computer Accessories,1,14999,,GCash,Returned,Marketplace,892 Main St.,Gift order
O000632,2022-02-19 06:58:00,C00561,E0182,Headset,Mobile Devices,3,1499,0.03, Credit Card ,Shipped,online,"Unit 12, Building 34",Call customer
O000633,2024-11-25 13:47:00,C00040,E0103,MOUSE,Networking,2,4999,0.03,Cash,Cancelled,STORE,106 Main St.,Urgent
O000634,2025-01-19 03:45:00,C00105,E0079,Desk,Computer Accessories,7,799,0, cash,Shipped,," Unit 13, Building 23",Gift order
O000635,2024-11-03 08:59:00,C00204,E0075,UPS,Office Furniture,8,7999,0,Debit Card,Shipped,Marketplace,691 Quezon St.,
O000636,2022-06-26 02:38:00,C00386,E0205,Tablet,Office Furniture,3,7999,0.15,paypal ,Processing,STORE,238 Bonifacio St.,Call customer
O000637,2025-10-22 20:28:00,C00088,E0105,Smartphone, OFFICE FURNITURE,,1999,0.15,Debit Card,Pending,STORE,644 Mabini St.,Gift order
O000638,2024-08-07 01:00:00,C00591,E0086,UPS,Office Furniture,3,7999,0.2,GCash,Shipped,," Unit 19, Building 22",
O000639,2024-09-01 22:44:00,C00115,E0107,UPS,Electronics,3,7999,0,Bank Transfer,Shipped,,802 Mabini St.,
O000640,2022-08-29 13:45:00,C00621,E0125,router ,,4,999,0.15,GCash,Pending ,,346 QUEZON ST.,Deliver after 5PM
O000641,2023-09-10 17:18:00,C00252,E0081,Router,Computer Accessories,3,19999,,GCash,Processing,,"Unit 12, Building 26",Deliver after 5PM
O000642,2022-09-13 21:13:00,C00484,E0025, projector,Electronics,7,2999,0.2,Bank Transfer,Returned,STORE, 285 Main St. ,Gift order
O000643,2023-06-12 08:24:00,C00591,E0118,Office Chair,Computer Accessories,2,14999,,Debit Card,Delivered,,"Unit 18, Building 42",Urgent
O000644,2023-05-09 15:46:00,C00470,E0002,Laptop,Mobile Devices,5,9999,0.1, PayPal ,Pending,STORE,849 Main St.,Deliver after 5PM
O000645,2025-04-14 01:39:00,C00864,E0053,Webcam,Mobile Devices,7,499,0.2,Debit Card,Delivered,,543 Rizal St.,Urgent
O000646,2025-10-30 23:30:00,C00796,E0016,Webcam,Networking,1,7999,0.15,PayPal,Cancelled,Online,511 Main St.,Call customer
O000647,2025-05-01 04:43:00,C00181,E0158,Desk,Networking,8,1999,0.2,PayPal,Shipped,online,"Unit 16, Building 26",
O000648,2025-05-09 16:10:00,C00004,E0220,UPS,Computer Accessories,8,14999,0.05,Credit Card,Pending ,Store,"Unit 5, Building 48",Call customer
O000649,2023-12-09 05:59:00,C00034,E0119,External Drive,Office Furniture,,1499,,Cash,Processing,online,528 Mabini St.,Gift order
O000650,2024-09-07 11:07:00,C00026,E0016,Router,Computer Accessories,9,1499,0.15,Bank Transfer,Processing,online,445 Rizal St.,Urgent
O000651,2024-11-30 07:29:00,C00213,E0027,Laptop,Computer Accessories,8,19999,0.15,PayPal,,,599 Mabini St.,
O000652,2023-02-23 23:28:00,C00127,E0162,Smartphone,Mobile Devices,4,1499,0.2,Debit Card,Returned,Online,131 Mabini St.,Urgent
O000653,2024-06-19 03:37:00,C00554,E0005,UPS,Networking,2,7999,0.1,PayPal,Shipped,,148 Main St.,
O000654,2022-11-19 13:18:00,C00993,E0248,Tablet,Mobile Devices,4,999,0.2,Credit Card,Processing,STORE,"Unit 2, Building 15",Deliver after 5PM
O000655,2024-08-17 21:43:00,C00097,E0153,Webcam,Mobile Devices,4,,0.03,Bank Transfer,Shipped,,702 Main St.,Gift order
O000656,2025-08-22 16:25:00,C00428,E0121,Monitor,Mobile Devices,7,19999,0.1,GCash,Processing,Marketplace,742 Bonifacio St.,Call customer
O000657,2023-01-15 09:09:00,C00778,E0103,Mouse,Networking,7,999,0.15,GCash,Delivered,STORE,,Deliver after 5PM
O000658,2025-02-26 11:20:00,C00204,E0020, HEADSET ,,7,2999,0.05,Credit Card,Delivered,online,688 Quezon St.,Gift order
O000659,2025-09-07 14:13:00,C00578,E0055,Tablet,Networking,3,1499,0.05,Cash,Cancelled ,STORE,"Unit 1, Building 48",
O000660,2022-11-12 13:19:00,C00527,E0092,Tablet,office furniture,9,14999,0.1,GCash,Cancelled,Online,"Unit 10, Building 50",Deliver after 5PM
O000661,2022-08-09 00:18:00,C00308,E0066,UPS,Computer Accessories,4,1999,,Credit Card,Cancelled,,790 Mabini St.,Gift order
O000662,2024-06-13 11:58:00,C00461,E0114,Monitor,Mobile Devices,4,7999,0.2,Bank Transfer,Shipped,STORE,840 Quezon St.,Gift order
O000663,2022-11-20 23:20:00,C00849,E0173,Desk,Mobile Devices,4,499,0.15,Credit Card,Processing,Store," Unit 17, Building 26",
O000664,2023-12-30 12:02:00,C00215,E0085,Projector,Mobile Devices,9,7999,0,,Shipped,Online,"Unit 13, Building 17",Gift order
O000665,2025-04-08 03:42:00,C00046,E0194,Mouse,Networking,7,799,0.05,Debit Card,Delivered,, 949 main st.,Urgent
O000666,2023-03-17 06:23:00,C00528,E0081,Office Chair, Electronics,7,19999,0.03,Credit Card, pending ,Marketplace,831 Mabini St.,Deliver after 5PM
O000667,2022-04-23 12:47:00,C00195,E0234,Desk, OFFICE FURNITURE ,10,1999,0,PayPal,Processing,STORE,"Unit 15, Building 6",Gift order
O000668,2022-06-07 15:00:00,C00725,E0042,External Drive,Mobile Devices,5,14999,0.03,, RETURNED,Store,833 Rizal St.,Call customer
O000669,2022-12-01 04:02:00,C00490,E0224, smartphone,Office Furniture,1,19999,0.03,PayPal,,online,109 Main St.,
O000670,2023-04-16 01:24:00,C00113,E0031,Webcam,Electronics,2,4999,0.03,Cash,Processing,,661 Rizal St.,Urgent
O000671,2023-10-27 11:37:00,C00807,E0039, Mouse,Mobile Devices,8,14999,0.1,PayPal,Returned,Online,"Unit 19, Building 46",Deliver after 5PM
O000672,2024-04-08 17:03:00,C00051,E0216,Mouse,Electronics,1,2999,,Bank Transfer,Pending,STORE,"Unit 9, Building 17",Deliver after 5PM
O000673,2025-12-07 02:44:00,C00242,E0070,Desk,Office Furniture,2,1999,,,,,"Unit 17, Building 3",
O000674,2024-07-24 08:21:00,C00937,E0214,Office Chair,Electronics,10,9999,0.15,Credit Card,SHIPPED ,STORE,368 Quezon St.,Urgent
O000675,2025-10-13 20:34:00,C00354,E0050,laptop ,Mobile Devices,7,4999,,Bank Transfer,Delivered,Marketplace,"Unit 5, Building 44",
O000676,2022-09-05 12:24:00,C00535,E0033,Printer,Networking,,4999,0.15,GCash,Returned,," Unit 13, Building 24 ",
O000677,2023-08-28 01:10:00,C00331,E0038, Printer ,Networking,8,999,0.03,Cash,Returned,STORE," Unit 13, Building 5",Call customer
O000678,2022-11-04 00:40:00,C00528,E0070,Office Chair,Electronics,6,1499,0,GCash, Returned,,127 Main St.,Deliver after 5PM
O000679,2023-07-09 08:56:00,C00288,E0221,Laptop,Mobile Devices,2,1999,0,Bank Transfer,Shipped,Store,698 Quezon St.,Call customer
O000680,2022-04-03 04:06:00,C00638,E0241,Tablet, MOBILE DEVICES ,7,9999,0.1,PayPal,Processing,Store,"Unit 12, Building 30",
O000681,2023-11-12 11:32:00,C00720,E0077,Webcam,Mobile Devices,5,2999,, PayPal,Processing,Store,335 Main St.,Call customer
O000682,2022-04-05 07:16:00,C00163,E0002,Printer,Networking,4,9999,0.1,Bank Transfer,Cancelled ,Marketplace, 724 BONIFACIO ST.,Urgent
O000683,2024-03-09 17:23:00,C00132,E0025,Smartphone,Networking,2,2999,0.1,PayPal,Pending,Marketplace," unit 4, building 1",Deliver after 5PM
O000684,2024-02-22 09:22:00,C00815,E0157,Projector,Electronics,5,1999,0.15,Debit Card,Processing,STORE,"Unit 6, Building 40",Gift order
O000685,2022-02-28 02:01:00,C00615,E0128,Office Chair,Mobile Devices,4,19999,0.15,GCash,returned,online,525 Quezon St. ,Deliver after 5PM
O000686,2023-06-07 06:29:00,C00047,E0244,UPS, Electronics,9,999,,Debit Card,Pending,online,15 Mabini St.,
O000687,2024-12-11 06:51:00,C00262,E0002,,Networking,8,1999,0.1,Debit Card,Pending,online,387 Rizal St.,
O000688,2025-01-08 04:07:00,C00569,E0203,Printer,Computer Accessories,9,4999,0.1,PayPal,Cancelled,Online,"Unit 12, Building 42",
O000689,2022-03-17 12:25:00,C00187,E0052,Printer,Office Furniture,1,1999,0,Debit Card,Returned,STORE,"Unit 17, Building 43",Gift order
O000690,2023-12-21 03:09:00,C00571,E0175,Monitor,Electronics,2,499,0.1,PayPal,Processing,Marketplace,"Unit 4, Building 6",Deliver after 5PM
O000691,2023-12-18 11:47:00,C00253,E0128,Tablet,Electronics,6,14999,0.15,Bank Transfer,Returned,STORE,"Unit 16, Building 26",Gift order
O000692,2024-09-02 15:23:00,C00317,E0023,Headset,MOBILE DEVICES,6,9999,,Cash,Returned,Marketplace,184 Quezon St.,Deliver after 5PM
O000693,2022-01-27 21:51:00,C00084,E0058,TABLET ,Computer Accessories,2,2999,0,Bank Transfer,Delivered,Online,,
O000694,2024-12-10 12:06:00,C00644,E0205,Smartphone,Electronics,5,,,Bank Transfer,Returned,online,"Unit 19, Building 25",Gift order
O000695,2024-07-14 05:02:00,C00186,E0111,Printer, computer accessories,2,499,0.1,Credit Card,Shipped,online,"Unit 12, Building 44",Urgent
O000696,2024-09-28 14:00:00,C00693,E0128,Mouse,Computer Accessories,6,1999,0.1,,Cancelled,Marketplace,"Unit 18, Building 45",
O000697,2024-12-08 10:43:00,C00883,E0213,Projector,Mobile Devices,4,2999,0.1,Credit Card,Processing,online,281 Mabini St.,Urgent
O000698,2024-09-30 12:53:00,C00754,E0086,Webcam,Networking,6,14999,0.05,Debit Card,Returned,online,763 Main St.,Gift order
O000699,2023-06-02 10:41:00,C00174,E0154,,Office Furniture,5,499,0.1,PayPal,Delivered,Store,658 Bonifacio St.,Call customer
O000700,2023-07-27 17:55:00,C00747,E0137,Office Chair,Mobile Devices ,9,499,0.03,Bank Transfer,Shipped,STORE,44 Mabini St.,
O000701,2023-07-17 02:22:00,C00031,E0081, monitor ,Computer Accessories,4,999,,Bank Transfer,Delivered,Marketplace,"Unit 15, Building 18",Gift order
O000702,2024-06-03 23:02:00,C00486,E0068,Monitor,Computer Accessories,3,7999,0.15,PayPal,Cancelled,Online,"Unit 1, Building 12",Gift order
O000703,2024-12-28 03:43:00,C00607,E0226,Headset,Networking,6,799,0.05,Credit Card,Pending,Marketplace,"Unit 11, Building 29",Gift order
O000704,2024-12-17 18:13:00,C00188,E0105, Laptop,Mobile Devices,1,2999,0.2,Bank Transfer,Pending,,867 Bonifacio St.,
O000705,2024-03-28 03:55:00,C00613,E0166,Tablet,Office Furniture,2,999,0.05,Cash,Processing,Store,511 Quezon St.,
O000706,2024-10-31 00:31:00,C00373,E0031,,Networking,1,19999,0.2, BANK TRANSFER,Returned,STORE,749 Mabini St.,Deliver after 5PM
O000707,2023-12-21 14:13:00,C00636,E0034, Headset ,Electronics,,19999,0.05,GCash,Cancelled,,805 Quezon St.,
O000708,2024-11-29 10:47:00,C00576,E0169,Tablet,Mobile Devices,5,1999,0.15,Credit Card, returned ,, 845 Mabini St. ,
O000709,2022-03-19 04:38:00,C00843,E0229,Keyboard,Office Furniture,7,,0.15,Bank Transfer,Pending,Online,"Unit 19, Building 8",
O000710,2023-01-04 21:29:00,C00366,E0056,Monitor,,1,799,0.15, Debit Card,Processing,,875 Quezon St.,
O000711,2025-11-20 01:36:00,C00938,E0133,Office Chair,Networking,6,1999,0.03,Credit Card,Cancelled,Store,278 Mabini St.,
O000712,2025-01-02 05:31:00,C00601,E0091,Projector,Mobile Devices,9,999,0.03,Debit Card,Delivered,STORE,"Unit 3, Building 22",Urgent
O000713,2022-04-20 16:07:00,C00465,E0100,Monitor,,10,2999,0.15,PayPal,Cancelled,STORE,758 Main St.,Urgent
O000714,2025-09-02 08:18:00,C00423,E0153,UPS,Office Furniture,1,1499,,Credit Card,Shipped,Online,880 Main St.,Gift order
O000715,2024-06-17 10:19:00,C00379,E0073,UPS,Computer Accessories,8,7999,0.03, Bank Transfer,Processing,online,631 Main St.,Call customer
O000716,2024-01-16 19:18:00,C00866,E0229,Monitor,Computer Accessories,10,4999,0.2,GCash,Delivered,online,121 Rizal St.,
O000717,2022-12-12 14:27:00,C00934,E0199,Keyboard,Networking,10,499,0.03,Credit Card,Shipped,Online,"Unit 9, Building 7",
O000718,2022-04-12 01:21:00,C00638,E0247,Office Chair,Office Furniture,6,9999,0.05,Credit Card,Delivered,,"Unit 12, Building 43",Gift order
O000719,2024-04-29 16:03:00,C00094,E0008,Webcam,Electronics,6,499,0.15,Cash,Shipped,, 483 bonifacio st. ,Gift order
O000720,2025-02-12 12:56:00,C00590,E0245,UPS,Mobile Devices,4,799,0.15,PayPal,PENDING ,Online, 96 MAIN ST.,Urgent
O000721,2025-11-05 21:46:00,C00932,E0001,Smartphone,Computer Accessories,10,4999,0.03,PayPal,Processing,Online,"Unit 20, Building 14",Gift order
O000722,2024-11-30 03:48:00,C00902,E0216, External Drive ,Mobile Devices,8,4999,0.05,Credit Card,Returned,online,"Unit 9, Building 10",
O000723,2023-06-12 14:41:00,C00453,E0153,External Drive, mobile devices,3,7999,0.03,Debit Card, Cancelled ,Online,314 Mabini St.,Deliver after 5PM
O000724,2025-06-16 22:21:00,C00148,E0051,Tablet,Computer Accessories,6,2999,0.2,GCash,Cancelled,online,"Unit 13, Building 25",Deliver after 5PM
O000725,2022-05-11 03:42:00,C00791,E0167,Smartphone,Computer Accessories,3,14999,0.2,GCash,Processing,Store,"UNIT 8, BUILDING 32 ",Gift order
O000726,2024-10-04 09:45:00,C00807,E0085,Office Chair,Office Furniture,6,7999,0.05,Bank Transfer,Returned,Marketplace, 846 QUEZON ST.,Gift order
O000727,2025-07-28 23:30:00,C00992,E0107,UPS, NETWORKING ,5,19999,0.03,Credit Card, Shipped ,,"Unit 15, Building 17",Call customer
O000728,2022-10-09 01:15:00,C00967,E0169,Laptop,Networking,10,799,0.2,Cash,Shipped,STORE,"Unit 18, Building 6",Urgent
O000729,2023-01-16 22:36:00,C00502,E0172,Tablet,Electronics,7,4999,,Credit Card,CANCELLED,STORE,631 Main St.,Urgent
O000730,2025-05-20 02:33:00,C00852,E0197,Desk,,8,19999,0.15,Credit Card,Returned ,Online, 822 mabini st. ,
O000731,2024-01-21 03:14:00,C00112,E0103,Webcam,Office Furniture,2,499,0.03,Credit Card,Pending,online, 245 RIZAL ST.,Urgent
O000732,2024-04-27 13:26:00,C00992,E0092,Office Chair,Networking,1,999,0.1,Debit Card,Shipped,online,468 Rizal St.,Gift order
O000733,2022-04-28 04:29:00,C00866,E0216,UPS,Networking,,499,0.2,Cash,Pending,Online,792 Main St.,Gift order
O000734,2025-11-10 19:12:00,C00236,E0195,Router,Electronics,4,2999,,Debit Card,Shipped,,"Unit 14, Building 22",Gift order
O000735,2025-04-06 09:12:00,C00700,E0068,Desk,Office Furniture,9,1499,0.1,PayPal,Pending,Store,739 Main St.,Call customer
O000736,2025-01-19 16:02:00,C00794,E0094,Router,Networking,2,499,0.1,,Delivered,Marketplace,,Deliver after 5PM
O000737,2023-08-01 03:25:00,C00151,E0025,External Drive,Office Furniture,4,7999,0.2,Cash,Shipped,STORE,"unit 8, building 14 ",Deliver after 5PM
O000738,2022-08-11 14:24:00,C00243,E0248,Router,computer accessories,6,499,0.2,PayPal,CANCELLED ,,667 Main St.,Gift order
O000739,2023-08-12 20:31:00,C00722,E0184,External Drive,Office Furniture,10,1999,0.05,PayPal,Processing,Marketplace,,Call customer
O000740,2024-03-13 05:55:00,C00187,E0116,Monitor,Computer Accessories,9,19999,0.2,Credit Card,Returned,,"Unit 4, Building 36",
O000741,2022-08-29 00:38:00,C00865,E0147,Laptop,Electronics,7,499,0.05, CASH, Returned,,"Unit 15, Building 30",
O000742,2022-06-23 08:42:00,C00108,E0145,Office Chair,Mobile Devices,3,4999,0,Debit Card,Delivered,,326 Bonifacio St.,Urgent
O000743,2022-11-02 01:22:00,C00854,E0146,UPS,Networking,4,2999,0.2,PayPal,Returned,Marketplace,46 Main St.,
O000744,2023-06-29 23:33:00,C00116,E0126,Router,Mobile Devices,4,2999,0.2,Debit Card,Cancelled,STORE,"Unit 11, Building 42",Urgent
O000745,2024-02-03 12:38:00,C00863,E0021,Tablet,Networking,8,799,0,Bank Transfer,Pending ,Online,583 Quezon St.,Urgent
O000746,2025-10-21 01:13:00,C00657,E0101,Webcam,Networking,4,9999,0.05,Credit Card,Shipped ,STORE,"Unit 18, Building 32",
O000747,2022-08-21 05:35:00,C00126,E0116,Mouse,Computer Accessories,10,19999,0.05,Credit Card,Pending,online,523 Quezon St.,Call customer
O000748,2025-11-05 23:51:00,C00710,E0170,Headset, MOBILE DEVICES ,6,19999,0.1,Debit Card,Returned,Marketplace,"Unit 3, Building 5",
O000749,2025-04-18 04:57:00,C00193,E0098,Tablet,Office Furniture,1,14999,,Debit Card,Processing,Marketplace,"Unit 19, Building 7",Gift order
O000750,2022-01-10 16:34:00,C00945,E0149,Smartphone,Office Furniture,1,4999,,Cash,,Store,"Unit 19, Building 31",Call customer
O000751,2023-07-25 18:09:00,C00630,E0107,Tablet,Mobile Devices,2,9999,0.2,Credit Card,Returned,Marketplace,"Unit 7, Building 34",
O000752,2022-06-08 03:05:00,C00659,E0024,Projector,Networking,1,1499,0, PayPal,Shipped,Marketplace,427 Rizal St.,Call customer
O000753,2025-12-23 08:50:00,C00502,E0215,PROJECTOR ,Networking,3,999,0,Cash,Cancelled,Marketplace,484 Main St.,Urgent
O000754,2025-03-14 16:54:00,C00195,E0087,keyboard,Electronics,8,14999,0.1,Credit Card,Pending,online,"Unit 17, Building 3",
O000755,2022-06-25 16:46:00,C00402,E0093,Router,Computer Accessories,5,799,0.1,GCash,Pending,online,"Unit 18, Building 8",
O000756,2025-09-27 11:46:00,C00823,E0078, Tablet,Electronics,3,14999,0.2,Cash,Processing,STORE,277 Bonifacio St.,
O000757,2023-03-20 16:23:00,C00173,E0106,Office Chair, ELECTRONICS ,10,14999,,GCash,Returned,STORE,"Unit 17, Building 26",Call customer
O000758,2025-01-18 02:44:00,C00678,E0099,Headset,Office Furniture,8,999,0.03,Cash,Shipped,,655 Bonifacio St.,
O000759,2022-08-21 17:41:00,C00223,E0027,Office Chair,Mobile Devices,2,1499,0.03,Credit Card,Cancelled,,"Unit 5, Building 10",Gift order
O000760,2024-09-03 02:40:00,C00903,E0065,Keyboard,Networking,1,999,,Cash,Delivered,Marketplace,792 Rizal St.,
O000761,2025-09-15 21:37:00,C00405,E0233,Headset,Mobile Devices,8,19999,0.2,Bank Transfer, PROCESSING,,54 Main St.,Call customer
O000762,2022-05-30 00:44:00,C00353,E0071,Keyboard,Office Furniture,8,999,0.03,Bank Transfer,Returned,STORE,"Unit 19, Building 12",Gift order
O000763,2025-12-24 22:14:00,C00565,E0044,External Drive,Mobile Devices,6,999,,Bank Transfer,Returned,online,"Unit 17, Building 2",
O000764,2022-03-23 08:11:00,C00629,E0155,Office Chair,Electronics,6,7999,0.15,PayPal,Cancelled,,"Unit 11, Building 16",
O000765,2022-04-27 11:00:00,C00565,E0236,External Drive,Mobile Devices,1,,0.15,GCash,Delivered,Marketplace," Unit 17, Building 27",
O000766,2023-10-29 18:22:00,C00176,E0042,UPS,Office Furniture,5,9999,0.2,Credit Card,Processing,,"UNIT 3, BUILDING 23 ",
O000767,2025-12-12 03:01:00,C00827,E0239,Desk,Office Furniture,8,1999,,Cash,Shipped,Marketplace, 67 Quezon St. ,
O000768,2024-09-24 16:50:00,C00222,E0163,Projector,Computer Accessories,1,1499,0.03,bank transfer,Returned,Store,"Unit 15, Building 48",
O000769,2022-05-25 05:28:00,C00223,E0019,Monitor,Computer Accessories,10,4999,,Cash,Cancelled,Store,"Unit 2, Building 28",Deliver after 5PM
O000770,2023-06-16 21:53:00,C00722,E0107,Printer,Office Furniture,4,9999,0.03, PAYPAL ,Pending,Online,558 Main St.,Gift order
O000771,2022-05-09 13:40:00,C00778,E0017,Printer,Mobile Devices,9,7999,0.03,Cash,Processing,Marketplace,193 Mabini St.,Call customer
O000772,2023-09-18 04:06:00,C00864,E0102, laptop ,Office Furniture,6,799,0.05,PayPal,Shipped,Store,"Unit 8, Building 39",
O000773,2024-08-08 04:42:00,C00913,E0195,Webcam,Mobile Devices,7,799,0.15,GCash,Delivered,online,754 Quezon St.,Gift order
O000774,2025-09-06 02:08:00,C00630,E0117,Smartphone, computer accessories ,10,9999,0.03,Cash,Shipped,STORE,"Unit 3, Building 42",Urgent
O000775,2023-07-29 03:34:00,C00694,E0011,Mouse,Electronics,8,14999,0.2,Bank Transfer,Cancelled,Store,"Unit 4, Building 50",Gift order
O000776,2022-10-15 01:23:00,C00459,E0021,Smartphone,OFFICE FURNITURE,5,14999,0.03,,Pending,,"Unit 7, Building 30 ",
O000777,2025-08-21 11:46:00,C00461,E0195,UPS,Mobile Devices,6,1999,0,Bank Transfer,Cancelled,STORE,996 Bonifacio St.,
O000778,2022-03-06 23:02:00,C00507,E0195,Monitor,Computer Accessories,,1999,0.05,Cash,Shipped,STORE,710 Main St.,Call customer
O000779,2025-02-04 13:26:00,C00130,E0198,Printer,NETWORKING ,9,4999,0.1,Cash,Pending,online,798 Main St.,
O000780,2025-11-20 09:42:00,C00676,E0109,External Drive,Mobile Devices,1,7999,0.1,PayPal,Cancelled,,62 Rizal St.,
O000781,2024-08-08 14:39:00,C00165,E0073,,Mobile Devices,10,14999,0.15,CASH , PROCESSING ,Marketplace,"Unit 4, Building 11",
O000782,2024-08-30 01:01:00,C00363,E0228,Desk,Networking,4,7999,0.03,PayPal, Delivered,Store,"UNIT 3, BUILDING 22",
O000783,2025-08-03 04:01:00,C00209,E0014, external drive,Office Furniture,8,799,0.15,PayPal,Delivered,Store,"Unit 7, Building 36",Call customer
O000784,2024-05-19 03:07:00,C00733,E0157,Printer,Computer Accessories,2,19999,0.15,PAYPAL ,Delivered,Marketplace,549 Rizal St.,Deliver after 5PM
O000785,2024-01-26 01:34:00,C00188,E0205, Mouse ,Computer Accessories,10,14999,0,GCASH,Shipped,Store,521 Bonifacio St.,Gift order
O000786,2023-10-10 01:55:00,C00462,E0207,Mouse,Office Furniture,2,14999,,Debit Card ,Delivered,Marketplace,"Unit 19, Building 25",Urgent
O000787,2022-03-11 09:27:00,C00524,E0237,Keyboard,Mobile Devices,,4999,,PayPal,Shipped,Store,"Unit 19, Building 15",Call customer
O000788,2025-08-30 12:01:00,C00480,E0041,Projector,Office Furniture,,799,0,GCash,Pending,Online,"Unit 8, Building 10",Gift order
O000789,2025-02-28 04:25:00,C00793,E0015, Mouse,Mobile Devices,2,7999,0.1,PayPal,Cancelled,Marketplace,"Unit 5, Building 30 ",Gift order
O000790,2025-04-26 08:36:00,C00729,E0160,Office Chair,Mobile Devices,6,1999,0.05,Credit Card,Processing,online,727 Mabini St.,Urgent
O000791,2022-10-25 21:17:00,C00682,E0235,Keyboard,Electronics,3,1499,,Debit Card,Returned,Online," UNIT 11, BUILDING 43",
O000792,2022-02-02 11:00:00,C00299,E0174,Smartphone,Office Furniture,9,14999,0.2,PayPal,Delivered,online,503 Quezon St.,Call customer
O000793,2025-12-02 08:13:00,C00533,E0247,Mouse,Mobile Devices ,8,1499,0.1,,,online,775 Rizal St.,
O000794,2023-05-30 22:33:00,C00925,E0092,Headset,Electronics,7,2999,0.05,Cash,Cancelled,STORE,"unit 1, building 43 ",Urgent
O000795,2022-08-04 04:39:00,C00916,E0197,Keyboard,Networking,5,799,0,Debit Card,,Store,422 Bonifacio St.,Urgent
O000796,2022-02-26 17:41:00,C00866,E0193,Printer,Computer Accessories,2,999,0.15,PayPal,Cancelled,Online,"Unit 7, Building 5",Deliver after 5PM
O000797,2024-11-22 23:29:00,C00172,E0051,Laptop,Mobile Devices,8,2999,0.03,Cash,Pending,Marketplace,962 Main St. ,Urgent
O000798,2022-02-19 01:28:00,C00497,E0084,Office Chair,Office Furniture,7,7999,,Cash,Cancelled,Marketplace," Unit 10, Building 40 ",Call customer
O000799,2025-10-18 12:08:00,C00295,E0197, Router,Computer Accessories,9,4999,0,Debit Card,Shipped,,978 Mabini St.,Gift order
O000800,2023-06-19 21:12:00,C00436,E0201,UPS,Networking,10,1499,0,Cash,Returned,,"Unit 17, Building 48",Gift order
O000801,2023-07-09 19:04:00,C00657,E0039,Desk,Electronics,1,4999,0.1,GCash,Cancelled,STORE," unit 7, building 30 ",
O000802,2024-06-02 23:17:00,C00959,E0113,,,9,999,0.03,Cash,Cancelled,Marketplace,"Unit 15, Building 24",Urgent
O000803,2024-06-03 22:57:00,C00481,E0244,Mouse, Networking,1,1499,0.03,Credit Card,Processing,Online,"Unit 11, Building 30",
O000804,2024-01-23 07:09:00,C00595,E0139,External Drive,Electronics,3,2999,0,Debit Card,Cancelled,,621 Main St.,Call customer
O000805,2022-05-30 07:52:00,C00445,E0188,UPS,Mobile Devices,6,19999,0.05,GCash,Delivered,online,"UNIT 16, BUILDING 3 ",Call customer
O000806,2023-05-06 07:55:00,C00677,E0125,Printer,Office Furniture,1,1999,,GCash,Returned,online,245 Bonifacio St.,Call customer
O000807,2024-09-05 22:31:00,C00448,E0110,Monitor,Office Furniture,1,2999,0.15,PayPal,Pending,online,519 Mabini St.,
O000808,2025-05-22 16:32:00,C00085,E0163,Keyboard,Mobile Devices,7,1499,0.03,GCash,Processing ,online,716 Main St.,Call customer
O000809,2024-11-13 08:59:00,C00850,E0212,Smartphone,Networking,7,7999,0.05,Bank Transfer,Shipped,STORE,604 Rizal St.,
O000810,2023-09-28 11:28:00,C00955,E0096,Projector,Networking,8,19999,0.1,Debit Card, DELIVERED,Marketplace,"Unit 19, Building 28",Call customer
O000811,2023-01-14 02:31:00,C00138,E0152,Webcam,Computer Accessories,5,14999,0.15,Debit Card, Processing,STORE,371 Main St.,Deliver after 5PM
O000812,2024-08-15 21:14:00,C00491,E0036,Printer,Networking,7,19999,,Cash,Pending,Online,199 Main St.,Urgent
O000813,2023-05-11 00:57:00,C00258,E0129,Webcam,Mobile Devices,2,,0.05, Debit Card , DELIVERED,Marketplace,"UNIT 17, BUILDING 14",
O000814,2024-10-24 14:45:00,C00936,E0159,Desk,Computer Accessories,4,2999,0.1,Credit Card,Cancelled,STORE,"unit 14, building 43 ",
O000815,2024-03-03 01:44:00,C00443,E0034,Printer,Mobile Devices,10,14999,0.2,Bank Transfer,Processing,online,"Unit 10, Building 9",Call customer
O000816,2022-08-28 15:37:00,C00093,E0209,,Networking,7,7999,0,GCash,Returned,STORE,"Unit 1, Building 13 ",Call customer
O000817,2025-07-28 02:36:00,C00278,E0107, Router ,Networking,6,4999,0.2,PayPal,Cancelled,," Unit 17, Building 10 ",Urgent
O000818,2025-10-11 17:05:00,C00610,E0194,Webcam,Electronics,4,499,,credit card , SHIPPED,STORE,218 Rizal St.,
O000819,2025-03-03 19:50:00,C00208,E0023,Laptop,Electronics,3,1999,,Cash,Processing,Marketplace,"Unit 5, Building 49",
O000820,2023-03-28 15:27:00,C00366,E0122,Mouse,Office Furniture,5,7999,0.1,Cash, Pending ,Marketplace,913 Rizal St.,Urgent
O000821,2024-08-05 22:03:00,C00906,E0066,Projector,Computer Accessories,2,2999,0.03,Bank Transfer,Cancelled,Marketplace,"Unit 10, Building 29",
O000822,2022-09-27 19:55:00,C00152,E0114,Office Chair,Mobile Devices,4,7999,0,Debit Card,Returned,Marketplace,822 Rizal St.,
O000823,2023-01-18 05:02:00,C00855,E0065,Mouse,Computer Accessories,6,,0.05,Debit Card,Processing,STORE,"Unit 19, Building 6",
O000824,2022-01-16 20:03:00,C00161,E0119,webcam,Mobile Devices,3,7999,0.05, bank transfer,Shipped,Online,"Unit 2, Building 4",Urgent
O000825,2023-12-02 16:46:00,C00565,E0106,Monitor,Mobile Devices,8,7999,0.05,Bank Transfer,Processing,online,"Unit 8, Building 12",Call customer
O000826,2025-08-21 21:26:00,C00206,E0086,Monitor,Networking,5,799,0.2,Cash,Cancelled,,"Unit 13, Building 37",Deliver after 5PM
O000827,2024-01-10 18:26:00,C00941,E0238,Mouse,Networking,1,499,,Credit Card,Cancelled,Store,91 Main St.,Urgent
O000828,2023-10-30 02:46:00,C00738,E0051,Headset,Computer Accessories,6,7999,, BANK TRANSFER , processing,Store,810 Quezon St. ,
O000829,2022-11-01 09:57:00,C00090,E0184,Smartphone,Office Furniture,10,999,0,Credit Card,Pending,online,694 Bonifacio St.,Gift order
O000830,2025-01-07 06:42:00,C00974,E0113, Webcam ,Networking,8,4999,0,Debit Card,Processing,,"Unit 19, Building 41",Gift order
O000831,2024-11-01 05:56:00,C00807,E0163, Desk ,Networking,1,9999,0.05,Credit Card,Processing,,"Unit 16, Building 16",Gift order
O000832,2025-01-11 22:38:00,C00198,E0200,Smartphone,Office Furniture,8,499,0.03,Bank Transfer,PENDING,,"Unit 18, Building 4",Gift order
O000833,2022-12-12 16:52:00,C00991,E0044,Printer,Mobile Devices,9,9999,0.15,Debit Card,Processing,,"Unit 12, Building 6",Call customer
O000834,2024-05-04 02:14:00,C00713,E0168,Mouse,Mobile Devices,5,499,0.03,Cash ,Delivered,Online,"Unit 7, Building 32",Urgent
O000835,2025-07-17 19:35:00,C00029,E0020,Desk,Mobile Devices,2,19999,, credit card ,Processing,Store,249 Quezon St.,
O000836,2025-04-30 17:11:00,C00938,E0110,Headset ,Office Furniture,8,499,0.15, credit card ,Cancelled,Online,8 Main St.,Gift order
O000837,2023-12-03 06:52:00,C00803,E0222,Webcam,Networking ,5,1999,0.03,PayPal,Delivered,Online, 477 Main St.,
O000838,2023-06-06 01:02:00,C00207,E0073,Smartphone, Electronics ,9,499,0.2,PayPal,Pending,STORE,892 Rizal St.,Urgent
O000839,2025-10-31 23:48:00,C00044,E0227, KEYBOARD,Office Furniture,8,4999,,Credit Card,Delivered,Online, 768 Main St.,
O000840,2025-01-04 13:47:00,C00407,E0224,Printer,Networking,1,999,0.15, Cash,Pending,Marketplace,214 Main St.,Urgent
O000841,2022-06-08 19:33:00,C00328,E0001,Webcam, Office Furniture,1,19999,,bank transfer ,Cancelled,,"Unit 8, Building 2",
O000842,2023-08-26 01:21:00,C00510,E0232,Keyboard,Networking,4,2999,0,Bank Transfer, Returned ,," unit 5, building 1 ",
O000843,2024-05-24 06:54:00,C00031,E0046, PRINTER ,Office Furniture,1,799,0.05,Bank Transfer, RETURNED,online,"Unit 17, Building 36",
O000844,2025-09-08 02:10:00,C00650,E0077,Webcam,Computer Accessories,1,7999,0.05,PayPal,CANCELLED,Marketplace,"Unit 14, Building 32",Gift order
O000845,2022-05-26 18:55:00,C00040,E0146,Keyboard,Networking,5,14999,0.1,debit card , Pending ,Online,"Unit 8, Building 20",Urgent
O000846,2024-06-20 14:42:00,C00603,E0165, Router,Networking,4,999,0.2,Debit Card, Delivered ,STORE,"Unit 7, Building 41",
O000847,2025-07-08 00:10:00,C00434,E0051,Router,Mobile Devices,1,14999,0.2,Bank Transfer,Shipped,,466 Rizal St.,Gift order
O000848,2025-10-18 11:08:00,C00465,E0104,Keyboard,Computer Accessories,10,799,0.2,Debit Card,Processing,Marketplace, 917 MAIN ST. ,
O000849,2022-08-27 08:44:00,C00352,E0046,Projector,Networking,2,2999,0.2,Credit Card,Processing,Online,"Unit 9, Building 24",
O000850,2025-08-29 09:13:00,C00911,E0148,Printer,Mobile Devices,3,799,0.05,PayPal,Pending,STORE,"Unit 6, Building 41",Deliver after 5PM
O000851,2022-08-13 11:04:00,C00503,E0165, Tablet ,Computer Accessories,2,799,,GCash,Processing,,"Unit 7, Building 42",
O000852,2025-03-13 03:23:00,C00967,E0167,Monitor,Computer Accessories,1,7999,0.05,Bank Transfer,Processing,Store,50 Mabini St.,
O000853,2023-02-07 02:01:00,C00761,E0123,Webcam,Networking,2,999,0.03,Debit Card,Pending,,"Unit 14, Building 1",
O000854,2025-04-24 12:07:00,C00936,E0080,tablet,Mobile Devices,7,14999,0.1,GCash, RETURNED,Marketplace, 449 main st. ,Urgent
O000855,2022-06-16 13:02:00,C00951,E0208,Tablet,Mobile Devices,1,999,0.15,PayPal ,Delivered,Marketplace,766 Bonifacio St.,Gift order
O000856,2025-06-20 12:48:00,C00168,E0009, UPS,Computer Accessories,10,19999,0.05,Cash,Processing,Store,"Unit 14, Building 5",Urgent
O000857,2024-11-28 22:59:00,C00482,E0179,Desk,Networking,10,14999,0.2,GCash,Cancelled,Marketplace,"Unit 16, Building 37",Deliver after 5PM
O000858,2025-08-06 17:54:00,C00641,E0026,Laptop,Computer Accessories,7,7999,0.2,PayPal,Pending,Marketplace,837 Rizal St.,Gift order
O000859,2022-02-22 04:33:00,C00016,E0219,Tablet,Office Furniture,7,14999,0.2,Bank Transfer,,online, 335 MAIN ST.,Gift order
O000860,2023-09-29 20:18:00,C00354,E0150,PRINTER,Office Furniture,9,499,0.05,Credit Card,Shipped,online,792 Quezon St.,
O000861,2024-05-04 21:59:00,C00832,E0192,External Drive,Computer Accessories,8,1499,0.15, Credit Card,Cancelled,online,"Unit 2, Building 6",Urgent
O000862,2022-11-20 15:37:00,C00336,E0225,Keyboard,Mobile Devices,10,1999,0.1,Debit Card,Cancelled,STORE,632 Main St.,Call customer
O000863,2023-07-06 01:28:00,C00085,E0241,Keyboard,Networking,9,1999,0.2,Debit Card,Shipped,,557 Mabini St.,Deliver after 5PM
O000864,2024-09-14 12:45:00,C00741,E0112, Router,,3,14999,0.03,Credit Card, delivered ,online,"Unit 6, Building 42",Deliver after 5PM
O000865,2023-01-22 21:13:00,C00493,E0022,External Drive,NETWORKING,1,1999,0,PayPal,Cancelled,Marketplace,"Unit 17, Building 42",
O000866,2024-05-30 01:42:00,C00554,E0013,Router ,Computer Accessories,10,1499,0.15,Bank Transfer,Returned,online,963 Quezon St.,Call customer
O000867,2024-07-23 12:19:00,C00922,E0247, Webcam,Office Furniture,5,2999,0.05,PayPal,Pending,Store,"Unit 7, Building 37",Urgent
O000868,2022-04-11 17:39:00,C00211,E0094,Smartphone,Electronics,4,1499,0,PayPal,Shipped,Online,,Urgent
O000869,2024-05-15 00:24:00,C00305,E0079,Projector,Networking,2,2999,,Bank Transfer,Cancelled,,"Unit 15, Building 45",Urgent
O000870,2025-04-09 09:03:00,C00035,E0041,Mouse,Office Furniture,6,7999,0.2,Credit Card,Pending,STORE,"Unit 20, Building 6",Call customer
O000871,2022-06-19 12:43:00,C00283,E0081,Projector,Office Furniture,10,14999,0.15,Bank Transfer,Shipped ,Marketplace,75 Mabini St.,
O000872,2024-12-13 12:31:00,C00515,E0151,Headset,Mobile Devices,6,,0,Cash ,Pending,STORE,696 Rizal St.,Call customer
O000873,2022-04-02 23:08:00,C00473,E0124,UPS,Networking,1,499,0,PayPal,Pending,Online,,Gift order
O000874,2025-04-18 19:08:00,C00500,E0089,Printer,Mobile Devices,7,1999,0.03,PayPal,Processing,online,"Unit 11, Building 6",Gift order
O000875,2024-03-12 16:59:00,C00374,E0214,Desk,Electronics,6,2999,0.05,Bank Transfer,Cancelled,Online,580 Rizal St.,Gift order
O000876,2025-08-02 00:21:00,C00225,E0054,Tablet, Computer Accessories ,6,799,0,Cash,Shipped,online,69 Bonifacio St.,Gift order
O000877,2025-03-08 14:54:00,C00494,E0147,External Drive,Mobile Devices,9,4999,0.15,PayPal,Cancelled,Store,60 Mabini St.,Urgent
O000878,2024-03-07 18:56:00,C00257,E0035,, Electronics,3,2999,0.1,PayPal,Pending,Store,"Unit 20, Building 6",
O000879,2025-08-27 00:53:00,C00154,E0045,,Computer Accessories,6,,,Bank Transfer,Returned,online,"Unit 20, Building 47 ",
O000880,2022-01-04 09:56:00,C00131,E0079,External Drive,Networking,4,,,PayPal,Processing,Marketplace,131 Rizal St.,
O000881,2023-05-13 17:00:00,C00678,E0018,Webcam,Electronics,10,2999,0.03,Cash,Processing,Online,478 Quezon St.,Gift order
O000882,2024-02-28 12:14:00,C00163,E0107,Projector,Mobile Devices,5,7999,0.03,Cash,Returned,Online,735 Rizal St.,Gift order
O000883,2024-01-10 06:22:00,C00352,E0033,Projector,Office Furniture,2,19999,0.2,Cash,shipped ,Marketplace,413 Bonifacio St.,
O000884,2022-09-15 22:54:00,C00815,E0139,TABLET,Mobile Devices,6,999,0.05,GCash,Pending,Online,"Unit 9, Building 38",Gift order
O000885,2023-07-04 18:05:00,C00355,E0036,Webcam,Computer Accessories,2,4999,,PayPal, delivered ,STORE,"Unit 5, Building 37",Call customer
O000886,2025-04-03 09:12:00,C00885,E0102,Monitor,Computer Accessories,6,7999,0.1,GCash,Shipped,Online,"Unit 19, Building 6",
O000887,2024-03-30 23:28:00,C00804,E0196,Office Chair,Mobile Devices,3,1499,0.2,Bank Transfer,Pending,Marketplace,"Unit 15, Building 2",Deliver after 5PM
O000888,2023-11-02 21:14:00,C00140,E0001,Smartphone,Computer Accessories,9,7999,0.1, GCASH,Cancelled,online,439 Rizal St.,Gift order
O000889,2023-04-03 09:49:00,C00656,E0026,Tablet,Electronics,4,4999,0.1,PayPal,Delivered,Store,604 Quezon St.,Gift order
O000890,2024-07-11 06:38:00,C00350,E0070,Desk,Mobile Devices,7,,0.2,Credit Card,Pending,STORE, 992 BONIFACIO ST. ,Deliver after 5PM
O000891,2022-12-27 13:53:00,C00917,E0013, SMARTPHONE ,Electronics,3,2999,0.15, Bank Transfer,,Online,"Unit 2, Building 3",Deliver after 5PM
O000892,2023-10-18 08:25:00,C00587,E0060,Projector,Electronics,5,7999,,DEBIT CARD,Delivered,STORE,225 Rizal St.,Urgent
O000893,2025-09-14 17:40:00,C00672,E0011,Mouse,Mobile Devices,6,19999,0.15,,Shipped ,Store,322 Bonifacio St.,Urgent
O000894,2022-10-13 07:35:00,C00397,E0213,Keyboard,Mobile Devices,7,7999,0.2,Debit Card,Pending,Marketplace,"Unit 19, Building 40",Deliver after 5PM
O000895,2024-08-02 09:18:00,C00165,E0177,External Drive,Computer Accessories,1,9999,0.03,PayPal,,online,771 Quezon St.,Gift order
O000896,2022-09-08 11:59:00,C00888,E0027,Monitor,Mobile Devices,2,9999,,Debit Card,Delivered,online,506 Main St.,Urgent
O000897,2022-05-01 04:33:00,C00930,E0048,Mouse,Electronics,8,1999,,Cash,Delivered,Online,"Unit 9, Building 49",Urgent
O000898,2024-02-14 10:21:00,C00425,E0123,Printer,Electronics,2,1499,,Debit Card,Delivered,Store,364 Quezon St.,Call customer
O000899,2022-10-13 23:26:00,C00972,E0027,External Drive,Electronics,10,499,0.05,Bank Transfer,Processing,STORE,"Unit 3, Building 21",
O000900,2024-05-11 15:02:00,C00010,E0249,Tablet,Mobile Devices,1,19999,0.15,Cash,Processing,Marketplace,"Unit 6, Building 49",Gift order
O000901,2022-04-16 07:58:00,C00797,E0139, Tablet,Office Furniture ,6,4999,0.03,debit card,Cancelled,,137 Quezon St.,Urgent
O000902,2022-12-07 08:43:00,C00688,E0100,External Drive,Networking,8,799,0.2,Bank Transfer,Shipped,,,
O000903,2025-02-13 11:41:00,C00540,E0025,Tablet,Computer Accessories,9,7999,0.1,GCash,Pending,,987 Rizal St.,Gift order
O000904,2023-01-15 11:15:00,C00377,E0072,Monitor,Mobile Devices,5,799,0.05, credit card ,Delivered,Store,"Unit 17, Building 10",Call customer
O000905,2025-09-29 09:55:00,C00369,E0114,Monitor,Mobile Devices,5,7999,0.1,Bank Transfer,Pending,,"Unit 2, Building 34",Call customer
O000906,2024-03-01 09:40:00,C00895,E0242, Webcam ,Office Furniture,8,4999,,Credit Card,Returned,online,479 Rizal St.,Urgent
O000907,2022-02-03 17:18:00,C00527,E0197,Laptop,Computer Accessories,2,7999,0.03,Bank Transfer,Pending,Marketplace,802 Quezon St.,Gift order
O000908,2023-05-06 08:54:00,C00101,E0100,Desk,Networking,1,1499,0.2,Credit Card,Shipped,Marketplace,"Unit 1, Building 35",Gift order
O000909,2022-11-08 05:57:00,C00438,E0021,Laptop,Networking,2,799,0.15,PayPal, Pending ,online,"Unit 4, Building 29",Call customer
O000910,2023-02-13 16:53:00,C00285,E0019,Laptop,Networking,2,4999,0.05,Debit Card,Delivered,Store,"UNIT 3, BUILDING 28 ",Urgent
O000911,2024-12-10 18:12:00,C00948,E0004,Smartphone,Computer Accessories,5,499,0.2,,Processing,Online," unit 14, building 28 ",Urgent
O000912,2022-09-07 15:48:00,C00830,E0017,Keyboard,Mobile Devices,8,14999,0.2,Debit Card, Cancelled,STORE,982 bonifacio st. ,
O000913,2024-06-21 12:35:00,C00872,E0084,external drive , mobile devices ,3,4999,0,PayPal, shipped,Store,"Unit 18, Building 15",
O000914,2023-04-21 15:41:00,C00864,E0188,Webcam,,5,1499,0.03,Credit Card,Cancelled,Marketplace,"Unit 10, Building 36",Urgent
O000915,2025-04-24 20:02:00,C00960,E0172,Webcam,Electronics,1,2999,0.05,Cash,Pending,Store,478 Quezon St.,Gift order
O000916,2023-06-03 09:16:00,C00497,E0241,Printer,,4,14999,0,PayPal,Delivered,STORE,"Unit 17, Building 26",Gift order
O000917,2023-03-03 15:18:00,C00139,E0057,Desk,Electronics,10,4999,0.1,Bank Transfer,,Online,557 Main St.,Urgent
O000918,2023-12-30 04:50:00,C00374,E0030,,Networking,5,499,,PayPal,Delivered,,"Unit 14, Building 36",
O000919,2023-03-21 21:47:00,C00154,E0067,Projector,Electronics,4,4999,0.05,Credit Card,Shipped,Store,775 Bonifacio St.,Call customer
O000920,2023-05-08 19:23:00,C00186,E0154,External Drive,Networking,1,9999,0.03,Debit Card,PENDING ,,"Unit 11, Building 18",
O000921,2024-07-09 14:02:00,C00070,E0155,Printer,Networking,10,499,0.15,Debit Card,Delivered,online,,Gift order
O000922,2023-02-26 12:34:00,C00830,E0029,Router,Office Furniture,2,499,0.05,PayPal,processing,,"Unit 15, Building 43",
O000923,2024-05-19 18:37:00,C00316,E0196, Monitor,Networking,6,9999,0.03,PayPal,Pending,online,336 Quezon St.,Urgent
O000924,2025-04-16 03:10:00,C00934,E0167,Keyboard, mobile devices,9,14999,0.05,Cash,Shipped,STORE,"Unit 12, Building 13",
O000925,2025-12-17 08:13:00,C00995,E0127,Laptop,Electronics,4,799,0.1,GCash,Shipped,Online,278 Mabini St.,Call customer
O000926,2022-03-16 14:23:00,C00745,E0109,Printer,Electronics,3,1499,0,GCash,Cancelled,,"Unit 18, Building 33",Call customer
O000927,2022-11-12 14:59:00,C00614,E0039,UPS,Electronics,5,14999,0.2,PayPal,Delivered,online,"Unit 9, Building 29",Gift order
O000928,2025-02-21 22:42:00,C00193,E0250,Tablet,Computer Accessories,8,799,0.05,PayPal,Delivered,online,471 Main St.,
O000929,2025-07-24 03:30:00,C00387,E0245, EXTERNAL DRIVE ,Networking,1,1999,0.05,Bank Transfer,Delivered,Online,"UNIT 5, BUILDING 29 ",Gift order
O000930,2023-08-29 05:44:00,C00525,E0141, smartphone ,Computer Accessories,10,14999,0.03, bank transfer,Delivered,Store,"Unit 11, Building 33",Call customer
O000931,2024-09-15 04:21:00,C00162,E0168,Laptop,Networking,5,4999,0.15,Bank Transfer,Pending,,360 Main St.,
O000932,2025-12-07 19:55:00,C00836,E0209,Router,Networking,2,999,0,Debit Card,Pending,,651 Rizal St.,Gift order
O000933,2025-03-03 08:14:00,C00564,E0171,Laptop,Electronics,3,9999,0.1, GCASH ,Delivered,online,"Unit 18, Building 25",Call customer
O000934,2022-10-01 13:07:00,C00375,E0128,Laptop,Computer Accessories,,7999,0.2, DEBIT CARD, shipped,STORE,858 Bonifacio St.,Call customer
O000935,2025-02-23 12:38:00,C00192,E0086,Smartphone,office furniture,4,2999,0.2,Bank Transfer, shipped,STORE,"Unit 3, Building 12",Call customer
O000936,2023-05-30 10:33:00,C00115,E0051,Printer,Electronics,2,14999,0.03,PayPal,Shipped,Marketplace,"Unit 5, Building 9",Gift order
O000937,2022-03-22 23:43:00,C00597,E0185, headset,Mobile Devices,1,799,0.03,PayPal,Delivered,Marketplace,568 Main St.,Deliver after 5PM
O000938,2023-05-27 00:46:00,C00894,E0004,Office Chair, MOBILE DEVICES ,1,2999,0.15,PayPal,Shipped,STORE,"Unit 2, Building 22",
O000939,2023-03-30 10:41:00,C00797,E0061,monitor ,Computer Accessories,10,14999,0,Cash ,Delivered,online,795 Mabini St.,Deliver after 5PM
O000940,2024-12-08 06:25:00,C00844,E0144,External Drive,Mobile Devices,1,7999,0.15,PayPal,Pending,online,5 Bonifacio St.,
O000941,2023-06-16 23:27:00,C00430,E0101,Office Chair,Mobile Devices,6,7999,,,Cancelled,Online,"Unit 17, Building 37",
O000942,2024-03-25 08:22:00,C00899,E0083,Mouse,Computer Accessories,7,999,0.15,,Processing,,566 Quezon St.,Gift order
O000943,2022-07-22 06:42:00,C00122,E0130,,Office Furniture,6,2999,0.1,Credit Card,Shipped,Online,"Unit 12, Building 18",
O000944,2025-08-01 15:32:00,C00016,E0111,Tablet,Networking,10,9999,0.03,Credit Card,Cancelled,Store, 975 Quezon St. ,Urgent
O000945,2024-08-20 10:14:00,C00771,E0089,Office Chair,Networking,2,9999,0.2,PayPal,Pending,Store,"Unit 1, Building 6",
O000946,2022-02-24 13:08:00,C00586,E0074,Printer,Office Furniture,6,499,,debit card, cancelled ,,"Unit 14, Building 43",Deliver after 5PM
O000947,2025-07-28 01:56:00,C00770,E0014,Router,Electronics,8,1999,0.03,Cash,Cancelled,Marketplace,,
O000948,2025-08-08 17:28:00,C00955,E0073, Keyboard , Mobile Devices ,10,2999,0.2,Bank Transfer,Processing,Marketplace,371 Quezon St.,
O000949,2024-12-03 16:56:00,C00443,E0009,Mouse,Computer Accessories,2,799,0.05,GCash,Returned,online,556 Bonifacio St.,
O000950,2023-08-08 14:21:00,C00319,E0115,External Drive,Networking,9,1499,0.15,PayPal,Returned,STORE,349 Rizal St. ,Gift order
O000951,2022-06-16 13:45:00,C00464,E0135,Smartphone,Mobile Devices,10,1999,0.2,GCash,Delivered,online,"Unit 8, Building 37",Call customer
O000952,2025-07-29 10:50:00,C00178,E0059,Smartphone, ELECTRONICS ,2,799,0.1,Bank Transfer,Cancelled,Marketplace,"Unit 20, Building 32",
O000953,2024-09-07 17:40:00,C00024,E0202,LAPTOP ,Networking,3,499,0, Bank Transfer ,Cancelled,Marketplace,"Unit 2, Building 37",
O000954,2025-11-29 21:51:00,C00528,E0178,Headset, Office Furniture,1,499,0.05,PayPal,Returned,online,"Unit 5, Building 40",Urgent
O000955,2022-04-02 11:07:00,C00669,E0056,Projector,Computer Accessories,10,7999,0.03,Credit Card,Delivered,,459 Quezon St.,
O000956,2022-09-24 12:51:00,C00010,E0077,Router,Networking,9,7999,0,,delivered,Online,979 Quezon St.,Call customer
O000957,2024-03-18 12:56:00,C00813,E0217,UPS,Electronics,10,7999,0.03,Credit Card,Processing,online,513 Rizal St.,Urgent
O000958,2024-03-03 18:23:00,C00502,E0053,Office Chair,Networking,6,2999,0.1,Cash,Returned,STORE,"Unit 20, Building 20",Call customer
O000959,2024-04-30 23:43:00,C00623,E0053,Smartphone, computer accessories,7,799,,Bank Transfer,Returned,Store,595 Main St.,Call customer
O000960,2024-03-16 12:13:00,C00812,E0014,Office Chair,Networking,7,1499,0,Bank Transfer,Returned,, 868 main st.,Urgent
O000961,2025-11-09 23:30:00,C00909,E0042,External Drive,Office Furniture,10,4999,0.2,GCash,Delivered,Online,343 Mabini St.,Urgent
O000962,2025-11-21 18:58:00,C00563,E0047,Projector, ELECTRONICS,10,14999,0.2,Cash,Processing,STORE, 200 Quezon St.,Deliver after 5PM
O000963,2023-08-12 02:23:00,C00273,E0045,Router,office furniture,2,999,0.15,Bank Transfer,Shipped,STORE,"Unit 8, Building 45",Urgent
O000964,2025-11-15 17:20:00,C00787,E0038,Webcam,Computer Accessories,1,4999,0.03,Credit Card,Shipped,STORE," unit 17, building 40",Deliver after 5PM
O000965,2025-08-21 13:19:00,C00273,E0106,Printer,office furniture ,7,9999,0.1,Cash,Pending,Marketplace,744 Main St.,Gift order
O000966,2023-10-10 12:47:00,C00328,E0136,laptop,Networking,1,19999,0,Bank Transfer,Shipped,online,"Unit 7, Building 29",Gift order
O000967,2025-07-22 09:24:00,C00284,E0191,Tablet,Computer Accessories,4,1499,0.1,Bank Transfer,Processing,Store,,Urgent
O000968,2024-09-20 09:13:00,C00119,E0154,,Electronics,4,1999,0.03,Credit Card,Pending,,578 Quezon St.,Deliver after 5PM
O000969,2024-09-23 14:15:00,C00595,E0030,Tablet,Networking,1,14999,0.05,Bank Transfer,Processing,Marketplace,"Unit 15, Building 42",Call customer
O000970,2024-11-02 23:38:00,C00627,E0138,Printer,Office Furniture,6,7999,0.2,PayPal,DELIVERED ,Marketplace,"Unit 16, Building 31",Gift order
O000971,2025-08-04 05:05:00,C00925,E0209,Monitor,mobile devices,9,1999,0.1,Debit Card,Cancelled,STORE,869 Rizal St.,
O000972,2025-08-02 00:58:00,C00449,E0059,Desk,Office Furniture,10,499,0,Debit Card,Pending,Marketplace,311 Rizal St.,
O000973,2024-08-19 03:08:00,C00782,E0105,Office Chair,Office Furniture,4,1499,,Credit Card,Shipped,online,"Unit 18, Building 2",Urgent
O000974,2024-10-28 05:46:00,C00501,E0196,Smartphone,Networking,10,4999,0.15,GCash ,Processing,online,"Unit 19, Building 31",
O000975,2024-11-21 23:15:00,C00511,E0129,External Drive,Office Furniture,,4999,0.15,Cash,Shipped,Marketplace,678 Main St.,Urgent
O000976,2025-06-02 23:49:00,C00187,E0177,Keyboard,Computer Accessories,2,499,0.2,Credit Card,Delivered,Marketplace,"Unit 3, Building 48",
O000977,2022-05-19 14:28:00,C00453,E0043,Printer,Office Furniture,10,9999,,PayPal,Cancelled,Online,"Unit 10, Building 1",Call customer
O000978,2023-02-15 22:35:00,C00489,E0037,Desk,Mobile Devices,6,1499,0.2,Cash,Returned,Online,"Unit 7, Building 3",Gift order
O000979,2023-01-08 02:49:00,C00801,E0008,Projector,Networking,2,2999,0.1,GCash,Processing,STORE,790 Rizal St.,Urgent
O000980,2024-08-26 03:30:00,C00381,E0136,mouse,Networking,7,1499,0.15,GCash,Delivered,Store," UNIT 14, BUILDING 22",Call customer
O000981,2025-03-01 11:28:00,C00776,E0164,Smartphone,Networking,6,,0.2,Credit Card,Pending,Store,,Deliver after 5PM
O000982,2023-10-18 10:33:00,C00804,E0121,Smartphone ,,4,2999,0.05, DEBIT CARD,Shipped,Online,416 Quezon St.,
O000983,2022-08-23 02:21:00,C00722,E0071,Headset,OFFICE FURNITURE ,7,4999,0,debit card ,,STORE,"Unit 13, Building 20",Call customer
O000984,2024-06-14 20:22:00,C00576,E0056,Desk,Computer Accessories,1,19999,0.03,Debit Card,Cancelled,Online,497 Main St.,
O000985,2023-08-31 20:42:00,C00850,E0182,Desk,Computer Accessories,5,19999,0.2,Cash,RETURNED,STORE,"Unit 18, Building 49",Urgent
O000986,2023-10-10 03:19:00,C00515,E0242,Headset,Networking,7,799,0.15,GCash,Pending,online,983 Bonifacio St.,Urgent
O000987,2025-07-07 17:18:00,C00104,E0098,Printer,Networking,2,19999,0,Credit Card,Processing ,Online,"Unit 13, Building 38",Urgent
O000988,2025-04-11 11:59:00,C00647,E0145,Smartphone,Networking,5,7999,0,Cash,DELIVERED ,Online,"Unit 15, Building 6",Call customer
O000989,2023-06-22 03:23:00,C00758,E0163,Keyboard,Networking,5,1999,0.15,Debit Card,Shipped,,"Unit 4, Building 15",Call customer
O000990,2025-05-03 16:31:00,C00197,E0114,Mouse,Office Furniture,3,499,,Debit Card,Delivered,Online,722 Quezon St.,Call customer
O000991,2023-07-08 00:50:00,C00362,E0088,DESK ,Computer Accessories,2,1499,0.05,Credit Card,Pending,Marketplace,"Unit 1, Building 37",Urgent
O000992,2025-07-11 11:49:00,C00654,E0016,Webcam,Mobile Devices,6,499,0.15,,Processing,Store,401 Rizal St.,Urgent
O000993,2025-09-06 19:13:00,C00254,E0063,Keyboard,Computer Accessories,2,1499,0.1,PayPal,Shipped,STORE,"Unit 17, Building 8",Deliver after 5PM
O000994,2024-07-03 20:45:00,C00622,E0157,Mouse,Computer Accessories,10,19999,0.05,Debit Card,Delivered,online,419 Bonifacio St.,Call customer
O000995,2023-04-16 12:41:00,C00407,E0032,UPS,Computer Accessories,9,1499,0,Bank Transfer,Pending,Marketplace, 43 Rizal St. ,
O000996,2022-07-16 16:01:00,C00434,E0035,WEBCAM,Mobile Devices,7,,0.03,Debit Card, Pending,Store,"Unit 18, Building 7",Call customer
O000997,2022-06-27 10:37:00,C00431,E0217,Keyboard,Networking,1,19999,0.15,Debit Card,Processing,,179 Rizal St. ,
O000998,2025-01-31 22:09:00,C00067,E0016,Webcam,Electronics,2,1499,0.03,Bank Transfer,Cancelled,, 19 quezon st. ,Gift order
O000999,2024-12-23 12:26:00,C00401,E0143,UPS, Computer Accessories,1,9999,,Bank Transfer,Pending,online,85 Mabini St.,
O001000,2025-05-19 04:01:00,C00494,E0002,Smartphone ,Office Furniture,6,19999,0,Debit Card,Delivered,,548 Bonifacio St.,Gift order
O001001,2023-04-13 17:07:00,C00139,E0148,Headset,Computer Accessories,3,999,0.03,Debit Card,Pending,,"Unit 18, Building 44",Call customer
O001002,2023-08-21 07:41:00,C00466,E0140,laptop,Office Furniture,9,4999,0.05,Credit Card,Cancelled,Store,"Unit 12, Building 41",Call customer
O001003,2023-11-20 17:15:00,C00476,E0249,Laptop,Electronics,,499,0.2,Cash,processing,STORE,724 Bonifacio St.,
O001004,2024-02-07 21:26:00,C00032,E0024,UPS,Computer Accessories,5,499,0.1,Credit Card,Pending,online, 171 RIZAL ST.,Gift order
O001005,2023-04-10 07:07:00,C00108,E0002,Monitor,Networking ,5,499,0.03,Bank Transfer,shipped,Marketplace,,Call customer
O001006,2024-04-25 14:51:00,C00613,E0095,Monitor,Networking,6,999,0.05,Credit Card,Processing,Online,"Unit 17, Building 49",
O001007,2022-04-22 12:26:00,C00376,E0227,Headset, OFFICE FURNITURE ,1,999,0.03,Bank Transfer, Processing,STORE,"Unit 12, Building 11",Call customer
O001008,2024-12-15 14:58:00,C00747,E0142,Projector,Networking,9,14999,,Debit Card,PENDING ,Marketplace,"Unit 10, Building 24",Gift order
O001009,2023-03-21 02:58:00,C00907,E0183, printer ,Mobile Devices,8,799,,Debit Card,Cancelled,,834 Main St.,
O001010,2022-07-05 15:25:00,C00117,E0027, Smartphone ,Electronics,8,499,0,GCash,RETURNED,online,,
O001011,2025-03-12 02:42:00,C00916,E0224,Headset,Computer Accessories,5,999,0.2,Cash ,Returned,Online,"Unit 9, Building 31",
O001012,2024-03-21 13:09:00,C00436,E0230,UPS,Electronics,3,999,0.2,Bank Transfer,Shipped,Store,"Unit 12, Building 7",Urgent
O001013,2023-07-26 22:27:00,C00264,E0084,Mouse,COMPUTER ACCESSORIES,3,799,0.1,,Pending,,842 Mabini St.,
O001014,2022-08-02 07:41:00,C00970,E0128,Webcam,Electronics,7,1499,0,GCash,Returned,online,766 Quezon St.,Call customer
O001015,2022-08-07 22:43:00,C00274,E0180,Mouse,Mobile Devices,5,7999,0.03,Bank Transfer,delivered ,Marketplace,"Unit 3, Building 43",Call customer
O001016,2022-04-10 08:00:00,C00531,E0084,Tablet,Mobile Devices,,7999,0,Debit Card,Returned,Store,"UNIT 11, BUILDING 47 ",
O001017,2024-12-22 08:28:00,C00759,E0225,Tablet,Computer Accessories,7,4999,0.03,Bank Transfer, PENDING,,"Unit 6, Building 48",Deliver after 5PM
O001018,2022-02-23 16:34:00,C00154,E0246,Smartphone,Networking,7,9999,0,Debit Card,Cancelled ,Store,"Unit 6, Building 22",Urgent
O001019,2023-12-11 00:52:00,C00435,E0045,Router,Electronics,9,2999,0, DEBIT CARD, Delivered,Store,717 Quezon St.,Call customer
O001020,2022-11-06 00:38:00,C00115,E0095,Smartphone,Electronics,1,7999,0.05,GCash, shipped,,983 Mabini St.,Deliver after 5PM
O001021,2024-01-16 11:44:00,C00230,E0102,Printer,Computer Accessories,8,7999,0.15,Bank Transfer,Delivered,online, 984 MAIN ST.,
O001022,2023-05-06 20:13:00,C00693,E0012,Keyboard,Networking,1,7999,,Debit Card,Shipped,Online,175 Rizal St.,Deliver after 5PM
O001023,2024-09-18 07:33:00,C00590,E0078,Mouse,Electronics,8,499,0.2,Cash,Shipped,online,982 Bonifacio St. ,
O001024,2025-02-08 05:08:00,C00458,E0018,OFFICE CHAIR,Office Furniture,9,499,0.03,GCash,Processing,Store,455 Mabini St.,
O001025,2023-04-03 06:28:00,C00321,E0079,Laptop,Networking,10,1999,0.05,,Processing,Marketplace,666 Bonifacio St.,Deliver after 5PM
O001026,2022-07-27 21:07:00,C00764,E0060,Webcam,Electronics,1,19999,0.2,Credit Card,Cancelled,online,"Unit 6, Building 22",Urgent
O001027,2024-08-09 02:23:00,C00222,E0191,Laptop,Electronics,2,2999,0.03,Bank Transfer,delivered ,Store,"Unit 19, Building 5",
O001028,2025-04-23 10:21:00,C00862,E0049,Printer,Computer Accessories,1,14999,0,GCASH ,Cancelled,Store,29 Quezon St.,
O001029,2023-08-11 11:33:00,C00277,E0115,Router,Office Furniture,8,999,,Debit Card,Processing,Online,787 Quezon St.,Urgent
O001030,2024-02-27 14:39:00,C00746,E0009,Tablet,Mobile Devices,3,499,0.2,,Processing,,"Unit 18, Building 7",
O001031,2023-06-23 08:20:00,C00270,E0076, KEYBOARD,Office Furniture,8,9999,0.1,Debit Card,Returned,online,817 mabini st.,Deliver after 5PM
O001032,2025-05-07 21:15:00,C00311,E0224,Laptop, mobile devices ,2,1499,0,Debit Card,Shipped,Marketplace,,Call customer
O001033,2022-03-18 00:18:00,C00811,E0055,Printer,Mobile Devices,5,2999,0.15, Debit Card ,Cancelled,Store,881 Mabini St.,Gift order
O001034,2022-05-04 02:12:00,C00115,E0044,Smartphone,Networking,8,14999,0.15,PayPal,Pending,Online,377 Bonifacio St.,
O001035,2023-11-24 00:28:00,C00493,E0244,External Drive,Networking,8,1999,0.05,Cash,Returned,Store,"Unit 8, Building 8",
O001036,2022-11-29 11:19:00,C00608,E0108,Printer,Mobile Devices,7,9999,0.1,Credit Card, shipped,Online,888 Main St.,
O001037,2025-10-30 21:17:00,C00333,E0148,Monitor,Office Furniture,10,999,0.2,Debit Card,Cancelled,Online,"Unit 19, Building 43",Deliver after 5PM
O001038,2023-06-07 12:15:00,C00820,E0129,Headset,Networking,3,19999,,Bank Transfer,Returned,online,429 Mabini St.,
O001039,2023-10-21 07:17:00,C00126,E0109,Keyboard,Mobile Devices,6,799,0.1,Bank Transfer,Delivered,,974 Quezon St.,Deliver after 5PM
O001040,2023-01-24 11:10:00,C00116,E0115,Desk,Networking,3,2999,0.03,Cash,Shipped,online,"Unit 4, Building 2",Gift order
O001041,2023-03-12 23:37:00,C00457,E0123,Headset,Electronics,8,499,,Debit Card,Delivered,Online,139 Mabini St.,Call customer
O001042,2023-06-09 19:18:00,C00380,E0100,Smartphone,Office Furniture,10,9999,0.03,Debit Card,Cancelled,Marketplace,"Unit 16, Building 25",Call customer
O001043,2025-11-13 08:11:00,C00011,E0176,Headset ,Mobile Devices,1,14999,,PayPal,Delivered,Marketplace,689 Bonifacio St.,Deliver after 5PM
O001044,2025-04-05 08:53:00,C00831,E0157,webcam ,Office Furniture,,4999,0.1,Credit Card,Cancelled,Marketplace,"Unit 2, Building 4",Gift order
O001045,2022-07-30 13:22:00,C00503,E0028,Desk,Mobile Devices,8,7999,0.05, GCash,Cancelled,,483 Rizal St.,
O001046,2024-03-06 19:04:00,C00146,E0054,Laptop,,10,7999,0.15,Cash,Returned,,"Unit 5, Building 14",Urgent
O001047,2024-06-04 18:55:00,C00714,E0098,Smartphone,Office Furniture,5,14999,0,GCash ,Shipped,Marketplace,41 Rizal St.,Deliver after 5PM
O001048,2022-07-13 08:27:00,C00029,E0208,Mouse,Mobile Devices,10,2999,0.03,PayPal,Shipped,online,443 Quezon St.,Call customer
O001049,2023-01-22 17:43:00,C00543,E0129,Printer,Networking,6,19999,0.03,Credit Card,Cancelled,Marketplace,55 Rizal St.,Gift order
O001050,2022-10-07 21:50:00,C00048,E0243,Projector, Computer Accessories,10,1499,0.05,Debit Card,Returned,,"Unit 8, Building 45",
O001051,2024-09-25 18:56:00,C00821,E0044,Projector,Networking,9,14999,0,GCash,Shipped,STORE,,Gift order
O001052,2025-12-14 05:38:00,C00762,E0082,Headset, MOBILE DEVICES ,7,2999,0,Cash,Pending,Store,610 Mabini St.,Urgent
O001053,2024-05-14 11:28:00,C00031,E0021,Tablet,Computer Accessories,5,14999,0.05,paypal,Shipped,Store,978 Main St.,
O001054,2025-11-29 22:04:00,C00369,E0107,Laptop,,5,14999,0.1,Cash,Returned,online,"Unit 7, Building 16",
O001055,2022-04-01 02:53:00,C00424,E0041,Monitor,Mobile Devices,2,19999,0.03,Credit Card,Processing,," unit 1, building 1",Deliver after 5PM
O001056,2024-05-23 12:03:00,C00855,E0071,Projector,Electronics,2,1999,0,PayPal,Pending,Marketplace,54 Main St.,
O001057,2022-08-19 18:20:00,C00819,E0228,Router,Networking,1,999,0.03,GCash,Pending,Marketplace,935 Bonifacio St.,Call customer
O001058,2022-01-17 08:10:00,C00679,E0192,Router,Electronics,7,1999,0.05,Bank Transfer,Shipped,,"UNIT 16, BUILDING 50",
O001059,2024-02-23 01:23:00,C00363,E0234, HEADSET,Office Furniture,2,14999,0.05,Debit Card,SHIPPED,STORE,"Unit 5, Building 48",
O001060,2022-02-08 16:34:00,C00686,E0132,Smartphone,Computer Accessories,1,799,0.1,Debit Card, DELIVERED,,518 Main St.,Gift order
O001061,2025-09-12 17:05:00,C00437,E0093,Tablet,Computer Accessories,1,4999,0.03,PayPal,Delivered,Online,700 Main St.,
O001062,2023-10-23 01:01:00,C00357,E0194,Monitor,Mobile Devices,7,499,0.1,Cash,Delivered,Store,"Unit 12, Building 24",Deliver after 5PM
O001063,2025-07-04 13:58:00,C00619,E0186,Keyboard,Computer Accessories,1,4999,0,Credit Card,Pending,Online,"Unit 5, Building 8",Deliver after 5PM
O001064,2024-09-20 17:14:00,C00695,E0148,Monitor ,Mobile Devices,8,1999,0.15,Debit Card,Returned,online,606 Bonifacio St. ,Gift order
O001065,2022-09-22 01:34:00,C00367,E0126,Projector,Electronics,2,499,0.03, PayPal,Returned,Online,"Unit 11, Building 40",Deliver after 5PM
O001066,2022-08-05 10:07:00,C00416,E0225,External Drive,Mobile Devices,7,799,0.15,PayPal, Pending,online,526 Quezon St.,Urgent
O001067,2023-10-31 08:23:00,C00573,E0205,UPS,Computer Accessories,1,,0.1,PayPal,Delivered,STORE,937 Rizal St.,
O001068,2022-01-10 13:24:00,C00873,E0183,External Drive,Mobile Devices,5,9999,0.03,Cash,Shipped,Store,"Unit 14, Building 1",Gift order
O001069,2023-07-20 18:55:00,C00479,E0227,Tablet,Office Furniture,8,,0.05, CREDIT CARD,,online,,
O001070,2023-10-19 20:50:00,C00337,E0077,Headset,Mobile Devices,10,9999,0.1,Cash,Processing,Online,"Unit 17, Building 11",Gift order
O001071,2022-12-02 11:20:00,C00075,E0082,Projector, Electronics ,1,2999,0.05,CASH,,Marketplace,126 Rizal St.,
O001072,2023-07-02 02:32:00,C00959,E0212,Laptop,Electronics,2,,0.2,PayPal,Pending,STORE,619 Rizal St.,
O001073,2025-07-03 04:50:00,C00232,E0131,Headset,computer accessories ,9,14999,0.1,Credit Card,Delivered,Marketplace,"UNIT 14, BUILDING 3 ",Gift order
O001074,2023-02-25 19:54:00,C00072,E0146,Mouse,Networking,2,999,,Credit Card,Processing,Marketplace,"Unit 3, Building 43",Call customer
O001075,2025-11-20 19:50:00,C00557,E0150,Office Chair,Office Furniture,7,9999,,Credit Card,Pending,STORE,564 Bonifacio St.,
O001076,2022-04-05 04:12:00,C00538,E0162,External Drive,Mobile Devices,3,1499,0.15,Credit Card,Cancelled,,,Call customer
O001077,2023-05-18 17:58:00,C00668,E0040, DESK,Mobile Devices,7,9999,0.1,Bank Transfer,,Store,995 Quezon St.,Deliver after 5PM
O001078,2022-10-29 06:12:00,C00556,E0044,Printer,Electronics,,7999,0.15,Bank Transfer,Cancelled,online,"Unit 1, Building 37",Gift order
O001079,2024-07-31 16:59:00,C00971,E0147,,Networking,9,19999,0.15,Bank Transfer,Cancelled,STORE,65 Rizal St.,Urgent
O001080,2024-01-27 05:34:00,C00795,E0020,Smartphone, Computer Accessories,7,,0.15,GCash,Cancelled,Store,127 Main St.,
O001081,2022-01-09 19:34:00,C00588,E0012,Projector,Office Furniture,5,1999,0.15,GCash,Shipped,Marketplace,553 Quezon St.,Urgent
O001082,2022-07-24 06:04:00,C00305,E0015,Office Chair,Mobile Devices,1,4999,0.1,Bank Transfer,Shipped,Online,544 Quezon St.,Urgent
O001083,2025-08-08 10:45:00,C00539,E0136,,Electronics,8,799,,Debit Card, returned,Marketplace,"Unit 4, Building 31",Urgent
O001084,2023-07-08 15:38:00,C00163,E0116,Mouse,Electronics,5,1499,0.15,GCash,Delivered,online,534 Mabini St.,Call customer
O001085,2024-06-24 14:18:00,C00679,E0082,Projector,Computer Accessories,3,799,0.15,Debit Card, Shipped,online,466 Rizal St.,Urgent
O001086,2022-10-05 22:26:00,C00793,E0067,Monitor,Computer Accessories,5,,0.05,Credit Card,Returned,Store," Unit 5, Building 13",Gift order
O001087,2025-08-22 16:47:00,C00233,E0093,Desk,Office Furniture,10,4999,0,Cash,Shipped,,949 Main St.,Gift order
O001088,2023-04-20 20:23:00,C00423,E0221,Printer,Electronics,1,499,0.1, bank transfer,,STORE,"Unit 13, Building 23",Call customer
O001089,2023-05-25 01:03:00,C00891,E0126,Router,Computer Accessories,9,1999,0.2,Cash,Shipped ,, 564 bonifacio st. ,Gift order
O001090,2024-02-04 12:36:00,C00414,E0193, UPS ,,1,7999,0.2,Credit Card,Pending,Store,152 Quezon St.,Deliver after 5PM
O001091,2025-08-16 09:48:00,C00063,E0217,Office Chair,Office Furniture,6,999,0.05,Bank Transfer, shipped,,"Unit 7, Building 46",Deliver after 5PM
O001092,2025-08-02 17:31:00,C00353,E0226,Office Chair,Computer Accessories,10,999,0.2,Cash,Pending,Marketplace,747 Rizal St.,Urgent
O001093,2025-05-20 15:29:00,C00735,E0250,Keyboard,Office Furniture,5,19999,,Bank Transfer,Delivered,,"Unit 10, Building 31",
O001094,2023-07-16 19:30:00,C00011,E0105,Headset,,4,19999,,GCash,Cancelled,Store, 629 bonifacio st. ,Urgent
O001095,2024-05-17 11:32:00,C00292,E0133, TABLET,mobile devices,8,499,0.03,Credit Card,Shipped,Marketplace,985 Main St.,Call customer
O001096,2023-07-18 01:45:00,C00222,E0019,Router,Office Furniture,1,9999,0.2,Debit Card,Delivered,,939 Mabini St.,Urgent
O001097,2025-11-16 23:53:00,C00187,E0101,Printer,Electronics,9,999,0,GCASH,Cancelled,online,651 Quezon St.,
O001098,2024-06-28 00:39:00,C00415,E0046,UPS, Computer Accessories ,7,999,0.1,Bank Transfer,Pending,online,42 Quezon St.,Deliver after 5PM
O001099,2024-10-18 15:42:00,C00200,E0100,Tablet,Mobile Devices,4,14999,,Debit Card,Returned,STORE,"Unit 17, Building 24",Deliver after 5PM
O001100,2022-11-11 16:10:00,C00108,E0081,Tablet,Office Furniture ,10,499,0.05,GCash,Delivered,Marketplace,659 mabini st.,
O001101,2025-09-24 06:41:00,C00768,E0025,Projector,Office Furniture,6,4999,0.1, Credit Card ,Pending ,STORE," UNIT 12, BUILDING 34 ",Call customer
O001102,2023-04-11 16:57:00,C00922,E0056,UPS,Networking,7,1499,0.05,Credit Card,Returned,Marketplace,"Unit 6, Building 12",
O001103,2025-06-05 15:20:00,C00212,E0138,Headset ,Networking,2,2999,, paypal,Shipped,Online,"Unit 13, Building 43",
O001104,2025-03-22 20:24:00,C00849,E0037,External Drive,Electronics,4,9999,0.2,Bank Transfer,Processing,online,"unit 1, building 42 ",
O001105,2025-08-16 03:50:00,C00489,E0091,TABLET ,Electronics,2,19999,0,Bank Transfer,Returned,Online,"Unit 11, Building 4",
O001106,2022-06-16 00:11:00,C00430,E0217,Smartphone,Networking,6,7999,0.05,Bank Transfer,Returned ,Marketplace,"Unit 11, Building 1",Deliver after 5PM
O001107,2022-02-13 23:09:00,C00780,E0180,Keyboard,Networking,1,14999,0.1,Bank Transfer,Shipped,online,"Unit 11, Building 14",
O001108,2024-12-17 02:40:00,C00665,E0097,Monitor,Electronics,3,14999,,Cash,Pending,Online,"Unit 15, Building 4",Call customer
O001109,2022-08-31 03:29:00,C00609,E0148,Printer,Electronics,8,7999,0,GCash,Pending,Marketplace,631 Quezon St.,Deliver after 5PM
O001110,2023-03-25 00:32:00,C00577,E0139,Webcam,Computer Accessories,9,9999,,Credit Card,Cancelled,STORE,"Unit 18, Building 44",Gift order
O001111,2023-06-04 16:11:00,C00264,E0125,Projector,,1,499,0.05,Credit Card,Processing,Store,"Unit 3, Building 21",
O001112,2024-12-04 02:17:00,C00416,E0079,Tablet,Electronics,3,9999,, bank transfer ,Returned ,Online,383 Bonifacio St.,Deliver after 5PM
O001113,2022-06-25 07:07:00,C00248,E0098,External Drive,,2,2999,0.2,Bank Transfer,Shipped,Marketplace,"Unit 9, Building 4",Deliver after 5PM
O001114,2022-05-13 10:06:00,C00908,E0024,Projector,Electronics,10,1999,0.15,PayPal,,STORE,"Unit 2, Building 41",Deliver after 5PM
O001115,2022-05-29 09:19:00,C00106,E0123,External Drive,Computer Accessories,7,19999,0, Debit Card, delivered,Marketplace,568 Rizal St.,
O001116,2024-09-09 15:45:00,C00237,E0016,MOUSE,Electronics,6,7999,0,GCash, Delivered ,Marketplace,649 Quezon St.,Deliver after 5PM
O001117,2023-12-11 16:59:00,C00140,E0221,Projector,Computer Accessories,6,799,0,GCash,Processing,online,"Unit 2, Building 35",
O001118,2022-12-05 13:32:00,C00204,E0178,Printer, computer accessories ,10,19999,0.05,PayPal,Delivered,Marketplace,798 Main St.,Call customer
O001119,2024-01-25 07:10:00,C00507,E0063,Monitor,Computer Accessories,,2999,0.15,Credit Card,Returned,Marketplace,241 Mabini St.,
O001120,2024-09-15 18:56:00,C00383,E0005,Laptop,Office Furniture,7,999,0.03,Debit Card,Returned,Marketplace,"unit 6, building 40",Urgent
O001121,2024-01-19 23:22:00,C00024,E0197,Desk,Computer Accessories,3,14999,0.1,Debit Card,Delivered,online,"Unit 2, Building 24",
O001122,2022-10-06 13:09:00,C00066,E0022,Office Chair,Computer Accessories,2,4999,0,Bank Transfer,Processing,Online,"Unit 15, Building 31",
O001123,2025-01-20 16:44:00,C00602,E0138,,Electronics,4,7999,0.15,PayPal,Shipped,Store,553 Bonifacio St.,
O001124,2022-11-04 20:50:00,C00766,E0094,Projector,Networking,10,4999,0.2,Bank Transfer,Shipped,Store,642 Mabini St.,Urgent
O001125,2023-07-29 13:53:00,C00215,E0133,Laptop,Mobile Devices,3,14999,0,bank transfer,Processing,Marketplace,349 Main St.,Urgent
O001126,2025-06-16 04:04:00,C00711,E0048,Headset,Networking,10,9999,0.05,Cash,Processing,Store,"Unit 12, Building 25",
O001127,2024-04-30 05:20:00,C00327,E0044,Webcam,Mobile Devices,10,4999,0.03,Cash,Cancelled,STORE, 959 quezon st. ,
O001128,2022-12-24 06:45:00,C00572,E0170,Webcam,Office Furniture,4,4999,0.05, Bank Transfer ,Delivered,,728 Quezon St.,Urgent
O001129,2022-05-29 22:37:00,C00247,E0012,External Drive,Networking,1,1999,0.2,Bank Transfer,Delivered,Marketplace,181 main st. ,Urgent
O001130,2025-05-10 02:45:00,C00709,E0113,Printer, computer accessories ,2,799,0.15,GCash ,Processing,Store,506 Mabini St.,Deliver after 5PM
O001131,2023-10-13 19:51:00,C00353,E0034,Projector, networking,,1499,0.1,CREDIT CARD,Delivered,Store,"Unit 3, Building 15",Urgent
O001132,2022-11-16 06:34:00,C00031,E0218,Tablet,Mobile Devices,2,1499,0.03,Cash,,Marketplace,398 Bonifacio St.,
O001133,2024-08-11 15:09:00,C00713,E0183,Tablet,Electronics,3,499,0,Credit Card,Shipped,Store,372 Main St.,Call customer
O001134,2022-05-20 01:19:00,C00900,E0229,Office Chair, OFFICE FURNITURE,5,4999,0,Bank Transfer,Cancelled,Store,301 Main St.,Urgent
O001135,2023-11-24 18:40:00,C00815,E0099,Mouse,Mobile Devices,7,2999,0.03,Debit Card,Processing,Online,,Deliver after 5PM
O001136,2023-09-04 03:25:00,C00532,E0062, Smartphone ,Electronics,8,2999,0.1,Debit Card,Shipped,Marketplace,"Unit 13, Building 48",
O001137,2022-07-20 16:06:00,C00357,E0027,Tablet,,1,,0.1,, Cancelled ,online,993 Mabini St.,Gift order
O001138,2024-08-27 20:22:00,C00678,E0038,Smartphone,Mobile Devices,5,4999,0.03,Debit Card,Returned,online,"Unit 18, Building 48",Urgent
O001139,2022-01-21 04:56:00,C00393,E0201,Smartphone,Office Furniture,9,7999,0.03, DEBIT CARD,Returned,,"Unit 15, Building 19",Call customer
O001140,2024-01-15 18:23:00,C00437,E0185,Tablet,Networking,9,499,0,Debit Card, Shipped ,Marketplace,209 Quezon St.,Urgent
O001141,2023-06-19 10:03:00,C00043,E0039,Projector,Electronics,2,1999,0.1,Cash,,Store,372 Rizal St.,
O001142,2023-01-21 08:47:00,C00355,E0077,UPS ,Computer Accessories,7,999,0.15,Bank Transfer,Shipped,Marketplace," Unit 18, Building 8",Deliver after 5PM
O001143,2024-04-11 19:40:00,C00677,E0250,Office Chair, Electronics,1,9999,0.2,Bank Transfer,Shipped,online,"Unit 15, Building 36",Call customer
O001144,2022-04-08 17:16:00,C00254,E0204,Projector,Mobile Devices,1,19999,0.05,Debit Card,Pending,STORE,,Deliver after 5PM
O001145,2023-12-07 20:21:00,C00700,E0086,,Computer Accessories,5,1499,0.05,PayPal,Cancelled,Marketplace,853 Bonifacio St.,Deliver after 5PM
O001146,2024-12-19 01:49:00,C00871,E0221,Office Chair,Networking,9,1499,0,Cash,Cancelled,Online, 233 BONIFACIO ST.,Deliver after 5PM
O001147,2022-10-19 22:44:00,C00865,E0126,UPS,Office Furniture,10,,0,Debit Card,Returned,online,"Unit 10, Building 16",Gift order
O001148,2023-03-01 17:41:00,C00508,E0109,Tablet,Networking,2,19999,0.1,GCash,Returned,Store,"Unit 7, Building 11",Gift order
O001149,2022-03-29 06:43:00,C00416,E0196,Office Chair,Electronics,2,14999,0.1, DEBIT CARD,Delivered,Store,"Unit 17, Building 29",Deliver after 5PM
O001150,2022-06-25 20:40:00,C00106,E0121,, Office Furniture,1,2999,0.15,Bank Transfer,Returned,Store,547 Main St.,Call customer
O001151,2023-01-30 09:04:00,C00424,E0032, monitor,,8,799,0.03,Credit Card,Cancelled,Store,"Unit 10, Building 8",Call customer
O001152,2023-12-16 13:55:00,C00547,E0084, Tablet ,,4,799,0.15,PayPal,Cancelled,STORE,"Unit 4, Building 20",
O001153,2022-08-02 12:23:00,C00812,E0242,Printer,Mobile Devices,1,9999,0.2,Cash, Returned ,,"UNIT 17, BUILDING 11 ",Deliver after 5PM
O001154,2024-07-25 06:48:00,C00529,E0022,Mouse,Computer Accessories,4,799,0,GCash,Cancelled,Online,,
O001155,2024-12-10 23:14:00,C00262,E0149,Keyboard,Computer Accessories,2,19999,0.1,Bank Transfer,Pending,Store,949 Quezon St.,
O001156,2025-02-17 03:35:00,C00516,E0137, MOUSE ,NETWORKING ,6,1499,0.2,PayPal,Cancelled,Online,159 Bonifacio St.,Gift order
O001157,2025-11-16 21:16:00,C00091,E0107,Headset,Computer Accessories,2,499,0.15,PayPal,Cancelled,STORE,664 Bonifacio St.,
O001158,2025-02-13 04:50:00,C00608,E0082,Mouse,Networking,9,799,0.03,PayPal,Pending,,308 Bonifacio St.,
O001159,2022-11-23 07:03:00,C00395,E0126,Laptop,Office Furniture,,9999,0.05,Cash,Cancelled,Online,262 mabini st. ,Deliver after 5PM
O001160,2024-07-03 09:32:00,C00436,E0180,Monitor,Computer Accessories,3,1499,0.15,Credit Card,Delivered,Online,"Unit 7, Building 40",
O001161,2023-05-07 13:35:00,C00715,E0106,Tablet,Computer Accessories,1,4999,0,Bank Transfer,Returned,Store,488 Mabini St.,Deliver after 5PM
O001162,2023-07-12 11:14:00,C00577,E0036,Router,Office Furniture,8,7999,0.05,bank transfer,Returned,Marketplace,320 Bonifacio St.,Gift order
O001163,2022-03-18 09:08:00,C00509,E0164,Laptop,Computer Accessories,6,499,0.1,GCash,Pending,Online,"Unit 8, Building 29",Urgent
O001164,2025-04-21 09:00:00,C00161,E0112,Tablet,Mobile Devices,1,1999,0.2,GCash,Shipped,Online,16 Bonifacio St.,Deliver after 5PM
O001165,2024-08-05 00:55:00,C00131,E0160,printer,Computer Accessories,4,14999,0.03, cash ,Shipped,STORE,388 Rizal St.,
O001166,2025-09-26 15:42:00,C00491,E0054,Webcam,Office Furniture ,6,4999,0.05,Cash,Delivered,online,900 Main St.,Gift order
O001167,2022-02-12 22:10:00,C00523,E0022,Printer,Networking,6,4999,0,Bank Transfer,Shipped,Marketplace,270 Quezon St.,Urgent
O001168,2024-05-05 00:23:00,C00722,E0151,Desk,Networking,9,9999,0.15,GCash,Returned,Online,527 Quezon St.,Call customer
O001169,2025-08-02 00:12:00,C00822,E0191,Desk ,Networking,5,9999,0.03,Credit Card,Pending,,299 MABINI ST.,Call customer
O001170,2024-06-19 19:39:00,C00873,E0219,External Drive,Computer Accessories,1,7999,,Cash,Processing,Marketplace,458 Bonifacio St.,Call customer
O001171,2022-08-12 01:18:00,C00621,E0093,External Drive,Computer Accessories,7,7999,0.1,PayPal,Shipped,online,"Unit 15, Building 6",Call customer
O001172,2024-07-13 18:07:00,C00945,E0042,Webcam,Office Furniture,1,14999,0,Credit Card,Returned,online,"Unit 15, Building 26",Urgent
O001173,2025-10-14 12:24:00,C00401,E0155,,Networking,9,9999,0.15,Credit Card,Pending,Marketplace,126 Bonifacio St.,Deliver after 5PM
O001174,2023-08-08 19:03:00,C00464,E0036,Office Chair,Office Furniture,5,1999,0,Bank Transfer, PENDING,STORE,"Unit 2, Building 30",Deliver after 5PM
O001175,2023-05-19 19:07:00,C00964,E0226,Laptop,Networking,7,499,0.15,GCash,Pending,Online,"Unit 18, Building 32",
O001176,2024-08-19 11:01:00,C00616,E0161,Keyboard,Networking,10,19999,,Bank Transfer,Delivered,Marketplace,"Unit 8, Building 6",
O001177,2024-11-28 12:11:00,C00815,E0058,External Drive,Computer Accessories,8,9999,0.03,Cash,Processing ,,,Call customer
O001178,2024-04-04 12:23:00,C00404,E0077,Printer,Computer Accessories,10,7999,0.03,GCash, SHIPPED ,STORE,668 Main St.,Deliver after 5PM
O001179,2023-05-27 08:58:00,C00167,E0211,Laptop,Networking,9,499,0.15,Debit Card,Delivered,STORE,429 Bonifacio St.,Urgent
O001180,2023-01-21 02:50:00,C00951,E0081,Smartphone,Mobile Devices,,1999,0,PayPal,Delivered,online,"Unit 6, Building 31",
O001181,2025-03-14 23:54:00,C00631,E0080, UPS ,Office Furniture,4,1499,,bank transfer,Cancelled,,"Unit 2, Building 47",
O001182,2023-03-14 02:34:00,C00847,E0036,Mouse,Networking,8,1499,0.05,Debit Card,returned ,STORE,288 Quezon St.,Call customer
O001183,2025-10-14 01:04:00,C00118,E0229,Printer,Office Furniture,9,14999,0.15,Debit Card,Returned,Store,"Unit 5, Building 35",
O001184,2022-01-05 15:44:00,C00342,E0217,Monitor,Office Furniture,4,9999,,Bank Transfer, cancelled ,STORE,"Unit 9, Building 4",Call customer
O001185,2023-07-06 13:45:00,C00661,E0111,monitor,Networking,3,,0.2, Bank Transfer ,Pending,Marketplace,"Unit 8, Building 49",Urgent
O001186,2025-01-25 00:44:00,C00773,E0054,Monitor,Electronics,1,499,0.2,GCash,Pending,Marketplace,701 Rizal St.,Call customer
O001187,2025-07-22 23:48:00,C00916,E0085,Smartphone,Office Furniture,3,14999,0,PayPal,Processing,Marketplace,"Unit 12, Building 25",Gift order
O001188,2025-01-23 22:14:00,C00074,E0008,Tablet,Electronics,10,1499,0.03,GCash,Delivered,STORE,"Unit 17, Building 1",
O001189,2024-11-09 07:38:00,C00576,E0111,Projector,Mobile Devices,4,499,0.15,PayPal,Delivered,,"Unit 15, Building 49",Gift order
O001190,2022-11-19 21:20:00,C00102,E0241,Webcam,Mobile Devices,8,499,0.1,GCash,shipped,Online,"Unit 5, Building 3",Deliver after 5PM
O001191,2022-04-07 14:18:00,C00258,E0123,Headset,COMPUTER ACCESSORIES,1,19999,0.15,,Delivered,Online, 588 Quezon St.,Gift order
O001192,2024-09-27 05:39:00,C00915,E0111,Monitor,Networking,7,14999,0.03,Bank Transfer,Pending,online,712 Bonifacio St.,Gift order
O001193,2024-01-21 04:44:00,C00770,E0050,Laptop,Electronics,9,1499,,Cash,Cancelled,Online,339 Rizal St.,Gift order
O001194,2023-08-28 02:51:00,C00025,E0206,Printer ,Networking,7,1999,0.1,Credit Card ,Returned,Marketplace,486 Main St.,
O001195,2024-05-30 14:41:00,C00262,E0032, Webcam ,,8,9999,0,PayPal,Cancelled,STORE,738 Main St.,
O001196,2023-12-08 12:17:00,C00461,E0152,Laptop,Computer Accessories,6,9999,0.05,Bank Transfer,Shipped,,944 Mabini St.,
O001197,2025-04-09 19:45:00,C00412,E0081,Keyboard,Electronics,4,7999,,Debit Card,Processing,Store,,Gift order
O001198,2022-03-08 00:01:00,C00832,E0182,External Drive,Office Furniture,8,2999,0.03,Cash,Processing,Marketplace, 83 main st. ,Gift order
O001199,2022-12-25 12:14:00,C00941,E0067,Webcam,Electronics,1,9999,0.2,PayPal,Delivered,Online,110 Rizal St.,
O001200,2023-04-20 01:25:00,C00720,E0104,webcam,Networking,8,999,0,Bank Transfer, Shipped,online,207 Quezon St.,
O001201,2024-03-19 17:26:00,C00298,E0122,UPS,Mobile Devices,5,4999,0,Bank Transfer,Shipped,online,"Unit 11, Building 12",Gift order
O001202,2025-01-07 18:53:00,C00398,E0161,UPS,Computer Accessories,8,1499,0,PayPal,Returned,Online,"Unit 1, Building 40",
O001203,2025-10-22 14:50:00,C00969,E0098,Router, Computer Accessories ,6,19999,0.15,Bank Transfer ,returned,Marketplace,"UNIT 8, BUILDING 50",Deliver after 5PM
O001204,2025-10-31 00:27:00,C00408,E0014,Smartphone,,9,799,0.1,GCash,Shipped,,"Unit 9, Building 13",Urgent
O001205,2024-04-14 07:20:00,C00990,E0236,Mouse,Computer Accessories,1,9999,,PayPal,Returned,online,"Unit 18, Building 32",Deliver after 5PM
O001206,2024-04-13 09:31:00,C00747,E0078,Webcam,Mobile Devices,10,19999,0.03,PayPal ,Returned ,Marketplace," Unit 17, Building 10 ",
O001207,2023-01-19 10:33:00,C00008,E0066,EXTERNAL DRIVE ,Networking,9,7999,0.05,PayPal ,Cancelled,Marketplace, 963 MAIN ST. ,
O001208,2025-09-07 04:40:00,C00855,E0084,Laptop,Office Furniture,6,1999,0.2,Bank Transfer,Shipped,Online,"Unit 14, Building 20",
O001209,2023-04-08 17:42:00,C00241,E0051,Office Chair,Mobile Devices,3,7999,,Debit Card,Shipped,STORE,550 Main St.,Urgent
O001210,2023-09-26 03:31:00,C00661,E0197,Tablet,Electronics,5,4999,0,Debit Card,Delivered,STORE,657 Main St.,Call customer
O001211,2024-11-30 08:18:00,C00502,E0179,Monitor,Networking,2,999,0.1,Debit Card,,STORE,"Unit 10, Building 18",Call customer
O001212,2022-01-29 16:00:00,C00651,E0012,Projector,Electronics,1,9999,0.15,Bank Transfer,Returned,Store,"Unit 8, Building 30",Urgent
O001213,2024-05-01 20:20:00,C00900,E0099,Office Chair, NETWORKING,,9999,0.15,Cash,Pending,STORE,,Call customer
O001214,2023-02-04 14:34:00,C00742,E0168,Projector,Electronics,7,9999,,, pending,STORE,"Unit 6, Building 14",
O001215,2024-03-12 05:07:00,C00575,E0016,,Computer Accessories,2,2999,0.15,Credit Card,Processing,,"Unit 5, Building 43",Deliver after 5PM
O001216,2023-05-02 09:37:00,C00554,E0125,Smartphone,Mobile Devices,4,9999,,gcash,Processing,STORE,517 Mabini St.,
O001217,2023-03-18 20:33:00,C00329,E0246,UPS,Office Furniture,2,4999,0.05,PayPal,Cancelled,Marketplace,737 Bonifacio St.,
O001218,2025-06-02 09:04:00,C00192,E0119,Tablet,Mobile Devices,10,2999,0,PayPal,Shipped,Marketplace,945 Bonifacio St.,Urgent
O001219,2024-11-17 08:21:00,C00044,E0216,Laptop,Computer Accessories,5,9999,0.05,GCash,Cancelled,Marketplace,753 Bonifacio St.,
O001220,2025-02-15 20:42:00,C00885,E0054,External Drive,Office Furniture,8,499,0.05,PayPal ,Shipped,,778 Mabini St.,Deliver after 5PM
O001221,2023-07-04 13:52:00,C00131,E0200,Mouse,Computer Accessories,1,799,0,Credit Card,Returned,Marketplace,804 Quezon St.,Call customer
O001222,2022-08-26 18:44:00,C00052,E0160,Office Chair,Networking,8,999,0.1,Credit Card,Cancelled,Marketplace,470 Quezon St.,Urgent
O001223,2025-10-02 17:38:00,C00428,E0064,Printer,Office Furniture,2,19999,, PAYPAL,Pending,Store,"Unit 11, Building 50",Gift order
O001224,2023-05-26 06:49:00,C00492,E0097,Office Chair,Office Furniture,9,19999,,Debit Card,Delivered,Marketplace,"Unit 13, Building 18",
O001225,2024-03-31 09:55:00,C00361,E0067,Desk,Office Furniture,2,1499,0.05,Credit Card,Cancelled,Store,"Unit 17, Building 19",Call customer
O001226,2022-08-31 22:44:00,C00201,E0124,Laptop,Office Furniture,1,2999,,Cash,Cancelled,Online,"Unit 15, Building 24",Call customer
O001227,2022-12-01 05:36:00,C00079,E0158,Smartphone,Networking,4,1499,0.05,Cash,Pending,online,"UNIT 10, BUILDING 13 ",Deliver after 5PM
O001228,2024-11-30 10:38:00,C00278,E0121,Printer,Computer Accessories,2,1999,,Debit Card,Delivered,STORE," unit 7, building 46",
O001229,2024-09-11 14:24:00,C00809,E0159,Desk,Computer Accessories,9,19999,0,PayPal,Cancelled,, 808 Main St. ,
O001230,2024-09-30 09:03:00,C00434,E0147,Office Chair,Electronics,5,2999,0.1,Bank Transfer, processing ,STORE,"unit 12, building 38",Call customer
O001231,2025-04-08 22:11:00,C00356,E0082,Projector,Electronics,6,9999,0.05,Credit Card,Delivered,Store,341 Main St.,Gift order
O001232,2023-02-16 04:31:00,C00133,E0135, router,Networking,3,1499,0,Debit Card,Processing,online,3 Rizal St.,Gift order
O001233,2023-07-23 02:45:00,C00176,E0085,keyboard ,Computer Accessories,10,9999,,Cash,Returned,online,"Unit 12, Building 3",
O001234,2023-10-01 17:23:00,C00252,E0086,Printer,Computer Accessories,1,19999,0.2,DEBIT CARD , PROCESSING ,Store,"Unit 1, Building 18",Deliver after 5PM
O001235,2022-10-04 15:23:00,C00384,E0108,Webcam,Computer Accessories,4,1999,,Debit Card,Delivered,Marketplace,605 Bonifacio St.,Urgent
O001236,2025-06-08 18:49:00,C00354,E0184,Office Chair,Computer Accessories,9,4999,,Credit Card,Pending,,,
O001237,2023-08-15 00:19:00,C00342,E0106,Smartphone,Office Furniture,6,499,0,GCash,Cancelled,,"Unit 11, Building 35",Gift order
O001238,2025-12-28 22:08:00,C00063,E0103,Mouse, MOBILE DEVICES,3,1999,0,Cash,Processing,Store,349 Bonifacio St.,
O001239,2022-10-29 01:53:00,C00568,E0106,Smartphone,Electronics,7,799,0.03,PayPal,Returned,Marketplace, 306 Rizal St. ,
O001240,2022-09-27 22:03:00,C00176,E0140,Smartphone,Office Furniture,2,1499,0.15, debit card ,Processing,Store,"Unit 13, Building 8",Urgent
O001241,2025-04-20 08:57:00,C00058,E0231,External Drive,Mobile Devices,5,4999,0.05,Bank Transfer,Shipped,Online,,Gift order
O001242,2022-03-23 19:03:00,C00932,E0032,Router,Networking,4,4999,0.03, PayPal,Processing,STORE,"Unit 11, Building 39",Gift order
O001243,2023-02-05 17:46:00,C00443,E0043, Tablet ,Mobile Devices,5,1499,0.05,Credit Card,Pending,Marketplace,181 Rizal St.,Gift order
O001244,2025-10-27 00:49:00,C00176,E0080,Office Chair,Computer Accessories,1,19999,0,Credit Card,Shipped,,27 Bonifacio St.,
O001245,2025-08-12 11:02:00,C00286,E0029,Office Chair,Office Furniture,3,14999,0.1,PayPal,Processing,STORE,458 Bonifacio St.,Deliver after 5PM
O001246,2022-02-14 10:15:00,C00371,E0147, office chair, Networking,10,19999,0.1,,,online,"Unit 18, Building 28",Call customer
O001247,2024-03-17 21:29:00,C00256,E0190,Office Chair,Networking,6,999,0.15,Cash,Delivered,,859 Rizal St.,Call customer
O001248,2022-09-24 21:43:00,C00896,E0095,Office Chair,Computer Accessories,2,799,,Cash ,Returned,,"Unit 9, Building 4",Call customer
O001249,2024-09-17 01:15:00,C00778,E0051, Router , Computer Accessories ,5,999,0.05,Credit Card,Pending,Store,"Unit 12, Building 10",
O001250,2022-03-30 19:04:00,C00374,E0062,Router,Electronics,9,1499,0.2, Credit Card,Delivered,online,289 Quezon St.,
O001251,2025-07-06 21:24:00,C00038,E0120,Smartphone,Networking,3,9999,0.03, PAYPAL ,Shipped,Online,"Unit 20, Building 41",
O001252,2022-08-19 23:32:00,C00072,E0212,Laptop,Electronics,,19999,0.15,PayPal,Pending,Marketplace,"Unit 6, Building 2",Urgent
O001253,2022-02-03 22:26:00,C00688,E0217,Printer, computer accessories ,5,799,0,Cash,Cancelled,STORE,325 Main St.,Gift order
O001254,2024-01-03 20:07:00,C00413,E0006,Tablet,Office Furniture,5,9999,0.05,Bank Transfer, Returned ,online, 118 main st.,
O001255,2023-06-09 06:48:00,C00878,E0108,,Office Furniture,4,1999,0.2, Bank Transfer ,RETURNED ,Online,450 Rizal St.,Call customer
O001256,2023-10-20 23:47:00,C00758,E0157,Desk,Computer Accessories,1,9999,0,Credit Card,delivered,,628 Bonifacio St.,
O001257,2023-07-05 01:01:00,C00883,E0160,Headset,Electronics,10,19999,0.2,GCash,Processing,online,"Unit 3, Building 22",Call customer
O001258,2023-06-27 20:12:00,C00491,E0063,Webcam,Networking,1,999,0.03,Bank Transfer,Shipped,Online,39 Mabini St.,
O001259,2022-10-05 22:56:00,C00510,E0159,Webcam,Networking,,1499,0.1,GCASH,Shipped,STORE,625 Rizal St.,
O001260,2023-12-29 14:36:00,C00086,E0213,Router,,9,999,0.1,Bank Transfer,Processing,Marketplace,"unit 5, building 25 ",Deliver after 5PM
O001261,2024-05-16 03:05:00,C00761,E0146,Keyboard,Networking,,1999,0,Bank Transfer,,STORE," UNIT 7, BUILDING 14",Gift order
O001262,2022-01-18 22:21:00,C00944,E0013,Smartphone,Mobile Devices,,19999,,Bank Transfer,Processing,,"Unit 17, Building 3",Call customer
O001263,2024-06-01 09:19:00,C00130,E0067,Mouse, NETWORKING,10,14999,,GCash,Pending,Online,"Unit 17, Building 8",Deliver after 5PM
O001264,2023-03-08 13:31:00,C00461,E0114,Printer,Electronics,10,499,0,Bank Transfer,Shipped,,"Unit 9, Building 13",Urgent
O001265,2022-08-04 10:52:00,C00254,E0211,Webcam,Computer Accessories,3,999,0.15,Cash,Delivered,online,"Unit 13, Building 31",Call customer
O001266,2022-06-03 10:15:00,C00531,E0027,keyboard,Computer Accessories,5,1499,0,Cash,,,147 Main St.,
O001267,2024-04-09 00:38:00,C00548,E0207,External Drive,Networking,1,14999,0.15,,Delivered,Marketplace,918 Bonifacio St.,Call customer
O001268,2025-10-07 22:57:00,C00173,E0120,Router, Networking ,2,4999,0.2,PayPal, Pending,Store,"Unit 14, Building 23",
O001269,2025-12-19 16:37:00,C00640,E0148,UPS,Computer Accessories,9,9999,,Bank Transfer,Shipped,STORE,987 Main St.,Call customer
O001270,2025-02-13 14:26:00,C00686,E0174,External Drive,Computer Accessories,5,1999,0.03,PayPal,Cancelled,Online,525 Mabini St.,Gift order
O001271,2025-05-19 09:28:00,C00728,E0147,,Office Furniture,2,9999,0.03,Credit Card,Cancelled,Marketplace,161 Rizal St.,Urgent
O001272,2022-08-17 13:31:00,C00969,E0229,Desk,Mobile Devices,9,14999,0.1,Bank Transfer,Processing,Store,753 Mabini St.,Urgent
O001273,2025-02-14 10:16:00,C00903,E0148,Webcam,Mobile Devices,5,,0.03,Credit Card,Delivered,online,"Unit 17, Building 8",Deliver after 5PM
O001274,2024-03-12 01:08:00,C00887,E0020,Office Chair,,6,1499,0.03,Cash,Cancelled,Online,"Unit 10, Building 46",
O001275,2022-06-05 11:03:00,C00541,E0039,Tablet,Office Furniture,4,1999,0.15,Cash,Processing,STORE,"Unit 10, Building 42",
O001276,2023-09-22 04:56:00,C00841,E0052,Tablet,Electronics,8,1999,0,Cash,Delivered,Marketplace,"Unit 2, Building 50",
O001277,2023-10-15 15:50:00,C00223,E0100,Monitor,Office Furniture,1,19999,0.03,Cash,Pending,,"Unit 20, Building 21",
O001278,2025-08-06 08:32:00,C00077,E0114, Webcam ,Networking,5,19999,0.05,Cash,Pending,online,"Unit 16, Building 43",Deliver after 5PM
O001279,2024-02-13 09:01:00,C00810,E0052,UPS,Office Furniture,1,14999,0.15,PayPal,Processing,Store,"Unit 16, Building 31",Call customer
O001280,2022-01-01 04:14:00,C00280,E0169,,Computer Accessories,2,1999,0.1,Credit Card,Shipped,,791 Quezon St.,Gift order
O001281,2024-09-07 11:24:00,C00240,E0200,Printer,Mobile Devices,6,1999,0,GCash,Delivered,Marketplace,"Unit 13, Building 43",Urgent
O001282,2023-01-07 21:03:00,C00507,E0222,Desk,Computer Accessories,5,7999,0.05,PayPal,pending ,,895 Bonifacio St.,Urgent
O001283,2024-11-13 17:21:00,C00707,E0133,Mouse,Office Furniture,9,7999,,Credit Card,Cancelled,online,"Unit 18, Building 21",Urgent
O001284,2023-07-29 01:09:00,C00395,E0180,Router,Mobile Devices,9,499,0.15,GCash,Pending,online,411 Rizal St.,Call customer
O001285,2024-06-18 14:06:00,C00088,E0088,UPS,Networking ,8,9999,0.15,Bank Transfer,Processing,,508 Rizal St.,Urgent
O001286,2022-06-04 18:44:00,C00435,E0044,Printer,Networking,7,4999,0,GCash,Cancelled,online,492 Quezon St.,Urgent
O001287,2023-10-02 14:36:00,C00434,E0113,Laptop, networking ,3,1999,0.15,PayPal,Delivered,Marketplace,468 Bonifacio St.,Call customer
O001288,2022-11-06 19:32:00,C00453,E0062,Printer,Computer Accessories,10,1499,,Bank Transfer,Pending,Marketplace,897 Mabini St.,Deliver after 5PM
O001289,2022-08-20 18:21:00,C00446,E0117,Headset,Mobile Devices,2,14999,0,Cash,Delivered,Marketplace,321 Rizal St.,Call customer
O001290,2022-11-27 11:20:00,C00742,E0248,Keyboard,ELECTRONICS,6,1499,0.2,Bank Transfer,cancelled ,STORE, 782 quezon st. ,
O001291,2022-09-15 11:35:00,C00338,E0079,Office Chair,Computer Accessories,1,799,0.03,Bank Transfer,Cancelled,Store,"Unit 14, Building 16",Call customer
O001292,2025-10-02 09:46:00,C00770,E0034,External Drive,Networking,9,799,0.03, GCash,Pending,STORE,302 Rizal St.,
O001293,2025-06-11 05:17:00,C00442,E0155,Smartphone, computer accessories ,4,19999,0, cash ,Cancelled,Store,"Unit 2, Building 7",
O001294,2025-10-19 11:39:00,C00063,E0186,Smartphone, MOBILE DEVICES,8,4999,,,Shipped,,277 Quezon St.,Urgent
O001295,2022-08-31 08:13:00,C00191,E0027,Router,Electronics,7,499,0.03,Debit Card,Shipped,,672 Bonifacio St.,Gift order
O001296,2025-05-04 23:06:00,C00389,E0075,Monitor,Networking,10,19999,0.03,PayPal,Pending,Marketplace,588 Mabini St.,
O001297,2025-03-13 00:56:00,C00916,E0211,Smartphone,,,9999,0.05,Bank Transfer,Cancelled,,"Unit 9, Building 39",
O001298,2022-01-07 18:26:00,C00030,E0092,Mouse,Computer Accessories,6,1499,,PayPal,Cancelled,STORE,"UNIT 1, BUILDING 20",Call customer
O001299,2023-12-31 03:43:00,C00914,E0196,Smartphone,office furniture ,4,999,0.05,GCASH,Pending,online,"Unit 1, Building 40",Call customer
O001300,2025-10-17 16:54:00,C00148,E0152,laptop,Computer Accessories,1,1999,0.05,GCash,Shipped,Store,,Gift order
O001301,2024-08-23 06:48:00,C00581,E0165,Router,Office Furniture,1,2999,0.1,Cash,Cancelled,STORE,"Unit 9, Building 2",
O001302,2023-07-15 00:20:00,C00077,E0127, UPS,Office Furniture,9,799,0.1,Cash, Returned ,Online," Unit 10, Building 44 ",Deliver after 5PM
O001303,2024-02-28 04:20:00,C00680,E0247,Router,Mobile Devices,7,799,0.03,cash,Pending,STORE,262 Main St. ,Urgent
O001304,2022-11-19 08:48:00,C00954,E0174,Desk,Computer Accessories ,10,4999,0.03,PayPal,cancelled ,Online, 169 Rizal St.,Call customer
O001305,2024-01-26 20:24:00,C00197,E0100,Webcam,Office Furniture,4,999,,Debit Card,Processing,Marketplace,679 Bonifacio St.,
O001306,2025-03-16 20:00:00,C00994,E0070,Keyboard,Electronics,6,499,0.2,Credit Card,Shipped,online," Unit 1, Building 45",
O001307,2024-02-03 18:05:00,C00383,E0087, OFFICE CHAIR, Office Furniture ,8,14999,0, Debit Card ,Cancelled,Marketplace,796 Bonifacio St.,
O001308,2025-09-20 05:01:00,C00394,E0081,external drive ,Office Furniture,10,799,0.03,Bank Transfer,Pending,Store," Unit 12, Building 49 ",
O001309,2022-10-11 08:54:00,C00435,E0078,Projector,Electronics,1,499,0.05,Bank Transfer,Cancelled,,29 Mabini St.,Gift order
O001310,2024-08-29 00:42:00,C00485,E0157,Tablet,Mobile Devices,1,1999,0.2, PayPal,Returned,Online,"Unit 12, Building 1",Call customer
O001311,2025-06-19 19:24:00,C00027,E0243,Laptop,Electronics,8,4999,0.15,Debit Card,Pending,Marketplace,651 rizal st. ,
O001312,2023-08-01 04:08:00,C00216,E0196, WEBCAM ,Electronics,10,1499,0.03,Bank Transfer,Cancelled,online,"UNIT 14, BUILDING 38",
O001313,2025-04-02 10:57:00,C00246,E0150,Laptop,Networking,2,2999,0.03,GCash,Processing,Store,"Unit 6, Building 47",Deliver after 5PM
O001314,2025-01-06 23:18:00,C00663,E0142,Headset,Electronics,10,1499,0.1,Cash,Returned,Online,"Unit 17, Building 17",
O001315,2022-11-16 23:31:00,C00453,E0156,Projector,Networking,9,14999,0.03,Cash,Cancelled,,470 Main St.,Deliver after 5PM
O001316,2022-12-12 23:31:00,C00428,E0113,Webcam,Office Furniture,4,1999,0.15,Bank Transfer,Returned,,650 Main St.,Gift order
O001317,2023-11-01 09:07:00,C00352,E0170,Headset,Electronics,6,1999,0.05,GCash,Pending,online,"Unit 10, Building 41",Urgent
O001318,2022-02-24 00:04:00,C00602,E0045,Monitor,Mobile Devices,2,1999,0.05,Debit Card, Returned ,,"Unit 11, Building 7",
O001319,2024-12-25 11:27:00,C00277,E0056,Headset,Mobile Devices,7,1999,0.2,, PROCESSING,online," Unit 6, Building 25",
O001320,2022-08-07 23:17:00,C00450,E0044,office chair,Mobile Devices,7,499,0.03,PayPal,Cancelled,Store," unit 1, building 28",
O001321,2023-11-19 17:33:00,C00074,E0027,UPS,Electronics,6,999,0.05,PayPal ,Delivered,Marketplace,60 QUEZON ST.,Call customer
O001322,2022-09-13 19:24:00,C00363,E0060,Monitor,Computer Accessories,3,14999,0.1, Credit Card ,Shipped,, 47 Quezon St.,Deliver after 5PM
O001323,2023-11-12 16:36:00,C00085,E0125,External Drive,Networking,8,1999,0,GCash,Processing,STORE,59 MAIN ST.,Urgent
O001324,2024-12-20 07:23:00,C00294,E0204,Webcam,Networking,3,1499,0.05, PayPal,Delivered,online,36 Mabini St.,Gift order
O001325,2024-01-21 10:40:00,C00481,E0015,Keyboard,Electronics,8,14999,0.15,GCash,Pending,,"Unit 2, Building 10",
O001326,2025-08-22 11:16:00,C00477,E0222,Laptop ,Electronics,10,499,0.1,Credit Card,Processing,online,"Unit 9, Building 26",Gift order
O001327,2022-01-20 09:34:00,C00328,E0193,Desk,Computer Accessories,2,799,0.1,PayPal,CANCELLED,Online,185 Mabini St.,Urgent
O001328,2025-04-06 02:25:00,C00947,E0090,Mouse,Electronics,3,999,0.03,Debit Card,Delivered,online,"Unit 13, Building 24",Call customer
O001329,2024-12-02 16:55:00,C00241,E0170,PRINTER ,Mobile Devices,,4999,0.03,PayPal,Delivered,online,392 Bonifacio St.,Call customer
O001330,2024-05-04 10:15:00,C00014,E0158,Mouse,Electronics,1,999,0.05,Cash, cancelled ,Store,"Unit 7, Building 31",Urgent
O001331,2024-10-18 18:14:00,C00638,E0072,Projector,Office Furniture,3,19999,0.15,Credit Card,Returned,Store, 963 Quezon St.,Urgent
O001332,2024-11-20 02:50:00,C00943,E0020,Smartphone,Mobile Devices,10,9999,0.1,Cash,Cancelled,Marketplace,"Unit 7, Building 15",Gift order
O001333,2022-10-28 08:49:00,C00400,E0126,Mouse,Networking ,3,999,0.03,Debit Card, Processing ,STORE,886 Bonifacio St.,Gift order
O001334,2023-06-04 11:06:00,C00794,E0246,Printer,Office Furniture,6,799,0.03,Credit Card,Delivered,,5 Mabini St.,Gift order
O001335,2024-03-20 23:19:00,C00675,E0001,Headset ,Electronics,2,19999,0.03,Bank Transfer,Shipped,online,"Unit 14, Building 38",
O001336,2024-02-14 14:56:00,C00078,E0242,Tablet,Networking,6,2999,0.15, BANK TRANSFER ,Shipped,STORE,813 Mabini St.,
O001337,2023-07-05 06:56:00,C00441,E0051,Monitor,Networking,3,1999,0.03,PayPal, Processing ,Marketplace,135 Main St.,
O001338,2025-09-30 23:55:00,C00335,E0026,Laptop,Mobile Devices,1,1499,0.1,GCash,Cancelled,STORE," UNIT 8, BUILDING 11",
O001339,2023-03-22 10:41:00,C00620,E0173,Smartphone,Networking,5,1499,0,Credit Card,Shipped,Online,719 Mabini St.,
O001340,2024-11-02 05:20:00,C00691,E0038,Laptop,Mobile Devices,8,4999,0.2,PayPal,Cancelled,Store,"Unit 10, Building 23",
O001341,2022-07-24 18:42:00,C00612,E0155, MOUSE ,Electronics,2,4999,0.05,GCash,Pending,online," unit 13, building 6 ",Gift order
O001342,2025-10-28 00:30:00,C00496,E0002,Desk,Office Furniture,7,7999,0.05, Cash,Cancelled,Online,"Unit 20, Building 50 ",Urgent
O001343,2022-04-18 08:05:00,C00661,E0097,UPS,Networking,3,14999,0,PayPal,Delivered,online,988 Mabini St.,Urgent
O001344,2025-07-31 11:22:00,C00859,E0027,Desk, office furniture,8,,0.1,Bank Transfer,Shipped,STORE,648 Main St.,Call customer
O001345,2025-09-13 01:39:00,C00339,E0166,Office Chair ,Electronics,4,4999,0.15,Credit Card,Delivered,Store,"Unit 7, Building 23",
O001346,2025-05-27 14:56:00,C00721,E0206,Smartphone,Computer Accessories,7,1499,0.1,PayPal,Shipped,,417 Rizal St.,
O001347,2022-06-07 14:51:00,C00341,E0089,Mouse,Office Furniture,6,1499,,Bank Transfer,Cancelled,STORE,"Unit 20, Building 17",
O001348,2025-05-27 18:46:00,C00458,E0149,Mouse,Mobile Devices,9,2999,0,credit card ,Pending,Marketplace,"Unit 19, Building 26",Urgent
O001349,2023-09-30 04:35:00,C00163,E0191,Smartphone,Networking,5,499,0.05,Cash,Shipped,online,"Unit 2, Building 29",Deliver after 5PM
O001350,2024-09-27 10:04:00,C00837,E0248, ups ,Computer Accessories,10,499,, bank transfer,Pending,STORE,157 Bonifacio St.,Call customer
O001351,2022-06-30 22:13:00,C00802,E0189,Monitor,Office Furniture,1,999,0,Bank Transfer,Shipped,Store,494 Bonifacio St.,Gift order
O001352,2023-12-08 15:44:00,C00845,E0098,Mouse,Computer Accessories,6,4999,0.03,PayPal,Shipped,online,351 Main St.,Deliver after 5PM
O001353,2023-02-14 01:35:00,C00416,E0170,External Drive,Office Furniture,2,1499,0,Cash,Returned,Store,"Unit 4, Building 32",
O001354,2023-02-03 06:18:00,C00852,E0250,Monitor,Mobile Devices,1,7999,0.03,Bank Transfer, Cancelled,online,473 Bonifacio St.,
O001355,2025-01-19 01:09:00,C00697,E0123,,Computer Accessories,9,9999,0.15,PayPal,Delivered,Marketplace,"Unit 14, Building 20",
O001356,2025-05-25 20:43:00,C00607,E0145,Router,Office Furniture,5,7999,0.03,PayPal , Cancelled ,Marketplace,638 Main St.,Deliver after 5PM
O001357,2025-08-09 00:41:00,C00248,E0158,Office Chair,,6,7999,0.15,PayPal,Processing,STORE,189 Quezon St.,Call customer
O001358,2025-01-11 21:03:00,C00722,E0044,Mouse,Office Furniture,5,14999,0.15,PayPal,,Online,"Unit 12, Building 44",Call customer
O001359,2025-02-01 09:31:00,C00746,E0211,Router,,1,7999,,Credit Card, processing,Online,138 Mabini St.,
O001360,2023-03-04 05:00:00,C00781,E0018,Laptop,Mobile Devices,2,499,0.15,GCash,Delivered,Marketplace,906 Main St.,
O001361,2022-04-25 15:48:00,C00358,E0027,Headset,Networking,4,1499,0.03,GCash,Pending,online,293 Quezon St.,Call customer
O001362,2025-03-27 22:22:00,C00164,E0017,Tablet,Mobile Devices,10,2999,0.1,Debit Card,Pending,,"Unit 10, Building 5",Urgent
O001363,2024-06-18 13:54:00,C00789,E0131,Office Chair,Office Furniture,9,999,0.05,Bank Transfer,Shipped,Marketplace,694 Quezon St.,Deliver after 5PM
O001364,2024-04-13 11:53:00,C00886,E0087, monitor,Office Furniture,8,14999,0.05,,Processing,online," unit 16, building 40",
O001365,2024-03-24 13:53:00,C00517,E0096,Laptop,Electronics,4,9999,0.03,Bank Transfer,Returned,Online," Unit 6, Building 12",Urgent
O001366,2025-02-23 00:11:00,C00920,E0127,Desk,Electronics,5,4999,0.03,Debit Card,Shipped,online,646 Main St. ,Call customer
O001367,2025-02-21 19:15:00,C00340,E0129,Projector,Mobile Devices,6,1499,0.03,GCash,Pending,Marketplace,"Unit 20, Building 46 ",
O001368,2023-10-21 02:08:00,C00773,E0148,Headset, Electronics,1,799,0.05,Credit Card,Pending,STORE,736 Main St.,Call customer
O001369,2025-05-24 12:40:00,C00064,E0008,Projector,Mobile Devices,10,19999,0.05,GCash,Returned,Marketplace,615 Mabini St.,Urgent
O001370,2022-02-04 21:32:00,C00329,E0070, TABLET ,Electronics,2,9999,0.1,Debit Card ,Pending,online,"Unit 15, Building 1",Deliver after 5PM
O001371,2024-02-16 21:57:00,C00779,E0094, projector,Computer Accessories,2,19999,0.03,GCash,Shipped,Marketplace,552 Rizal St.,Deliver after 5PM
O001372,2025-06-22 04:56:00,C00689,E0172,UPS,Electronics,10,19999,0.15,Cash, Returned ,Store,,Deliver after 5PM
O001373,2023-06-15 11:37:00,C00721,E0067,Tablet,Computer Accessories,10,799,0.03,PayPal,Processing,Marketplace,581 Bonifacio St.,Deliver after 5PM
O001374,2024-08-27 22:33:00,C00706,E0219,Router,Electronics,2,9999,0.2,Credit Card,Cancelled,,959 Rizal St.,Urgent
O001375,2023-07-19 02:40:00,C00149,E0126,Webcam,Mobile Devices,1,19999,0,Credit Card,Delivered,STORE,662 Main St.,Urgent
O001376,2022-12-20 23:03:00,C00301,E0169,Projector, Office Furniture,3,999,0.15,gcash ,Pending,Store,,
O001377,2023-01-17 16:18:00,C00820,E0200,Smartphone,Computer Accessories,5,799,0.15,Cash,Delivered,Store,"Unit 8, Building 4",Gift order
O001378,2025-03-21 05:21:00,C00118,E0060,Desk, computer accessories ,8,1499,0.15,PayPal,Delivered,Marketplace,"Unit 3, Building 6",
O001379,2025-07-22 01:26:00,C00011,E0118,Projector,Networking,9,999,0.05,PayPal,Shipped,Store,399 Rizal St.,Urgent
O001380,2023-11-13 01:40:00,C00555,E0236,Router,Mobile Devices,2,1499,0.1,GCash,Cancelled,STORE,"Unit 9, Building 23",
O001381,2025-04-10 08:47:00,C00921,E0196,Laptop,Office Furniture,3,2999,0.2,Debit Card, returned,STORE,2 Mabini St.,Call customer
O001382,2023-06-14 09:26:00,C00326,E0041,Office Chair,Mobile Devices,8,1999,0.2,Bank Transfer,Shipped,STORE,626 Rizal St.,Gift order
O001383,2025-02-16 09:09:00,C00633,E0243,Headset,Mobile Devices,10,799,0.15,Credit Card,Delivered,Store,"Unit 4, Building 24",Urgent
O001384,2023-06-12 03:10:00,C00191,E0074, Headset,Networking,4,9999,0,Cash,Pending,Marketplace,222 Quezon St.,Urgent
O001385,2022-11-27 07:38:00,C00215,E0058,Office Chair,Mobile Devices ,9,19999,0.1,PayPal,Processing,Store,"Unit 17, Building 39",Call customer
O001386,2022-07-24 23:03:00,C00997,E0182, SMARTPHONE,Mobile Devices,6,9999,0.15,GCash,Processing,,3 Quezon St.,Deliver after 5PM
O001387,2025-09-05 10:21:00,C00102,E0197,Tablet,Electronics,4,1499,0.2,GCash, Processing,,995 Main St.,Gift order
O001388,2023-04-06 03:24:00,C00672,E0204,Smartphone,Computer Accessories,3,,0.15,Bank Transfer,Cancelled,online,"Unit 3, Building 11",Deliver after 5PM
O001389,2025-04-19 13:59:00,C00857,E0209,Smartphone,Office Furniture,1,999,0.15, Debit Card ,Cancelled,Online, 365 rizal st.,Call customer
O001390,2022-08-07 13:25:00,C00997,E0006, External Drive ,Computer Accessories,2,9999,0.05,Bank Transfer ,Pending,Online,"Unit 14, Building 49",Call customer
O001391,2023-05-05 18:49:00,C00837,E0204,Monitor,Mobile Devices,4,9999,0.2,Debit Card,Delivered,Online,949 Rizal St.,Urgent
O001392,2024-04-13 06:54:00,C00957,E0009,Router, ELECTRONICS ,6,799,0.15,Cash,Delivered,STORE,741 Rizal St.,Call customer
O001393,2023-07-31 12:21:00,C00095,E0077,Office Chair,Mobile Devices,8,4999,0.15,Cash,Shipped,,"Unit 6, Building 14 ",Gift order
O001394,2024-02-26 23:54:00,C00451,E0151,Laptop,Office Furniture,7,7999,0.2,Debit Card,Processing,Store,"Unit 12, Building 39",Urgent
O001395,2024-01-21 09:38:00,C00863,E0242,Smartphone,Electronics,1,4999,0.15,Credit Card,Cancelled,Store,71 Main St.,Call customer
O001396,2023-04-26 18:38:00,C00326,E0072, External Drive ,Office Furniture,2,799,0.2,PayPal,Pending,online,858 Bonifacio St.,
O001397,2024-01-27 11:32:00,C00383,E0196,Tablet,Mobile Devices,7,1999,0.1,PayPal,Processing,Marketplace,945 Rizal St.,Call customer
O001398,2023-03-13 12:33:00,C00908,E0173,Webcam,Networking,6,4999,0.1,PayPal,Delivered,Marketplace,"Unit 17, Building 7",Deliver after 5PM
O001399,2024-04-07 14:33:00,C00925,E0057,Smartphone,Computer Accessories,5,2999,0.15,Bank Transfer,Returned,STORE," Unit 5, Building 30 ",
O001400,2022-10-28 23:50:00,C00785,E0144,Projector, NETWORKING,10,19999,,Credit Card,Processing,Online,"Unit 10, Building 27",
O001401,2025-06-27 15:10:00,C00336,E0136,Laptop,Computer Accessories,5,799,0.1,GCash, shipped,Online,"UNIT 16, BUILDING 2",Deliver after 5PM
O001402,2024-08-10 15:51:00,C00822,E0147, External Drive ,Office Furniture,8,1499,0.1, CASH,Returned,online," unit 1, building 39",
O001403,2024-03-26 12:47:00,C00806,E0063,External Drive,Electronics,9,,0.05,cash , Pending,STORE,43 Mabini St. ,Deliver after 5PM
O001404,2022-05-20 23:24:00,C00447,E0158,Webcam, electronics ,5,14999,0.1,Cash,Delivered,Store,573 Rizal St.,Call customer
O001405,2022-10-04 18:59:00,C00920,E0224,,Computer Accessories,7,799,0,Debit Card,Cancelled,Marketplace,37 Rizal St.,
O001406,2024-11-27 21:50:00,C00971,E0089,Tablet,,5,19999,0.1,Credit Card,Shipped,Store,429 Rizal St.,
O001407,2024-08-06 20:20:00,C00158,E0001,,Electronics,8,7999,0.03,GCash,,Online,"Unit 14, Building 29",Gift order
O001408,2023-07-28 09:33:00,C00934,E0050,tablet, computer accessories ,3,9999,0.1,Bank Transfer, Delivered,,624 Quezon St.,
O001409,2022-03-27 08:50:00,C00886,E0066,Projector,Mobile Devices,2,4999,0.05,PayPal,Delivered,online," Unit 8, Building 45 ",Deliver after 5PM
O001410,2025-04-06 06:40:00,C00796,E0045,External Drive,Networking,9,7999,,Debit Card,Returned,Marketplace,"Unit 10, Building 50",
O001411,2023-09-18 10:40:00,C00871,E0077,Mouse,Office Furniture,4,499,0,GCash,Processing,STORE,"Unit 5, Building 16",Call customer
O001412,2023-05-17 06:22:00,C00614,E0247,Router,Office Furniture,9,999,0.15,PayPal,Cancelled,Store, 681 Main St.,
O001413,2024-03-23 02:50:00,C00937,E0080, ups,Electronics,6,19999,0,Credit Card,Shipped,Marketplace,"Unit 3, Building 8",
O001414,2024-04-09 10:02:00,C00374,E0006,Office Chair,Mobile Devices,7,1499,0.2,Credit Card ,Returned,STORE,"Unit 2, Building 2",
O001415,2022-03-14 04:29:00,C00297,E0038,Headset,Computer Accessories,3,499,0.15,PayPal,Delivered,Store,893 Quezon St.,
O001416,2022-06-29 09:15:00,C00874,E0226,Projector,Electronics,8,2999,,Debit Card,Processing,Marketplace,"Unit 8, Building 2",Call customer
O001417,2024-02-21 03:18:00,C00308,E0182,Router,Office Furniture,4,9999,0.1,Cash,Shipped,Marketplace,"Unit 19, Building 19",Urgent
O001418,2024-11-06 18:30:00,C00570,E0242,Tablet,Computer Accessories,5,2999,0.15,Debit Card,Returned,,,Call customer
O001419,2025-07-26 18:39:00,C00381,E0054,Tablet,Electronics,2,7999,0.05,Bank Transfer,Cancelled,Store,762 Quezon St.,Call customer
O001420,2023-05-10 23:53:00,C00610,E0086,Projector,Office Furniture,3,19999,0.03,Credit Card,Delivered,Store,"Unit 12, Building 11",
O001421,2024-09-29 01:07:00,C00684,E0053,Office Chair, Networking,2,799,0.03, Credit Card ,Shipped,STORE,"Unit 16, Building 5",Urgent
O001422,2023-10-25 21:56:00,C00936,E0090,External Drive,Mobile Devices,6,19999,0,Credit Card,Processing,online,219 Bonifacio St.,Urgent
O001423,2022-09-13 13:05:00,C00431,E0170,Webcam,Networking,1,19999,0.15,Credit Card,Delivered,Online,"Unit 13, Building 43",
O001424,2025-11-20 18:28:00,C00956,E0165,Keyboard,Mobile Devices,1,4999,0.2,PayPal,Shipped,Marketplace,299 Main St.,
O001425,2022-06-28 10:24:00,C00864,E0033,Monitor,Networking,6,1999,0.2,PayPal,Returned,online,"Unit 8, Building 44",Deliver after 5PM
O001426,2023-10-29 05:09:00,C00857,E0113,Router,Mobile Devices,7,2999,0,bank transfer,Shipped,Store,"Unit 15, Building 42",
O001427,2024-07-12 23:31:00,C00862,E0192,Projector,Electronics,2,19999,,Cash,Processing,Marketplace,228 Rizal St.,
O001428,2023-12-25 14:44:00,C00929,E0222,,Networking,7,499,,Cash,Cancelled,Marketplace,20 Bonifacio St.,
O001429,2024-05-11 16:39:00,C00509,E0070, projector,Electronics,6,1499,0.05,Debit Card,Delivered,STORE," UNIT 11, BUILDING 38",Urgent
O001430,2022-01-16 16:31:00,C00728,E0174,Tablet,Computer Accessories,4,9999,0.03,gcash,Pending,STORE,"Unit 5, Building 7",
O001431,2024-12-10 02:29:00,C00989,E0134,Desk,Office Furniture,8,4999,0,Credit Card,Shipped,Online, 342 Rizal St.,Gift order
O001432,2024-06-12 10:50:00,C00630,E0197,External Drive,Office Furniture,8,7999,,Cash,Processing,,"Unit 6, Building 23",Gift order
O001433,2024-05-16 21:23:00,C00642,E0199, Office Chair ,Computer Accessories,9,999,0.1,Debit Card,Returned,Store,548 Main St.,Call customer
O001434,2022-02-18 06:12:00,C00650,E0247,Webcam,Networking,1,7999,,PayPal,Returned,,"Unit 5, Building 8",Deliver after 5PM
O001435,2025-09-12 05:06:00,C00287,E0211,Laptop, office furniture ,6,2999,0.1,PayPal,Pending,,"Unit 14, Building 40",Urgent
O001436,2025-01-22 15:50:00,C00348,E0191,Mouse,Mobile Devices,8,7999,0.03,PayPal,,Marketplace,"Unit 5, Building 40",Gift order
O001437,2024-01-21 13:48:00,C00239,E0055,Desk,Networking,7,7999,0.15,Debit Card,Pending,,"Unit 7, Building 38",
O001438,2022-08-18 16:11:00,C00638,E0189,Mouse,Mobile Devices ,1,1499,0,Bank Transfer,Returned,Online,"Unit 1, Building 28",Gift order
O001439,2025-12-09 11:06:00,C00928,E0165,Tablet,Mobile Devices,5,7999,0.2,Debit Card,Cancelled,,"UNIT 12, BUILDING 30 ",Deliver after 5PM
O001440,2023-08-25 13:04:00,C00820,E0058,Smartphone,office furniture,1,4999,0.03,PayPal,Processing,,"Unit 13, Building 34",
O001441,2025-05-26 18:33:00,C00339,E0016,Smartphone,Electronics,1,499,,Credit Card,Pending,Store,41 Quezon St.,Urgent
O001442,2023-03-19 10:11:00,C00730,E0162,External Drive,Electronics,5,14999,0.03,GCash,Returned,Store,"Unit 16, Building 4",Urgent
O001443,2024-12-04 13:34:00,C00503,E0097,Keyboard,Office Furniture,2,999,0.1,Debit Card,Pending,,233 Main St.,Deliver after 5PM
O001444,2025-07-07 06:43:00,C00372,E0063,ups ,Office Furniture,9,19999,,Cash,Pending,Marketplace,"Unit 2, Building 14",Urgent
O001445,2023-05-14 15:46:00,C00065,E0075,UPS,Electronics,2,1499,0.05,GCash, Delivered ,online, 621 mabini st. ,Call customer
O001446,2025-01-14 04:05:00,C00956,E0126,Smartphone,COMPUTER ACCESSORIES,2,7999,0.2,PayPal,Cancelled,Online,"Unit 11, Building 6",Gift order
O001447,2022-07-08 08:22:00,C00444,E0200,Webcam,Computer Accessories,7,2999,0.2,Debit Card,Delivered,,906 Quezon St.,Deliver after 5PM
O001448,2023-02-04 22:41:00,C00682,E0221,External Drive,,2,7999,0,Credit Card,Cancelled,Store,755 Mabini St.,Call customer
O001449,2023-02-06 00:44:00,C00431,E0201,Printer,Office Furniture,10,9999,0,Debit Card,Pending,STORE,"Unit 10, Building 39",Deliver after 5PM
O001450,2025-12-25 06:44:00,C00954,E0104,Webcam,Computer Accessories,4,14999,,Debit Card,Returned,STORE,"Unit 11, Building 31",Urgent
O001451,2022-01-09 18:09:00,C00133,E0039,Keyboard,Networking,,1499,0.03, DEBIT CARD,Returned,,"Unit 19, Building 18",
O001452,2025-08-17 20:28:00,C00182,E0038,External Drive,Networking,5,14999,0.1,Cash,Cancelled,online,985 Main St.,Deliver after 5PM
O001453,2024-12-17 21:48:00,C00618,E0215,Desk,Mobile Devices,2,19999,0.15,PayPal,Cancelled,Store,"Unit 7, Building 34",Deliver after 5PM
O001454,2024-11-15 06:35:00,C00126,E0246,Headset,Networking,9,14999,0.15,Cash,Delivered,,"Unit 11, Building 3",
O001455,2025-05-20 22:40:00,C00369,E0035,Monitor,,8,9999,0.2,GCash,Cancelled,," UNIT 10, BUILDING 12",Gift order
O001456,2025-09-19 20:27:00,C00455,E0207,External Drive,Networking,2,499,0.2,PayPal,Returned,Online,"Unit 20, Building 3",Gift order
O001457,2023-06-27 13:32:00,C00498,E0072,Laptop,Computer Accessories,10,1499,0.2,Credit Card,Pending,Store,"Unit 18, Building 45",Gift order
O001458,2023-12-19 03:33:00,C00403,E0021, Mouse ,Office Furniture,10,799,,Credit Card,Delivered,STORE,564 Mabini St.,
O001459,2025-12-03 16:20:00,C00864,E0059,Webcam,Office Furniture,8,999,0.05,,Cancelled,STORE,"Unit 19, Building 11",Call customer
O001460,2025-11-14 00:59:00,C00766,E0058,Office Chair,Networking,,14999,0.1,Credit Card,Shipped,online," UNIT 20, BUILDING 37",Deliver after 5PM
O001461,2025-07-26 14:29:00,C00748,E0173,Monitor,Office Furniture,3,999,0.1,Credit Card, Pending ,Marketplace,"Unit 16, Building 27",
O001462,2024-06-13 22:36:00,C00568,E0097,Smartphone, Electronics,1,2999,,Cash ,Shipped,Online,26 Quezon St.,Call customer
O001463,2024-12-20 11:59:00,C00263,E0082,Office Chair, Office Furniture ,10,19999,0.05,PayPal,Cancelled,Online,"Unit 19, Building 37",Gift order
O001464,2024-04-03 18:38:00,C00335,E0151,UPS,Networking,1,1499,0.15,paypal ,Pending,Online,"unit 17, building 32 ",Urgent
O001465,2022-02-20 21:24:00,C00559,E0113,UPS,Mobile Devices,4,9999,0.03,GCash,Delivered,Online,800 Rizal St.,
O001466,2024-10-26 11:03:00,C00099,E0039,Smartphone,Office Furniture,1,9999,0.15,GCash,Cancelled,Marketplace,"Unit 18, Building 5",
O001467,2025-05-01 07:34:00,C00927,E0128,Smartphone,Electronics,6,1999,0.03,Debit Card,Delivered,online,38 Mabini St.,
O001468,2022-04-07 11:25:00,C00011,E0220,Monitor,Computer Accessories,5,1999,0.05,Cash,Returned,online,"Unit 12, Building 2",Deliver after 5PM
O001469,2024-01-09 20:23:00,C00846,E0206,Headset,Computer Accessories,7,2999,0.03,GCash,Shipped,Store,898 Bonifacio St.,Urgent
O001470,2022-06-19 22:50:00,C00433,E0233,External Drive,Electronics,7,499,0.1,Debit Card ,pending ,,"Unit 8, Building 32",
O001471,2025-02-04 03:50:00,C00270,E0095,Keyboard,Mobile Devices,1,14999,0,Cash,Delivered,Store,"Unit 17, Building 29",Call customer
O001472,2024-05-03 10:25:00,C00982,E0086,UPS,ELECTRONICS,7,4999,0.2,PayPal, Cancelled ,Online,935 Main St.,
O001473,2023-11-14 14:34:00,C00820,E0071,Tablet,Electronics,1,7999,0.2,GCash,Pending,,"Unit 10, Building 18",Deliver after 5PM
O001474,2025-09-09 19:21:00,C00941,E0094,Desk,Networking,8,799,0.1,GCash,Shipped,Marketplace,"Unit 8, Building 50",Gift order
O001475,2024-05-21 13:23:00,C00283,E0073,UPS,Computer Accessories,6,14999,0.03, GCASH ,Shipped,Marketplace," UNIT 17, BUILDING 42",Gift order
O001476,2023-03-23 22:21:00,C00646,E0052,Monitor,Computer Accessories,6,1499,0,Cash,Delivered,Store,497 Bonifacio St.,Gift order
O001477,2025-03-29 06:28:00,C00782,E0098,Monitor,Networking,4,14999,0.1,Credit Card,Cancelled,STORE,971 Mabini St.,Call customer
O001478,2025-11-26 21:43:00,C00887,E0116,Mouse,Computer Accessories,1,9999,0, BANK TRANSFER ,Cancelled,Online,"Unit 17, Building 16",Call customer
O001479,2022-09-12 02:32:00,C00130,E0075,Monitor,Computer Accessories,6,1999,0.2,Bank Transfer,Cancelled,Online,"unit 3, building 43 ",
O001480,2023-09-16 09:20:00,C00369,E0098,TABLET ,Office Furniture,8,,,Debit Card, Processing,Marketplace," UNIT 3, BUILDING 13",Gift order
O001481,2022-08-16 18:23:00,C00287,E0150,Projector,Office Furniture,5,2999,0,Credit Card,Processing,Online,"Unit 6, Building 39",
O001482,2024-11-25 01:34:00,C00319,E0136,Keyboard,Computer Accessories,9,9999,0.15,PayPal,Cancelled,online,"Unit 10, Building 47",Call customer
O001483,2022-01-07 07:01:00,C00128,E0173,Tablet, mobile devices ,,19999,0.2,Credit Card,Delivered,Store,828 Quezon St.,Urgent
O001484,2024-05-23 19:54:00,C00340,E0150,Laptop,Computer Accessories,5,1499,0,Debit Card,Processing,,933 mabini st.,Deliver after 5PM
O001485,2024-08-16 06:49:00,C00602,E0112, Printer ,Electronics,2,1499,0.15,GCash,Returned,online,"Unit 11, Building 6",Urgent
O001486,2022-08-23 12:18:00,C00376,E0108,Printer,Computer Accessories,10,14999,0.1,Debit Card,Processing,Online,423 Rizal St. ,Gift order
O001487,2025-06-01 19:12:00,C00579,E0043,Keyboard,Networking,6,14999,0.15,Bank Transfer,Cancelled,online,"unit 13, building 24",Deliver after 5PM
O001488,2025-10-06 10:27:00,C00465,E0015, MOUSE,Computer Accessories,4,4999,,PayPal,Delivered,Store,"Unit 6, Building 5",Deliver after 5PM
O001489,2023-03-16 10:18:00,C00237,E0159,Desk,Computer Accessories,8,1999,0.2,Credit Card,Shipped,Store,37 Bonifacio St.,Call customer
O001490,2022-12-21 02:22:00,C00969,E0218,Laptop,Networking,4,19999,0.1,PayPal,Cancelled,,"Unit 16, Building 7",Call customer
O001491,2024-04-30 03:01:00,C00184,E0228,Monitor,Computer Accessories,2,499,0.03,DEBIT CARD, Processing ,Marketplace,"Unit 5, Building 11",
O001492,2022-09-30 13:47:00,C00109,E0087,SMARTPHONE ,Mobile Devices,2,1999,0.1,Bank Transfer,Pending,Online,696 Main St.,Gift order
O001493,2025-01-04 09:11:00,C00626,E0175,Laptop,Networking,7,1499,0.1,GCash, pending ,online,254 Rizal St.,Call customer
O001494,2023-11-25 04:29:00,C00901,E0047,UPS,Networking,7,19999,0,PayPal,Pending,STORE,547 Quezon St.,Call customer
O001495,2022-01-26 15:44:00,C00580,E0056,Smartphone,Electronics,8,14999,0.15,PayPal,Cancelled,,472 Mabini St.,
O001496,2022-06-20 19:44:00,C00507,E0218,UPS,Networking,1,999,0,Bank Transfer,Processing,online,"Unit 17, Building 50",Gift order
O001497,2024-10-24 13:51:00,C00092,E0099,Keyboard,Electronics,6,9999,0,PayPal,Pending,STORE,"Unit 7, Building 40",
O001498,2023-08-18 23:12:00,C00955,E0053, smartphone ,networking,6,2999,0,Debit Card,Cancelled,Store,"Unit 10, Building 14",Urgent
O001499,2022-07-24 08:36:00,C00444,E0012,Desk ,Mobile Devices,3,799,0.15,Cash,Returned,,"Unit 19, Building 8",Call customer
O001500,2022-01-05 11:50:00,C00273,E0123,Smartphone,Computer Accessories,6,499,0.2,PayPal,Processing,Marketplace,"Unit 6, Building 27",Call customer
O001501,2025-11-18 08:44:00,C00408,E0004,Projector,,3,1999,0.2,Cash,Returned,Store,"Unit 19, Building 45",Call customer
O001502,2025-07-05 05:28:00,C00563,E0027,Keyboard, Networking ,,999,0.2, gcash ,Delivered,Online,622 Quezon St.,
O001503,2023-10-14 19:04:00,C00139,E0172,Projector,Computer Accessories,6,19999,0,GCash,Cancelled,Marketplace,"Unit 15, Building 49",Deliver after 5PM
O001504,2024-08-01 05:49:00,C00332,E0059,Mouse,Electronics,8,799,0,Credit Card,Delivered,online,279 Quezon St.,Urgent
O001505,2022-05-24 03:22:00,C00769,E0203,Router,Computer Accessories,7,9999,0.15,Bank Transfer,Shipped,Store,19 Bonifacio St.,
O001506,2023-09-30 22:36:00,C00880,E0210,Router, NETWORKING,2,2999,0.03,Credit Card,Returned,Marketplace,173 Rizal St.,Call customer
O001507,2025-11-07 06:53:00,C00628,E0146,Mouse,Mobile Devices,6,999,,Debit Card,Delivered,Store,657 Rizal St.,Gift order
O001508,2022-01-01 21:24:00,C00968,E0202,Router,Office Furniture,7,1999,0.2,Credit Card,Delivered,Online,905 Quezon St.,Urgent
O001509,2024-10-15 20:01:00,C00355,E0033,Desk,Networking,10,799,0.2,Bank Transfer,Processing,Store,"Unit 6, Building 26",Call customer
O001510,2023-02-20 12:31:00,C00400,E0123,Smartphone,Computer Accessories,8,14999,0.05,GCash,,Online,708 Rizal St.,Deliver after 5PM
O001511,2025-01-31 04:51:00,C00496,E0031,Tablet,Electronics,1,999,,GCash,Pending,Marketplace,"Unit 15, Building 23",Gift order
O001512,2022-03-27 06:34:00,C00902,E0048,Projector,networking,6,999,0.15,Bank Transfer,Returned,STORE,"Unit 7, Building 11",Gift order
O001513,2024-12-16 19:02:00,C00016,E0049,Laptop,Computer Accessories,9,2999,0.15,PayPal,Returned,, 984 Main St.,
O001514,2022-10-12 07:55:00,C00704,E0036,Tablet,Electronics,10,2999,0.2,Credit Card,Processing,,"unit 8, building 15",Deliver after 5PM
O001515,2025-04-08 15:48:00,C00450,E0142,Headset,Networking,4,9999,0.03,Credit Card,Pending,,"Unit 5, Building 38",Gift order
O001516,2023-11-05 03:19:00,C00920,E0104,Keyboard,Networking,9,4999,0,Debit Card,Cancelled,STORE," Unit 19, Building 33",
O001517,2022-05-09 06:00:00,C00123,E0075, ups,Networking,9,1999,0.15,Credit Card,Pending,Online,466 Mabini St.,Call customer
O001518,2023-05-05 05:28:00,C00146,E0181,Webcam,Office Furniture,3,14999,0,Cash, DELIVERED,online,"Unit 9, Building 4",
O001519,2025-09-02 20:27:00,C00328,E0124,Router,ELECTRONICS ,4,9999,0.2,PayPal, Shipped ,STORE,"Unit 12, Building 6",Gift order
O001520,2024-11-24 02:51:00,C00282,E0207,HEADSET,Electronics,5,1999,0.15,Credit Card,RETURNED,,"Unit 4, Building 7",
O001521,2022-04-19 03:18:00,C00650,E0202,Tablet,Mobile Devices ,3,1499,0.05,Debit Card, Cancelled ,online,"Unit 13, Building 32",Urgent
O001522,2024-07-16 03:25:00,C00282,E0223,Headset,Networking,3,7999,0.15,gcash,Shipped,online,766 Main St.,
O001523,2023-06-08 15:14:00,C00221,E0030,ROUTER ,Electronics,1,999,0,Debit Card,Pending,Marketplace," Unit 19, Building 30 ",Call customer
O001524,2025-04-02 00:48:00,C00232,E0064,Printer,Electronics,10,7999,0.15,GCash, returned ,online,880 Quezon St.,
O001525,2024-03-05 21:46:00,C00934,E0035,External Drive,Electronics,5,4999,0.2,GCash,Cancelled,STORE,"Unit 17, Building 7",Deliver after 5PM
O001526,2022-10-14 07:49:00,C00947,E0080,Headset,COMPUTER ACCESSORIES,5,499,,PayPal,,STORE,"Unit 1, Building 43",Call customer
O001527,2022-08-13 15:47:00,C00058,E0179,External Drive,Mobile Devices,4,799,0.1,Credit Card, processing,Store,863 Mabini St.,Call customer
O001528,2024-09-12 01:49:00,C00427,E0082,Desk,Networking,8,799,,PayPal,Returned,online,"Unit 15, Building 7",
O001529,2022-06-20 03:08:00,C00346,E0161,Webcam,Computer Accessories,1,799,0.2,GCash,Returned,Store," Unit 6, Building 24 ",
O001530,2025-12-27 22:58:00,C00526,E0166,Printer,Mobile Devices,4,2999,0.2,GCash,Returned,STORE,759 Rizal St.,Urgent
O001531,2022-11-26 18:38:00,C00708,E0177,LAPTOP,,9,2999,0,Cash,Pending,online,353 BONIFACIO ST. ,
O001532,2022-01-01 04:53:00,C00613,E0012,Tablet,Electronics,9,7999,,,Delivered,STORE,880 Main St.,Urgent
O001533,2024-12-04 13:56:00,C00082,E0106,Router,Networking,9,1499,0.1,Bank Transfer,Delivered,online,"Unit 20, Building 27",Urgent
O001534,2025-11-11 12:39:00,C00558,E0187,Monitor, OFFICE FURNITURE ,5,9999,0.15,Bank Transfer,DELIVERED,Marketplace," Unit 2, Building 21",
O001535,2025-01-18 23:51:00,C00984,E0152,Router, electronics,9,19999,0.15,GCash,Delivered,,83 Mabini St.,Deliver after 5PM
O001536,2025-09-06 17:54:00,C00959,E0230,, Networking ,9,999,0,PayPal,Shipped,Store,221 Quezon St.,Deliver after 5PM
O001537,2025-09-15 18:00:00,C00823,E0232,Mouse,Computer Accessories,6,1999,0.05,PayPal,Pending,STORE,"UNIT 20, BUILDING 25 ",Gift order
O001538,2025-03-05 00:36:00,C00812,E0216,Projector,Office Furniture,10,14999,0.2,BANK TRANSFER ,Pending,Marketplace," Unit 11, Building 31",
O001539,2025-05-03 01:09:00,C00352,E0096,,Electronics,6,7999,0.2,Debit Card,Shipped,online,"Unit 2, Building 24",Gift order
O001540,2024-02-03 13:09:00,C00184,E0211,UPS,Mobile Devices,1,999,0.15,Debit Card, Pending ,online,720 Main St.,Urgent
O001541,2022-11-09 23:17:00,C00939,E0094,Desk,Mobile Devices,4,999,0.1,Bank Transfer,Cancelled,Store,"Unit 10, Building 33",Deliver after 5PM
O001542,2025-02-01 23:02:00,C00448,E0204,Office Chair,Networking,8,2999,0.05,Bank Transfer, shipped ,STORE,248 Mabini St.,Deliver after 5PM
O001543,2025-09-30 17:23:00,C00335,E0028,Monitor,Networking,6,999,0.03,Credit Card,RETURNED,online,308 Quezon St.,
O001544,2022-06-08 00:12:00,C00184,E0128,Headset,Networking,9,7999,,Bank Transfer,Cancelled,,392 Quezon St.,Call customer
O001545,2025-11-06 22:01:00,C00843,E0018,Desk,Networking,8,9999,0.03,GCash,Shipped,Marketplace,"Unit 5, Building 5",
O001546,2023-04-24 22:33:00,C00767,E0213,Router,Mobile Devices,9,19999,0.15,Cash,Shipped,online,828 Main St.,
O001547,2023-12-18 18:15:00,C00343,E0095,Router,Computer Accessories,8,499,0.2,Cash,Shipped,Marketplace,"Unit 20, Building 24",Urgent
O001548,2023-10-12 03:24:00,C00905,E0119, Router , ELECTRONICS,3,499,,Cash,Cancelled,,"Unit 12, Building 29",
O001549,2025-08-14 06:09:00,C00724,E0017,Webcam,Computer Accessories,4,14999,0.2,GCash,Shipped,Store,367 Bonifacio St.,Gift order
O001550,2025-05-14 16:52:00,C00523,E0070,External Drive,Computer Accessories,4,999,0.05, PayPal ,Shipped,STORE,538 Mabini St.,Gift order
O001551,2024-03-28 00:36:00,C00945,E0217,Desk,Office Furniture,9,1499,0.03,GCash,Cancelled,Store,275 mabini st.,
O001552,2022-03-29 18:11:00,C00529,E0024, SMARTPHONE,Office Furniture,10,1499,0.15,Credit Card,Cancelled,Store,"Unit 9, Building 3",
O001553,2024-03-05 21:21:00,C00511,E0122, OFFICE CHAIR ,,,499,0.1,Credit Card,Delivered,Marketplace,"Unit 14, Building 30",Call customer
O001554,2024-05-14 08:40:00,C00955,E0170,External Drive,Office Furniture,1,1499,0.15,PayPal,Delivered,,365 BONIFACIO ST.,Deliver after 5PM
O001555,2025-06-08 13:34:00,C00901,E0021,Keyboard,Office Furniture,5,1499,0.2,GCash,Processing,Store,706 Rizal St.,Urgent
O001556,2023-11-07 14:01:00,C00691,E0188,Router,Computer Accessories,8,499,0.2,Debit Card,Returned,Marketplace," UNIT 11, BUILDING 42",
O001557,2024-04-30 16:53:00,C00824,E0076,Office Chair,Networking,2,19999,0.1,GCash,Delivered,Marketplace,526 Rizal St.,Call customer
O001558,2025-02-10 21:22:00,C00485,E0090,Laptop,Networking,3,4999,, GCash ,Pending ,Store,"Unit 18, Building 2",Gift order
O001559,2025-07-29 09:36:00,C00636,E0001,Router,Electronics,7,19999,0.2,Bank Transfer,Shipped,, 729 Rizal St. ,
O001560,2022-06-08 03:56:00,C00551,E0224,Keyboard ,Computer Accessories,8,499,0,Cash,Processing,Marketplace,393 Main St.,Gift order
O001561,2022-05-26 14:07:00,C00829,E0120,Projector,Mobile Devices,2,1999,0.05,Cash,Delivered,Online,810 Quezon St.,Deliver after 5PM
O001562,2024-12-23 20:46:00,C00125,E0109,Laptop,office furniture ,8,4999,0.03,Bank Transfer, Processing,Online,956 Mabini St.,Gift order
O001563,2025-05-31 08:49:00,C00407,E0198,Smartphone,Office Furniture,7,1999,0.1,Cash,Returned,Online,18 Main St.,Gift order
O001564,2023-06-23 06:28:00,C00832,E0046,Mouse,Computer Accessories,,799,0.15,PayPal,Returned,Store,229 Quezon St.,Urgent
O001565,2023-03-05 23:15:00,C00415,E0095,Headset,Networking,1,799,0.1, bank transfer ,Shipped,Online,"Unit 6, Building 42",Urgent
O001566,2025-06-30 06:40:00,C00405,E0249,Tablet,Networking,9,19999,0.03,CREDIT CARD,Returned,,"Unit 16, Building 24",Gift order
O001567,2023-11-04 03:44:00,C00503,E0014,Smartphone,Office Furniture,9,1499,0.03,Bank Transfer,Returned,Online,684 Rizal St.,
O001568,2025-10-17 09:54:00,C00758,E0072,Office Chair,Electronics,5,999,0.1,Bank Transfer,Delivered,Online,"UNIT 12, BUILDING 13",
O001569,2023-01-12 15:36:00,C00664,E0124,Headset,Mobile Devices,1,9999,0.2,GCash,Delivered,Marketplace,,Call customer
O001570,2024-02-26 12:55:00,C00090,E0181,Laptop,Office Furniture,2,9999,,Debit Card,Cancelled,Online,600 Quezon St.,Urgent
O001571,2022-08-20 08:37:00,C00529,E0176, Desk,Mobile Devices,9,19999,0,Debit Card,Returned,STORE, 983 Quezon St.,Deliver after 5PM
O001572,2025-03-20 21:09:00,C00359,E0137,Laptop,Mobile Devices,9,1499,,Debit Card,Processing,Marketplace,"Unit 2, Building 33",Call customer
O001573,2025-02-15 17:15:00,C00866,E0241,External Drive,Mobile Devices,10,999,0.1,debit card,Processing,STORE," unit 3, building 25 ",
O001574,2023-04-08 09:02:00,C00466,E0194, printer ,,8,1499,0.05,,Pending,Online,234 Rizal St.,Call customer
O001575,2025-01-26 18:01:00,C00807,E0198,Smartphone,Electronics,2,799,,PayPal,Returned,STORE,"Unit 16, Building 10",
O001576,2024-07-07 22:26:00,C00437,E0144,Tablet,Office Furniture,7,799,0.05,PayPal,Processing,online,"Unit 20, Building 49",
O001577,2025-07-13 18:06:00,C00772,E0004,Projector,Computer Accessories,8,799,0.15,GCash,Returned,online,"Unit 16, Building 35",
O001578,2022-10-05 12:25:00,C00581,E0224,Keyboard,Networking,10,799,,,Cancelled,online,"Unit 12, Building 30",
O001579,2024-05-18 11:53:00,C00503,E0112,Headset,,8,19999,0.1,Bank Transfer,Returned,STORE,"Unit 8, Building 50",Urgent
O001580,2025-03-05 07:17:00,C00513,E0104,Projector,Electronics,2,19999,0.15,PayPal,Shipped,online,"Unit 5, Building 6",Urgent
O001581,2022-10-05 02:15:00,C00172,E0205,Smartphone,Electronics,6,9999,0.15,PayPal,Processing,Marketplace, 342 quezon st.,
O001582,2024-06-17 19:46:00,C00665,E0022,Office Chair,Computer Accessories,10,499,0.2,Debit Card,Cancelled,Marketplace,"Unit 1, Building 41",Gift order
O001583,2024-09-26 03:07:00,C00600,E0097,Mouse,Networking,3,1999,,PayPal,Cancelled,online,956 Rizal St.,Deliver after 5PM
O001584,2025-05-27 12:10:00,C00104,E0096,Projector,Networking,1,799,,Cash, CANCELLED ,Marketplace,733 Bonifacio St.,
O001585,2024-09-02 02:58:00,C00249,E0027,Webcam,NETWORKING ,9,19999,0, PAYPAL,Returned,Online,"Unit 12, Building 24",Urgent
O001586,2023-05-22 06:59:00,C00764,E0159,Monitor,Networking,10,799,0.05,Cash,Delivered,STORE,,Gift order
O001587,2023-08-27 08:13:00,C00424,E0094,Mouse,,,19999,0,Bank Transfer,Cancelled,,799 Quezon St.,Urgent
O001588,2023-06-27 02:19:00,C00282,E0198, tablet,,3,1999,0.1,Debit Card,Shipped,Online,"Unit 9, Building 3",Deliver after 5PM
O001589,2022-11-11 19:45:00,C00088,E0013,Laptop,MOBILE DEVICES,6,799,0.1,Debit Card,Processing,Marketplace,775 Quezon St.,Urgent
O001590,2025-08-18 00:23:00,C00753,E0242,Keyboard,Networking ,2,4999,0.2,GCash,Delivered,Online,"Unit 6, Building 46",
O001591,2022-08-10 04:32:00,C00545,E0029,Webcam, Mobile Devices ,1,499,, GCASH,,STORE,830 Main St.,Urgent
O001592,2023-05-01 07:45:00,C00928,E0096,Mouse,Computer Accessories,2,1499,0,GCash, Returned ,,"unit 1, building 37 ",Gift order
O001593,2025-02-01 05:34:00,C00293,E0099,Webcam , Networking ,9,999,0.05,Bank Transfer,Shipped,,984 Quezon St.,Urgent
O001594,2022-10-10 08:10:00,C00403,E0132, ROUTER ,Computer Accessories,4,7999,0.03,Bank Transfer,Cancelled,Marketplace,"Unit 9, Building 17",
O001595,2024-06-25 13:19:00,C00684,E0188,Laptop, Office Furniture ,,799,0.05,Credit Card,Shipped,Marketplace,"Unit 8, Building 18 ",
O001596,2025-01-31 20:44:00,C00735,E0140, External Drive ,Networking,8,2999,0.03,Debit Card, PENDING ,Store,"Unit 15, Building 8",Call customer
O001597,2025-01-27 15:10:00,C00177,E0237,Webcam,,5,14999,0.05,Bank Transfer,returned,Online, 742 Quezon St.,Call customer
O001598,2022-12-29 20:07:00,C00503,E0145,Monitor,Computer Accessories,5,999,0.05,GCash,Processing,Online,16 Rizal St.,Gift order
O001599,2025-03-17 18:53:00,C00684,E0065,UPS,Networking,4,2999,0.2, Credit Card ,Pending,online,"Unit 1, Building 15",
O001600,2024-10-01 03:50:00,C00519,E0131,UPS,Mobile Devices,7,9999,0,GCash,Pending,Online,"Unit 5, Building 42",
O001601,2022-02-14 18:37:00,C00453,E0029,Office Chair,Electronics,5,14999,,Debit Card,Cancelled,Store,483 Rizal St.,Urgent
O001602,2023-10-10 19:36:00,C00716,E0035,Tablet,Networking,5,9999,0.03,PayPal,DELIVERED,Store,"Unit 11, Building 44",
O001603,2025-04-05 09:28:00,C00086,E0190,Smartphone,Electronics,1,499,,Credit Card,Processing,STORE,153 Main St.,Call customer
O001604,2025-07-16 02:23:00,C00952,E0029,Smartphone,Computer Accessories,9,19999,,Cash,Pending,Store,"Unit 4, Building 45",Deliver after 5PM
O001605,2025-12-23 03:39:00,C00239,E0101,Smartphone,Office Furniture,6,19999,0.03,Debit Card,Processing,Marketplace,24 Main St.,
O001606,2022-01-10 13:15:00,C00356,E0198,Printer,Mobile Devices,3,1999,0.1,debit card,Returned,STORE,"Unit 11, Building 5",Call customer
O001607,2023-08-07 07:25:00,C00731,E0066,Webcam,,1,19999,0.15,Debit Card,Pending,STORE,"Unit 2, Building 1",Gift order
O001608,2025-06-09 17:05:00,C00088,E0102,Headset,Computer Accessories,4,1499,0.03,Bank Transfer,Returned,Online,458 Mabini St.,Gift order
O001609,2023-07-24 00:33:00,C00639,E0097,office chair,Electronics,7,7999,0.1,Debit Card,Delivered,Marketplace,363 MABINI ST. ,
O001610,2023-11-12 08:56:00,C00788,E0106,Webcam,,5,7999,0.03,PayPal,Returned,online,722 Rizal St.,
O001611,2025-07-10 06:01:00,C00177,E0084,Office Chair,Mobile Devices,2,7999,0.2,GCash,Processing,online,429 Main St.,Deliver after 5PM
O001612,2023-06-29 09:08:00,C00063,E0066,Projector,Computer Accessories,8,4999,0,Debit Card,Delivered,Online,"Unit 9, Building 20",Gift order
O001613,2025-03-09 21:51:00,C00019,E0249,projector ,Mobile Devices,10,4999,0.15,Debit Card,Returned,STORE,433 Rizal St.,Urgent
O001614,2025-02-03 19:29:00,C00761,E0103,Headset,Computer Accessories,10,19999,0.1,PayPal,Pending,Store,,Call customer
O001615,2025-02-15 02:06:00,C00447,E0058, office chair,Electronics,6,499,0.03,Credit Card,Delivered,Store,878 Bonifacio St.,
O001616,2022-06-23 14:40:00,C00131,E0203,DESK,Networking,7,2999,0.03,cash,Processing,Store,"Unit 2, Building 11",
O001617,2023-04-02 01:17:00,C00947,E0198,Router,Computer Accessories,,1999,0.15,Cash,Shipped,Store,"Unit 6, Building 48",
O001618,2022-08-07 16:16:00,C00154,E0211,Router,Mobile Devices,4,4999,0.05,Debit Card,Delivered,online,394 Rizal St.,Urgent
O001619,2022-11-26 03:27:00,C00891,E0022,Projector,Office Furniture,9,499,0.03,Debit Card,RETURNED ,Store,107 Bonifacio St.,
O001620,2022-06-09 15:36:00,C00645,E0094,UPS,Networking,10,1999,0.05,GCash, Delivered ,Online, 105 QUEZON ST.,
O001621,2023-07-04 03:40:00,C00968,E0045,Mouse,Electronics,7,2999,0.2,Credit Card,Processing ,online,395 Mabini St.,
O001622,2023-12-30 02:51:00,C00068,E0018,Office Chair ,Electronics,10,7999,0,GCash,Cancelled,Online,"Unit 14, Building 41",
O001623,2022-07-11 15:58:00,C00032,E0245,Smartphone, networking,2,499,0,Debit Card,Delivered,STORE,831 Quezon St.,Deliver after 5PM
O001624,2024-01-04 06:30:00,C00846,E0147,UPS , Computer Accessories,3,7999,0.03,Cash,Delivered,,"Unit 12, Building 30",Call customer
O001625,2023-10-01 06:36:00,C00781,E0019,Keyboard,Office Furniture,3,9999,0.03,Credit Card,Shipped,,994 Main St.,Call customer
O001626,2025-10-22 14:34:00,C00273,E0174,Printer,Office Furniture,9,999,0.2,PayPal,Cancelled,Marketplace,"Unit 20, Building 48",Call customer
O001627,2022-06-14 22:16:00,C00263,E0034,Desk,NETWORKING ,6,7999,0, GCash ,Delivered ,STORE,361 Mabini St.,
O001628,2025-03-15 03:53:00,C00654,E0221,Smartphone,Mobile Devices,3,499,0.1,Bank Transfer,Processing,STORE,"Unit 9, Building 26 ",Urgent
O001629,2025-02-27 03:52:00,C00578,E0211,Monitor,Computer Accessories,10,1499,0.2,PayPal,Delivered,STORE,311 Bonifacio St.,Gift order
O001630,2024-11-09 03:22:00,C00405,E0198,Smartphone,Electronics,5,4999,0.05,PayPal,Processing,,182 Mabini St.,Call customer
O001631,2023-07-06 11:26:00,C00666,E0009,Monitor,Networking,2,1999,0.03,Credit Card,Shipped,Marketplace,819 Main St.,Deliver after 5PM
O001632,2025-08-18 16:19:00,C00898,E0156,mouse ,Mobile Devices,4,799,0.05,PayPal,Processing,Store,"Unit 3, Building 32",Deliver after 5PM
O001633,2024-06-17 01:52:00,C00388,E0182,Desk,Electronics,9,1499,0.03,Cash,Cancelled,,"Unit 8, Building 21",Gift order
O001634,2023-01-15 11:42:00,C00223,E0094,Office Chair, Electronics ,,14999,0,Credit Card,Shipped,STORE,"Unit 2, Building 28",Gift order
O001635,2023-09-04 09:01:00,C00745,E0067,UPS,Networking ,5,9999,0.15,Debit Card,processing,STORE,860 Mabini St.,Call customer
O001636,2022-01-29 11:33:00,C00515,E0073,External Drive,Computer Accessories,7,499,0.15,GCash,Cancelled,,417 QUEZON ST.,
O001637,2023-01-04 16:22:00,C00436,E0027,Printer,Electronics,4,499,0.2,Credit Card,Pending,Store,509 Mabini St.,
O001638,2025-07-29 11:03:00,C00233,E0155,UPS,Mobile Devices,5,499,0.15, CASH ,Shipped,Online,"Unit 9, Building 11",Gift order
O001639,2024-12-06 09:40:00,C00697,E0132,Projector,Mobile Devices,2,1999,0,GCash,Pending,online,625 Bonifacio St.,Urgent
O001640,2024-07-23 20:49:00,C00316,E0179,Headset,Computer Accessories,2,4999,0,GCash,Cancelled,,"Unit 10, Building 7",Deliver after 5PM
O001641,2023-01-16 16:19:00,C00444,E0087,Mouse,Office Furniture,7,7999,0,PayPal,Delivered,online,"Unit 4, Building 25",
O001642,2025-08-30 22:07:00,C00319,E0019,UPS,Networking,9,2999,0.03,Debit Card,Processing,," UNIT 7, BUILDING 12 ",Deliver after 5PM
O001643,2024-12-07 06:44:00,C00087,E0023,Router,Office Furniture,10,19999,0,PayPal,Shipped,STORE,447 Main St. ,
O001644,2022-12-20 08:20:00,C00522,E0248,Laptop,Electronics,3,1999,0,Bank Transfer,Shipped,,"Unit 10, Building 11",
O001645,2023-09-27 21:29:00,C00812,E0170,Printer,Networking,7,14999,,Credit Card,Pending,,179 Bonifacio St.,Urgent
O001646,2025-12-06 03:46:00,C00247,E0054,Projector,Office Furniture,8,499,0.2,GCash,Shipped,Online,563 Rizal St.,Deliver after 5PM
O001647,2023-10-22 12:44:00,C00002,E0239,UPS ,Computer Accessories,9,499,0.05,GCash,Returned,STORE,"Unit 4, Building 44",Gift order
O001648,2025-05-12 01:16:00,C00621,E0043,Desk,Electronics,6,799,0.2,,Cancelled,Store,,
O001649,2022-12-19 19:30:00,C00641,E0069,Desk,Office Furniture,7,19999,0.03, GCash ,Processing,Online,"Unit 1, Building 14",Urgent
O001650,2022-12-24 22:57:00,C00275,E0019,UPS,Networking,3,7999,0.03,GCash,Cancelled,,"Unit 18, Building 38",
O001651,2022-12-08 21:10:00,C00773,E0220,Desk ,Electronics,3,999,0.1,Cash,Delivered,Online,"Unit 15, Building 49",
O001652,2023-01-01 02:49:00,C00029,E0183,Laptop,Mobile Devices,6,1999,0.1,PayPal,Delivered,Marketplace,"Unit 11, Building 40",Urgent
O001653,2024-10-03 08:32:00,C00276,E0217, Mouse,Electronics,1,9999,,Cash,Cancelled,,"Unit 16, Building 16",Gift order
O001654,2024-09-16 11:32:00,C00752,E0234,Router,Computer Accessories,9,7999,0.2,Debit Card,Cancelled,STORE,"Unit 6, Building 16",
O001655,2023-10-31 13:38:00,C00475,E0241,Router,Electronics ,8,4999,0.03,GCash,Processing,Online,901 Bonifacio St.,Call customer
O001656,2024-05-23 03:55:00,C00710,E0213,LAPTOP ,Networking,8,999,0.2,Debit Card,Shipped ,Marketplace,888 Mabini St.,Gift order
O001657,2022-09-12 22:25:00,C00294,E0193,Tablet,Computer Accessories,9,,0.03,,Pending,Store,310 Main St.,
O001658,2023-10-03 21:01:00,C00522,E0242,Projector,Computer Accessories,10,19999,0.03,Debit Card,Processing,Store,112 Rizal St.,Call customer
O001659,2025-02-02 16:40:00,C00869,E0145,Headset,Computer Accessories,2,14999,0.15,Credit Card,Delivered,STORE,"Unit 17, Building 16",Deliver after 5PM
O001660,2022-07-12 20:02:00,C00425,E0234,Mouse,Computer Accessories,1,1999,0.15,Bank Transfer,Cancelled,STORE,"Unit 2, Building 30",Deliver after 5PM
O001661,2024-04-13 08:17:00,C00109,E0088,Printer,Networking,10,799,0,Credit Card,Delivered,,"Unit 2, Building 34 ",Urgent
O001662,2022-02-03 04:10:00,C00118,E0176,Office Chair,Computer Accessories,3,7999,0.03,PayPal, Returned ,Marketplace,"Unit 3, Building 47",Urgent
O001663,2025-01-15 05:26:00,C00113,E0168,Tablet,Office Furniture,6,14999,0.1,Debit Card,Returned,online,294 Main St.,
O001664,2024-12-29 13:50:00,C00411,E0202,Keyboard,MOBILE DEVICES ,9,7999,,Cash,,STORE, 932 main st. ,
O001665,2024-11-27 05:46:00,C00696,E0191,Laptop, Computer Accessories,8,19999,0.1,GCash,Cancelled,Store,"Unit 10, Building 24",Call customer
O001666,2023-08-04 09:58:00,C00179,E0075,Printer,Networking,8,9999,,Cash,Pending,online," Unit 15, Building 37",
O001667,2023-03-24 15:27:00,C00135,E0082,Router,Computer Accessories,3,1499,0.15,GCash,Delivered,STORE,72 Rizal St.,Urgent
O001668,2024-04-11 06:20:00,C00984,E0232,Desk,Electronics,2,2999,0.03,Credit Card,Processing,STORE,"Unit 10, Building 15",Deliver after 5PM
O001669,2023-01-12 16:16:00,C00272,E0063,keyboard, Electronics,3,2999,0,PayPal,Returned,Store,27 Rizal St.,Call customer
O001670,2022-04-13 19:39:00,C00548,E0243,External Drive,Electronics,6,799,0.2, paypal,Pending,Marketplace,"Unit 5, Building 1",
O001671,2024-05-23 11:15:00,C00959,E0104,Webcam,Office Furniture,6,799,0.05,GCash,Returned,Online,"Unit 12, Building 12",Deliver after 5PM
O001672,2025-06-18 15:10:00,C00345,E0158,Mouse,Electronics,8,19999,0.03,Credit Card,Processing,Marketplace,694 Bonifacio St.,
O001673,2024-07-16 18:20:00,C00153,E0061,Tablet,Networking,6,1999,0.1,,Delivered,Online,"Unit 18, Building 1",Gift order
O001674,2024-09-15 19:59:00,C00214,E0120,Router,Networking,10,14999,0.1,,delivered ,Online,"Unit 20, Building 6",
O001675,2025-09-24 10:47:00,C00184,E0207,Keyboard,Office Furniture,9,1999,0.15,Cash,Processing,Store,"Unit 3, Building 6",Deliver after 5PM
O001676,2025-07-23 12:12:00,C00402,E0247,Laptop,Office Furniture,4,9999,0.05,PayPal,Delivered,Store,83 Quezon St.,
O001677,2025-01-13 21:52:00,C00458,E0175,Tablet,Electronics,7,1499,0.05,Bank Transfer,Cancelled,STORE,"Unit 12, Building 22",Gift order
O001678,2025-04-24 19:42:00,C00045,E0160,Desk,Electronics,9,799,0.2,GCash,Shipped,,"Unit 6, Building 6",Deliver after 5PM
O001679,2023-10-24 09:20:00,C00789,E0164,External Drive,Office Furniture,8,19999,0.15,GCash,Shipped,Marketplace,883 Quezon St.,Gift order
O001680,2025-12-16 11:19:00,C00936,E0022,UPS, Networking,6,4999,0,GCash, CANCELLED,Store,"Unit 18, Building 21",
O001681,2024-05-15 23:48:00,C00317,E0145,External Drive,Computer Accessories,7,499,0.2,Debit Card,Cancelled,STORE,207 Rizal St.,Urgent
O001682,2025-08-25 04:22:00,C00821,E0240, Smartphone,Networking,9,2999,0.15,Debit Card,Delivered,,,Deliver after 5PM
O001683,2022-06-18 00:02:00,C00575,E0004,Webcam,Networking,3,4999,0.1,Debit Card,Returned,Online,"Unit 16, Building 45",Call customer
O001684,2022-01-08 04:55:00,C00137,E0209,UPS,Office Furniture,5,999,0.03,Debit Card,Shipped,Store,"Unit 19, Building 30",
O001685,2024-02-09 05:18:00,C00050,E0196,External Drive, Electronics,4,1499,0.2,Debit Card,Pending,Marketplace,573 Quezon St.,Call customer
O001686,2022-01-20 14:35:00,C00327,E0219,Smartphone,Mobile Devices,2,999,, CREDIT CARD ,Returned,Marketplace,"Unit 4, Building 25",
O001687,2024-04-16 22:24:00,C00465,E0173,Projector,Computer Accessories,9,999,0.2, bank transfer,Delivered,Marketplace,376 mabini st.,Call customer
O001688,2025-10-17 18:45:00,C00375,E0061, laptop,networking ,3,2999,0.15,Debit Card,Returned,Online,,
O001689,2025-08-03 06:32:00,C00651,E0110,Laptop, computer accessories,1,19999,0.2,Cash,Cancelled,online,363 Rizal St.,Deliver after 5PM
O001690,2024-06-02 10:19:00,C00146,E0047,Keyboard,Office Furniture,6,4999,,Debit Card,DELIVERED ,STORE,"Unit 20, Building 14",
O001691,2024-08-11 00:53:00,C00777,E0135,External Drive,Computer Accessories,9,19999,0.05,PayPal,Returned,Marketplace, 85 QUEZON ST. ,Urgent
O001692,2025-11-29 00:43:00,C00352,E0055,Webcam ,Mobile Devices,3,7999,0.05,PayPal,Processing,Marketplace,60 Quezon St.,
O001693,2025-10-24 23:08:00,C00435,E0124,Office Chair,Electronics,1,799,0.05,Cash,Shipped,Online,555 Mabini St.,
O001694,2022-03-31 03:44:00,C00045,E0150,webcam , office furniture ,5,1999,,PayPal,Delivered,online,"Unit 17, Building 26",
O001695,2023-09-13 04:10:00,C00376,E0178,Desk,Office Furniture,8,7999,0.05,Credit Card,Delivered,Online," Unit 7, Building 10 ",Deliver after 5PM
O001696,2023-07-27 04:54:00,C00179,E0049,Webcam,Office Furniture,2,4999,0.05,BANK TRANSFER,Returned,Marketplace, 468 Quezon St. ,Urgent
O001697,2024-11-25 12:45:00,C00655,E0090,Mouse,Networking,3,1499,0.05,Debit Card,Delivered,Store,"Unit 11, Building 35",Gift order
O001698,2024-06-01 11:19:00,C00902,E0142,Tablet,Electronics,10,14999,0.2,PayPal,Cancelled,STORE,"Unit 9, Building 43",Urgent
O001699,2025-03-06 16:54:00,C00472,E0081,Laptop,electronics ,7,9999,0,cash,Pending,online,815 Bonifacio St.,Deliver after 5PM
O001700,2025-05-30 00:04:00,C00844,E0021, Router ,Electronics,9,7999,0,Bank Transfer ,delivered,online,640 Quezon St.,Urgent
O001701,2023-11-15 04:54:00,C00459,E0022,Tablet,Computer Accessories,3,799,0.2,Credit Card, pending ,Marketplace, 973 Quezon St.,Urgent
O001702,2023-09-05 16:39:00,C00994,E0225,Monitor,Electronics,6,4999,0.03,PayPal,Delivered,Online,"Unit 17, Building 45",
O001703,2024-07-20 00:41:00,C00021,E0175,Office Chair,Office Furniture,9,7999,0.05,CREDIT CARD ,Shipped,Online,982 Bonifacio St.,
O001704,2023-04-29 11:41:00,C00422,E0066,External Drive,Electronics,6,1999,,PayPal,Processing,Marketplace, 197 Quezon St. ,Urgent
O001705,2025-06-14 09:35:00,C00783,E0137,Projector,Office Furniture,8,999,0.1,GCash,Cancelled,Store,"Unit 15, Building 47",
O001706,2022-01-12 04:06:00,C00460,E0152,Mouse,Office Furniture,7,4999,0.03,Debit Card,Pending,STORE,"Unit 15, Building 32",
O001707,2022-01-16 17:12:00,C00106,E0005,Smartphone, Office Furniture,4,1999,0.1,Debit Card,Processing,online,"Unit 7, Building 45",Gift order
O001708,2022-09-15 09:33:00,C00963,E0231,Mouse,Computer Accessories,10,9999,0.2,Credit Card,Processing,online,268 Quezon St.,Call customer
O001709,2024-10-04 03:14:00,C00730,E0126,Router, Computer Accessories,1,2999,0.2,PayPal,Returned,Online,752 Mabini St.,Call customer
O001710,2022-09-30 01:12:00,C00864,E0054,Office Chair, Electronics,8,19999,,Credit Card,Delivered,STORE,"Unit 14, Building 22",Call customer
O001711,2025-06-16 02:38:00,C00727,E0165,UPS,Office Furniture,9,2999,0.03,Credit Card,Cancelled,online,"Unit 11, Building 38",Urgent
O001712,2025-01-14 06:05:00,C00410,E0059,Mouse,Computer Accessories,9,19999,0.1,Cash,Pending,,"Unit 17, Building 12",Gift order
O001713,2024-07-23 00:48:00,C00267,E0227,Laptop,Networking,10,799,0.2,Debit Card,Delivered,Store,"Unit 16, Building 44",
O001714,2024-07-27 11:51:00,C00424,E0043,Projector,Computer Accessories,2,1499,0.05,GCash, shipped,Store,"Unit 20, Building 20",Call customer
O001715,2025-03-08 13:28:00,C00700,E0056,Mouse,Office Furniture,7,799,0.15,Debit Card,Cancelled,STORE,750 Rizal St.,Urgent
O001716,2025-06-13 03:51:00,C00668,E0169,Keyboard,Mobile Devices,4,7999,0.2,Cash,Pending,,"Unit 14, Building 29",Call customer
O001717,2024-07-06 16:27:00,C00089,E0250,Monitor,Office Furniture,8,1499,0.15,Cash,Processing,STORE,"Unit 17, Building 46",
O001718,2022-08-22 10:14:00,C00360,E0193,PRINTER,Mobile Devices,9,19999,0,PayPal,Returned,Online,867 Main St.,Call customer
O001719,2022-09-26 04:57:00,C00171,E0135,Smartphone,Mobile Devices,1,1999,,Credit Card,Pending,Online,"Unit 12, Building 29",
O001720,2025-02-13 18:07:00,C00412,E0010,Projector,Computer Accessories,5,19999,0.05,Debit Card,Returned,,817 QUEZON ST. ,Gift order
O001721,2024-06-14 14:53:00,C00019,E0249,Mouse,Electronics,3,14999,0.15,Bank Transfer,Returned,Store,"Unit 19, Building 33",Deliver after 5PM
O001722,2024-09-20 12:39:00,C00711,E0239, PRINTER ,networking,9,4999,0.15,Cash,Processing,Store,343 Rizal St.,
O001723,2023-05-19 16:50:00,C00443,E0042,Projector,Office Furniture,8,499,,Debit Card,Cancelled,Online,"Unit 19, Building 28",Call customer
O001724,2024-02-08 18:39:00,C00740,E0012,Monitor,Networking,4,9999,0.1,GCash,Delivered,online,540 Bonifacio St.,Gift order
O001725,2023-11-20 06:39:00,C00585,E0145,Mouse ,Mobile Devices,4,19999,0.15,PayPal,Pending,,449 Mabini St.,Deliver after 5PM
O001726,2023-02-13 14:47:00,C00330,E0138,UPS,Networking,4,7999,0.1,Bank Transfer, Returned ,Marketplace,"Unit 11, Building 28",Gift order
O001727,2023-03-06 12:12:00,C00831,E0036,UPS,COMPUTER ACCESSORIES,2,1499,0.2,GCash,Processing,Marketplace,659 Bonifacio St.,
O001728,2022-07-09 05:14:00,C00507,E0162,Headset,Office Furniture,8,14999,0.2, Cash, Cancelled ,Store,"Unit 1, Building 48",Gift order
O001729,2023-07-02 22:00:00,C00304,E0155,smartphone,Mobile Devices ,6,499,0.2,Bank Transfer,Cancelled,Store,792 Quezon St.,
O001730,2025-11-09 00:45:00,C00768,E0117,Router,Computer Accessories,4,9999,0.1, bank transfer , DELIVERED,Online,928 Mabini St.,
O001731,2024-03-26 22:39:00,C00761,E0159,Headset,Mobile Devices,3,14999,0,Debit Card,Cancelled,Store,660 Rizal St.,Deliver after 5PM
O001732,2025-05-12 16:44:00,C00670,E0230,UPS,Networking,8,999,0.03,PayPal,Processing,Online,640 Mabini St.,Deliver after 5PM
O001733,2023-02-21 09:48:00,C00613,E0195, PRINTER , NETWORKING,3,2999,0.05, credit card,Cancelled,Online,300 Rizal St.,Urgent
O001734,2023-09-28 02:01:00,C00400,E0053, MONITOR,Office Furniture,5,999,0.2,Cash,Delivered,online," UNIT 18, BUILDING 40",
O001735,2023-01-18 18:26:00,C00727,E0140,smartphone,ELECTRONICS ,5,999,,GCash, PROCESSING ,Store,866 Mabini St.,Deliver after 5PM
O001736,2024-11-18 00:02:00,C00025,E0096,PROJECTOR,Electronics,7,499,0.15,Cash,Processing,Marketplace,"Unit 1, Building 34",Gift order
O001737,2023-11-10 04:24:00,C00237,E0174,Mouse,Electronics,3,9999,0.03,PayPal,Pending,,489 Main St.,Call customer
O001738,2025-01-16 04:12:00,C00831,E0214,External Drive,Electronics,7,999,0.2,GCash,Cancelled,Online,"Unit 13, Building 7",Call customer
O001739,2023-03-27 22:19:00,C00681,E0081,Headset,Networking,9,14999,0.05,PayPal, processing,,682 Mabini St.,Call customer
O001740,2025-09-19 16:22:00,C00549,E0170,Laptop,Mobile Devices,1,4999,,Debit Card,Cancelled,Marketplace,793 Rizal St.,Urgent
O001741,2025-06-13 06:44:00,C00674,E0016, Projector,Electronics,6,2999,,GCash,Delivered,,"unit 5, building 29",Gift order
O001742,2023-10-29 02:34:00,C00046,E0030,Router,Networking,10,799,0.03,GCash,,online,"Unit 3, Building 44",
O001743,2022-03-05 17:46:00,C00744,E0145,Desk,Electronics,2,7999,0.15,Credit Card,Processing,online,"Unit 7, Building 7",Urgent
O001744,2025-01-23 12:06:00,C00687,E0013,Laptop ,Office Furniture,3,1999,0.2,Cash, SHIPPED ,,"Unit 17, Building 38",
O001745,2024-09-26 22:33:00,C00039,E0182, Projector ,Office Furniture,3,1499,0.2,GCash,shipped,Marketplace,"Unit 19, Building 12",Gift order
O001746,2025-06-07 23:54:00,C00999,E0205,Office Chair,,3,499,,Debit Card,Returned ,Store,257 Bonifacio St.,Deliver after 5PM
O001747,2025-02-25 16:53:00,C00505,E0233, Mouse,Computer Accessories,9,7999,0.2,Credit Card,Pending,, 816 main st. ,Deliver after 5PM
O001748,2024-08-16 17:50:00,C00758,E0189,Printer,Electronics,2,4999,0.05,Debit Card,Returned,Marketplace,914 Mabini St.,Deliver after 5PM
O001749,2022-10-25 16:40:00,C00088,E0149,UPS,Mobile Devices,2,4999,0.2,Cash,Processing,Online,"Unit 8, Building 23",Deliver after 5PM
O001750,2023-09-18 13:52:00,C00455,E0046,Laptop,Computer Accessories,4,19999,0.15,Credit Card,Processing,Marketplace,"Unit 8, Building 9",Call customer
O001751,2022-02-28 05:24:00,C00950,E0013,Keyboard,Computer Accessories,9,2999,0.15,PayPal,Cancelled,Marketplace,765 Main St.,Gift order
O001752,2025-07-26 08:57:00,C00547,E0223,UPS,Electronics,10,14999,0,Credit Card,Pending,Online,740 Mabini St.,Call customer
O001753,2024-06-15 06:50:00,C00356,E0194,Projector,Networking,8,499,0.05,PayPal,Shipped ,online,"Unit 18, Building 4",Deliver after 5PM
O001754,2022-10-04 04:48:00,C00375,E0180,Monitor,Electronics,10,4999,0.2,GCash,Processing,online,"Unit 15, Building 18",Deliver after 5PM
O001755,2025-08-25 19:09:00,C00852,E0177,External Drive,Office Furniture,8,4999,0.1,Credit Card,Processing,Store,101 Mabini St.,
O001756,2022-04-29 19:21:00,C00946,E0228,Desk, COMPUTER ACCESSORIES ,1,1999,0.15,Bank Transfer,Shipped,STORE,205 Quezon St.,Urgent
O001757,2022-07-23 12:01:00,C00468,E0207,Printer,Mobile Devices,5,499,0.15,PayPal,Shipped,STORE,708 Quezon St.,Deliver after 5PM
O001758,2025-12-26 10:55:00,C00137,E0213,Desk,Electronics,2,2999,0.1,GCash,Returned,online,753 Quezon St.,Deliver after 5PM
O001759,2022-07-08 13:24:00,C00665,E0198,UPS,Office Furniture,3,999,0.1,Cash,Delivered,Store,25 Mabini St.,Gift order
O001760,2024-03-04 18:50:00,C00833,E0070,Mouse,Electronics,2,4999,,credit card,Processing,Store,"Unit 19, Building 5",Urgent
O001761,2025-09-22 20:23:00,C00568,E0230, EXTERNAL DRIVE,Mobile Devices,4,14999,0.1,Bank Transfer,Returned,Online,"Unit 15, Building 14",Gift order
O001762,2024-12-07 10:51:00,C00776,E0171,External Drive,Computer Accessories,10,1999,0.1,PayPal,returned,,"Unit 2, Building 35",Urgent
O001763,2025-03-12 12:34:00,C00502,E0116,Projector,Mobile Devices,4,19999,0.2,Credit Card,Processing,online,,
O001764,2025-08-26 17:17:00,C00068,E0118,Office Chair,Mobile Devices,9,1499,0,Cash,Returned,Online,"Unit 19, Building 43 ",
O001765,2022-05-21 13:27:00,C00027,E0038,Keyboard,Computer Accessories,3,9999,0.15,Debit Card, delivered ,Marketplace,576 Quezon St.,Call customer
O001766,2024-10-16 01:19:00,C00203,E0249,Smartphone,,9,9999,0.03,GCash,Processing,STORE,"Unit 13, Building 50",Call customer
O001767,2024-07-06 14:56:00,C00975,E0015,Smartphone,,8,1499,0.05,Debit Card, processing,online,"Unit 5, Building 38",Deliver after 5PM
O001768,2023-05-30 15:07:00,C00901,E0183,Monitor,,2,4999,0.03,Cash,Cancelled,online,,
O001769,2023-05-27 22:44:00,C00328,E0047,,office furniture,3,1499,0.05,Bank Transfer , Pending,Online,591 Mabini St.,Gift order
O001770,2023-11-14 08:22:00,C00734,E0158,Webcam,Office Furniture,6,799,0.1,,Cancelled,Store,"Unit 17, Building 40",Gift order
O001771,2022-11-09 01:46:00,C00104,E0077,Mouse,Mobile Devices,2,1999,0.1,Debit Card,Cancelled,online,"Unit 19, Building 2",
O001772,2025-01-25 03:35:00,C00061,E0127,Monitor,Computer Accessories,4,7999,0.15,Debit Card,cancelled,online,528 Mabini St.,Urgent
O001773,2025-08-12 14:50:00,C00761,E0128,office chair,Computer Accessories,10,499,0.15,Debit Card,Cancelled,Online,"Unit 15, Building 47",Deliver after 5PM
O001774,2022-01-07 00:16:00,C00930,E0231,External Drive,Mobile Devices,5,19999,0.2,PayPal,Pending,Store,966 Rizal St.,
O001775,2025-10-30 17:24:00,C00266,E0144,Headset,Mobile Devices,7,999,0.03,Credit Card,Pending,online,"Unit 13, Building 30",Gift order
O001776,2023-03-26 05:44:00,C00952,E0049, PROJECTOR,Networking,5,799,0.1,Credit Card,Delivered,,409 Main St.,
O001777,2025-12-29 06:45:00,C00460,E0040,Headset,Electronics,6,4999,,Bank Transfer,Shipped ,Store,736 Main St.,Deliver after 5PM
O001778,2025-08-05 18:08:00,C00784,E0058,Mouse,Electronics,9,1499,0,Debit Card,Pending,STORE,"Unit 16, Building 11",Gift order
O001779,2022-10-13 16:29:00,C00630,E0114,Smartphone,Computer Accessories,6,799,0,Debit Card,Delivered,,248 Main St.,Gift order
O001780,2023-02-06 23:45:00,C00937,E0191,Monitor,Networking,8,4999,0.1,Debit Card,Processing,Online,37 Bonifacio St.,
O001781,2023-11-16 12:51:00,C00217,E0069,Monitor ,Computer Accessories,9,19999,0,PayPal,,Store,"Unit 18, Building 41",Call customer
O001782,2024-07-12 19:25:00,C00268,E0139,Webcam,Mobile Devices,5,2999,0.05,PayPal,Pending,Online,"Unit 19, Building 36",Deliver after 5PM
O001783,2025-05-26 18:36:00,C00040,E0038,External Drive,Electronics,9,1999,0.1,Debit Card,Pending,, 136 Main St.,Gift order
O001784,2024-10-18 06:03:00,C00226,E0053,Mouse,Networking,2,2999,0.15, Debit Card ,Processing,Online,723 Rizal St.,Urgent
O001785,2024-02-05 07:58:00,C00790,E0166,External Drive,Electronics,6,9999,0.05,Cash,Delivered,Store,"Unit 4, Building 6",Call customer
O001786,2023-09-27 20:58:00,C00075,E0005,Smartphone,Networking,1,999,0.2,Cash, delivered,,"Unit 1, Building 40",
O001787,2023-09-14 20:50:00,C00041,E0063,Smartphone ,Office Furniture,8,1499,0.05,CASH,Returned,Store,922 Mabini St.,Call customer
O001788,2022-03-08 02:10:00,C00550,E0224,Desk,Networking,5,1499,0.1,Debit Card,Cancelled,STORE,791 Rizal St.,Urgent
O001789,2022-03-13 18:18:00,C00921,E0149,Smartphone,Mobile Devices,7,9999,0.15, CASH,Pending,,168 Quezon St.,Gift order
O001790,2024-08-03 17:49:00,C00521,E0208,Webcam, Computer Accessories ,5,4999,0,Bank Transfer,Delivered,,313 Quezon St.,Urgent
O001791,2023-06-08 18:45:00,C00314,E0243,Laptop,Electronics,10,999,0.03,PayPal,Shipped,Marketplace,"Unit 5, Building 29",
O001792,2024-01-21 23:44:00,C00907,E0110,Router,Computer Accessories,6,19999,,Credit Card,Cancelled,Online,160 Mabini St.,Gift order
O001793,2022-12-13 02:38:00,C00305,E0038,PRINTER ,Computer Accessories,8,4999,0, BANK TRANSFER,Pending,Marketplace,475 Quezon St.,Call customer
O001794,2023-03-23 02:53:00,C00389,E0204,Router,Computer Accessories,8,9999,0.1,PayPal,Processing,,"Unit 6, Building 31",
O001795,2022-12-27 17:42:00,C00999,E0028,Keyboard,Mobile Devices,2,999,0.1,GCash,Cancelled,Marketplace,"Unit 3, Building 38",
O001796,2024-04-13 22:35:00,C00302,E0234,Laptop,Networking,8,2999,0,Credit Card,Cancelled,STORE,"Unit 13, Building 11",Gift order
O001797,2023-12-13 12:39:00,C00270,E0029,Office Chair,,7,2999,0.05,Bank Transfer,Shipped,online,"Unit 14, Building 38",
O001798,2022-11-06 21:15:00,C00250,E0173,webcam ,Networking,3,7999,,Credit Card,Processing,Online,"Unit 1, Building 20",Deliver after 5PM
O001799,2024-05-01 07:45:00,C00348,E0218,laptop,Electronics,10,2999,0,PayPal,,STORE,526 Main St.,Urgent
O001800,2025-04-01 20:41:00,C00970,E0096,Projector, Computer Accessories,6,9999,0.03,Bank Transfer,Pending,,"Unit 3, Building 17",Gift order
O001801,2025-09-07 18:42:00,C00265,E0173,External Drive,Computer Accessories,8,9999,0.05,Cash,Pending,STORE,"Unit 13, Building 25",Urgent
O001802,2023-08-03 14:44:00,C00561,E0192,External Drive,Office Furniture,1,1499,0.1,Bank Transfer, PENDING,Online,"Unit 1, Building 39",
O001803,2024-01-28 14:32:00,C00483,E0239,Webcam ,Electronics,7,499,0,Debit Card,Delivered,online,"Unit 1, Building 10",
O001804,2025-12-30 22:08:00,C00438,E0160,External Drive,Office Furniture,4,499,0.15,Debit Card, PROCESSING ,STORE,596 Bonifacio St.,Gift order
O001805,2025-02-25 09:52:00,C00109,E0212,Printer,Mobile Devices,9,499,0.05,Debit Card,Returned,online,"Unit 3, Building 22",Deliver after 5PM
O001806,2025-05-04 15:41:00,C00022,E0033,External Drive,Computer Accessories,2,2999,0.2,Bank Transfer,Pending,,"Unit 10, Building 50",Deliver after 5PM
O001807,2024-07-12 12:33:00,C00512,E0028,Webcam,Electronics,6,14999,,Bank Transfer,Processing,STORE,"Unit 19, Building 41",Call customer
O001808,2022-08-21 02:51:00,C00060,E0106, Laptop ,Networking,7,1499,0.05,Credit Card,Delivered,online,"Unit 6, Building 50",Deliver after 5PM
O001809,2025-11-27 07:13:00,C00423,E0204, Webcam,Electronics,7,1499,0.15,CASH ,Delivered,Marketplace,"Unit 19, Building 6",Gift order
O001810,2022-01-31 02:10:00,C00703,E0092, printer ,Electronics,4,19999,0.05,Cash,Returned,Marketplace, 936 RIZAL ST.,Deliver after 5PM
O001811,2024-03-30 17:55:00,C00757,E0250,,Networking,10,999,,Debit Card,Cancelled,," Unit 4, Building 20",
O001812,2023-03-08 09:09:00,C00029,E0072,Projector,Networking,9,7999,0.1,Bank Transfer,Pending,," Unit 4, Building 32 ",
O001813,2022-10-28 07:02:00,C00374,E0155,Tablet,Electronics,6,9999,,Bank Transfer,RETURNED,Store,"Unit 2, Building 35",
O001814,2022-02-26 04:06:00,C00242,E0155,Tablet,Mobile Devices,6,499,,Debit Card,Pending,online,"Unit 5, Building 17",
O001815,2024-08-17 18:44:00,C00995,E0120,Projector,Networking,4,1999,0.2,Cash,Cancelled,Online,228 Rizal St.,
O001816,2022-08-23 21:54:00,C00105,E0101,Office Chair,Mobile Devices,7,799,,GCash,Delivered,,35 Mabini St.,Deliver after 5PM
O001817,2025-01-01 06:59:00,C00405,E0171,UPS,Computer Accessories,10,499,0,Cash,,Store,"Unit 3, Building 36",Call customer
O001818,2022-11-24 15:14:00,C00504,E0237, Keyboard,Office Furniture,9,7999,0.1,PayPal,Cancelled,Online, 99 Bonifacio St. ,Call customer
O001819,2023-06-06 08:01:00,C00711,E0033,keyboard,Office Furniture,7,799,0.03,BANK TRANSFER ,Shipped,Online,302 Rizal St.,Urgent
O001820,2023-07-27 11:24:00,C00040,E0142,Desk,Electronics,6,799,0.2,Cash,Processing,," Unit 7, Building 10",Call customer
O001821,2024-08-08 01:47:00,C00490,E0007,Headset,Networking,6,14999,0.05,PayPal,,Marketplace,726 Quezon St.,
O001822,2024-06-15 04:58:00,C00393,E0126,Monitor, Networking ,8,499,0,PayPal,Pending,online,,Urgent
O001823,2023-01-18 00:48:00,C00592,E0061,Webcam,Office Furniture,2,1999,,Debit Card,Processing,, 71 bonifacio st.,Urgent
O001824,2025-03-08 17:33:00,C00042,E0078,Keyboard,Mobile Devices,9,7999,0.2,Bank Transfer,Pending,Online,"Unit 15, Building 40",
O001825,2024-08-01 14:47:00,C00863,E0248,External Drive,Electronics,8,9999,0.03,Cash,Returned,,"Unit 18, Building 44",
O001826,2025-04-07 11:16:00,C00735,E0143,Smartphone,Office Furniture,4,1499,0.05,,Cancelled,,836 Main St.,
O001827,2024-07-16 08:34:00,C00888,E0192,Tablet,Networking,2,2999,,GCash,Returned ,online,997 Quezon St.,Gift order
O001828,2025-01-04 07:23:00,C00115,E0003,Projector,Electronics,5,7999,0.2,Credit Card,Delivered,Marketplace,"Unit 7, Building 6",
O001829,2025-11-26 11:43:00,C00506,E0013,Smartphone,Office Furniture,7,1999,0,GCash,Shipped,Store,"unit 13, building 45 ",
O001830,2023-07-11 16:55:00,C00123,E0154,mouse,Networking,6,999,0.1,PayPal,Cancelled,Store, 349 Bonifacio St. ,
O001831,2025-05-18 23:52:00,C00761,E0153,Office Chair, Computer Accessories ,4,1499,0.1,Credit Card,Pending,online,"Unit 7, Building 43",Gift order
O001832,2024-09-13 05:48:00,C00526,E0141,Smartphone,Networking,4,14999,0.15,PayPal,Cancelled,online,289 Mabini St.,Urgent
O001833,2024-12-02 08:01:00,C00759,E0095,Router,,5,7999,0.05,Bank Transfer,Cancelled,Marketplace,154 Mabini St.,Urgent
O001834,2022-01-12 20:35:00,C00117,E0167,Mouse,Computer Accessories,2,19999,0.03, CREDIT CARD ,Returned,Store,682 Rizal St.,
O001835,2022-06-06 17:52:00,C00787,E0187,UPS,Networking,10,799,,Cash,Cancelled,STORE,"unit 3, building 33 ",
O001836,2023-04-28 03:32:00,C00230,E0047,Keyboard,Office Furniture,5,14999,0.1,Credit Card,Processing,,6 Rizal St.,
O001837,2022-07-09 15:40:00,C00588,E0018,, OFFICE FURNITURE ,2,799,0.15,PayPal,Shipped,,"Unit 2, Building 46",Urgent
O001838,2023-03-21 01:37:00,C00744,E0069,Mouse,Networking,10,7999,0.05,Debit Card,Processing,Marketplace,413 Rizal St.,
O001839,2022-03-27 07:46:00,C00242,E0073, Smartphone,Electronics,8,799,0.03,Credit Card,Returned,STORE, 296 Main St. ,
O001840,2024-10-26 03:34:00,C00667,E0061, HEADSET,Networking,2,1999,0.1,Bank Transfer,Pending,Marketplace,"Unit 11, Building 23",Urgent
O001841,2022-09-16 04:43:00,C00315,E0201,UPS,,8,4999,0.1,Cash,DELIVERED ,Marketplace,"UNIT 12, BUILDING 40",Gift order
O001842,2023-11-18 13:00:00,C00880,E0081,UPS,Mobile Devices,7,14999,0.15,Bank Transfer,Delivered,Online,165 Rizal St.,
O001843,2023-11-03 04:11:00,C00441,E0043,Tablet, Office Furniture,5,499,0.1, Bank Transfer,Processing,Store,26 Bonifacio St.,Deliver after 5PM
O001844,2025-09-01 11:29:00,C00984,E0115,Keyboard,Networking,8,1499,0.03,BANK TRANSFER,Delivered,online,"Unit 12, Building 14",Urgent
O001845,2023-10-20 17:20:00,C00123,E0081, PRINTER ,Computer Accessories,6,2999,0.05,Credit Card,,STORE,"Unit 18, Building 49",Gift order
O001846,2023-06-23 20:07:00,C00052,E0146,Projector,Mobile Devices,5,999,0.2,Bank Transfer,Delivered,Online,104 Mabini St.,Urgent
O001847,2025-03-19 10:33:00,C00677,E0166,Keyboard,Mobile Devices,,2999,0.2,Credit Card,Shipped,,"Unit 20, Building 36",Gift order
O001848,2025-01-28 07:58:00,C00031,E0047,Headset,Office Furniture,6,799,0.05, paypal,,,"Unit 19, Building 16",Call customer
O001849,2022-03-14 04:56:00,C00043,E0161,Smartphone,Office Furniture,1,1999,0.15,Bank Transfer,Shipped,Store,"Unit 14, Building 27",Urgent
O001850,2023-09-27 19:07:00,C00871,E0185,TABLET ,Computer Accessories,1,2999,0.03,credit card , Returned ,Online,"Unit 7, Building 35",
O001851,2025-01-27 00:56:00,C00880,E0147,Router,Networking,8,9999,0,PayPal,Delivered,STORE,677 Bonifacio St.,Gift order
O001852,2023-10-19 01:38:00,C00808,E0076,Tablet,Electronics,4,9999,0.03,DEBIT CARD ,Delivered,STORE,616 Bonifacio St.,Call customer
O001853,2023-05-24 18:20:00,C00093,E0210,UPS,Computer Accessories,8,999,0,Debit Card,Cancelled,Online, 37 Rizal St.,Urgent
O001854,2024-02-17 21:34:00,C00707,E0094,Office Chair,office furniture,1,799,0.05,Bank Transfer,Delivered,Online,309 Rizal St.,Urgent
O001855,2024-04-23 15:30:00,C00514,E0011,Laptop,Computer Accessories,5,19999,0,Bank Transfer,cancelled ,STORE,607 Mabini St.,Gift order
O001856,2023-11-25 23:13:00,C00237,E0114,Keyboard,Networking,8,,,Credit Card,Delivered,Marketplace,197 Mabini St.,
O001857,2022-03-05 00:10:00,C00811,E0008,Desk,Computer Accessories,1,799,0.1,GCash,Delivered,Marketplace,"Unit 4, Building 9",Urgent
O001858,2022-07-11 15:47:00,C00263,E0015,Smartphone,Office Furniture,5,19999,0.15,Bank Transfer,Cancelled,,89 Rizal St.,
O001859,2024-05-05 16:18:00,C00078,E0163,Keyboard,Computer Accessories,9,19999,0.2,PayPal,Delivered,Marketplace,,Gift order
O001860,2023-05-05 06:12:00,C00166,E0181,Printer,Mobile Devices,10,9999,0.15, PayPal,Returned,Marketplace,"Unit 13, Building 14",Gift order
O001861,2023-06-12 18:27:00,C00972,E0200, Office Chair ,mobile devices,10,799,0,GCASH,Cancelled,Online,521 Bonifacio St.,Call customer
O001862,2022-07-27 02:15:00,C00699,E0204,Printer,Electronics,6,999,0.15,Bank Transfer,returned,,220 Rizal St.,Urgent
O001863,2022-04-27 16:06:00,C00973,E0071,Router,Office Furniture,5,999,0.1,Debit Card,Pending,online,778 Rizal St.,
O001864,2023-06-22 16:29:00,C00577,E0019,Desk,Office Furniture,8,9999,0.2,PayPal,Delivered ,Online,787 Rizal St.,
O001865,2023-09-15 15:58:00,C00708,E0205,Printer,Electronics,3,19999,,PayPal,Pending,Marketplace,900 Main St.,Call customer
O001866,2022-01-22 00:33:00,C00164,E0005,External Drive,Networking,9,499,,Bank Transfer,Returned,Online,"Unit 15, Building 38",Deliver after 5PM
O001867,2025-11-25 02:14:00,C00471,E0133, ROUTER,Electronics,,7999,0.15, bank transfer ,Cancelled,online," Unit 18, Building 35 ",Urgent
O001868,2025-02-14 11:09:00,C00891,E0221,Office Chair,Office Furniture,6,7999,0,Cash,Pending,STORE,571 mabini st. ,Deliver after 5PM
O001869,2024-09-30 06:17:00,C00886,E0106,Headset,Electronics,9,2999,0.1,Bank Transfer,,Store,"Unit 10, Building 12",Deliver after 5PM
O001870,2025-09-01 21:24:00,C00650,E0157,Projector,ELECTRONICS ,6,7999,0.2,PayPal,Pending ,STORE,629 Rizal St.,
O001871,2024-08-11 12:52:00,C00756,E0234,Desk ,Office Furniture,1,14999,0.03,GCash,Returned,online,"Unit 4, Building 1",
O001872,2024-06-30 04:28:00,C00902,E0149,,Mobile Devices,1,4999,0.05,Cash,Shipped,online,794 Mabini St.,
O001873,2024-11-23 06:00:00,C00453,E0237,ups ,Mobile Devices,9,999,,Bank Transfer,Pending,Online, 440 rizal st. ,
O001874,2024-12-22 17:35:00,C00500,E0001,External Drive,Networking,4,14999,,Cash,Processing,Marketplace, 703 rizal st.,Urgent
O001875,2022-07-13 00:57:00,C00603,E0048,Router, Office Furniture,8,19999,0,credit card,Pending,Marketplace,"Unit 15, Building 7",Deliver after 5PM
O001876,2025-08-08 06:56:00,C00136,E0237,Headset,Mobile Devices,,2999,0.15,PayPal,Shipped,Online,"Unit 9, Building 33",Gift order
O001877,2023-06-13 17:56:00,C00170,E0210,,Networking,4,999,0.05,bank transfer,Delivered,online,371 Bonifacio St.,Gift order
O001878,2024-06-10 02:58:00,C00830,E0026,Keyboard,Office Furniture,6,499,0,Cash, PENDING ,Online,24 Bonifacio St.,Urgent
O001879,2022-07-09 12:35:00,C00803,E0080,Monitor, Mobile Devices ,3,499,0,Debit Card,,Marketplace,"Unit 17, Building 45",Deliver after 5PM
O001880,2024-03-17 23:07:00,C00141,E0206,Headset,Electronics,3,1999,,GCash,Pending,Online,317 Mabini St.,Call customer
O001881,2023-08-13 23:22:00,C00205,E0073,Router ,ELECTRONICS,10,14999,0.1,Credit Card,Returned,Marketplace," unit 19, building 1",Urgent
O001882,2024-08-04 03:54:00,C00922,E0077,Smartphone, Computer Accessories,5,999,0.2,Cash,SHIPPED,,586 Mabini St.,
O001883,2023-07-30 22:45:00,C00493,E0021,Projector,Electronics ,7,1999,0.15,Credit Card,Delivered,STORE,"Unit 20, Building 18",Gift order
O001884,2024-08-01 11:26:00,C00262,E0247,Tablet,Computer Accessories,7,7999,,gcash,Shipped,Store,171 Mabini St.,
O001885,2023-06-08 23:22:00,C00409,E0025,,Mobile Devices,5,1999,0.05,Debit Card,Pending,Marketplace,864 Bonifacio St.,
O001886,2023-08-23 12:37:00,C00423,E0091,Mouse,Mobile Devices,10,19999,0.1,Cash,Cancelled,Marketplace,"Unit 18, Building 4",Deliver after 5PM
O001887,2023-11-11 01:42:00,C00933,E0111,printer ,Computer Accessories,6,1999,0.03,Cash,Cancelled,Marketplace,3 Rizal St.,Deliver after 5PM
O001888,2024-01-01 18:39:00,C00450,E0029,Desk,Office Furniture,10,999,0.2,Credit Card, Pending,Online, 210 Rizal St.,Gift order
O001889,2022-05-26 09:17:00,C00429,E0087,Monitor, Mobile Devices,2,7999,0.2,Debit Card,Delivered,Store,389 Main St.,Urgent
O001890,2022-09-08 11:13:00,C00599,E0154,Desk, computer accessories ,6,499,0.2,Cash,Processing,Marketplace,"Unit 13, Building 45",
O001891,2024-02-12 05:05:00,C00394,E0001,Monitor,Office Furniture,10,1999,,Cash,Pending,STORE,"Unit 18, Building 19",Call customer
O001892,2023-03-27 19:12:00,C00871,E0176,Mouse,Computer Accessories,1,7999,0.03,Credit Card,Cancelled,online,359 Main St.,Call customer
O001893,2024-03-02 11:34:00,C00572,E0191,UPS,NETWORKING ,6,1999,0.1,GCash,Pending,Online,491 Rizal St.,Urgent
O001894,2025-03-04 08:43:00,C00414,E0114,mouse,Computer Accessories,6,4999,0.1,Bank Transfer,Cancelled,Marketplace, 316 Quezon St.,Call customer
O001895,2025-05-29 23:12:00,C00525,E0212,Router,Mobile Devices,4,14999,0.03,Cash,Delivered,STORE,778 Quezon St. ,Gift order
O001896,2024-08-09 00:24:00,C00633,E0217,Tablet,Office Furniture,2,1499,0.03,Debit Card,Processing,Online,416 Bonifacio St.,Urgent
O001897,2025-04-24 07:42:00,C00202,E0139,Router,Mobile Devices,7,499,0.1,PayPal,Returned,Marketplace,364 Mabini St.,
O001898,2022-09-07 20:40:00,C00188,E0122,Tablet,Office Furniture,7,9999,0.15,Cash,Processing,online,302 Mabini St.,
O001899,2025-03-05 23:46:00,C00114,E0213,Router,Office Furniture,2,19999,0.05,Bank Transfer,cancelled,Online,752 Main St.,Urgent
O001900,2022-06-30 21:37:00,C00560,E0035,Smartphone,Office Furniture,2,7999,, PayPal ,Cancelled,Marketplace,370 Mabini St.,Deliver after 5PM
O001901,2025-03-03 11:07:00,C00831,E0114,UPS,Networking,8,1999,0.05,PayPal,Shipped,online,25 Mabini St.,Gift order
O001902,2022-09-10 20:44:00,C00980,E0036,Laptop,Computer Accessories,1,4999,0.2,Debit Card,Processing,STORE,"unit 20, building 43",Gift order
O001903,2025-07-22 05:44:00,C00478,E0045,Mouse,Office Furniture,3,1999,0.15,GCash,Cancelled,STORE,991 Mabini St.,Deliver after 5PM
O001904,2024-06-17 15:50:00,C00574,E0208,Office Chair,Office Furniture ,6,19999,0.05,PayPal,Returned,Store,"Unit 4, Building 12",Urgent
O001905,2025-08-28 11:43:00,C00150,E0053,,Electronics,8,499,0.03,GCash,Returned,Marketplace,897 Quezon St.,Call customer
O001906,2025-08-22 03:25:00,C00868,E0215,Headset,Mobile Devices,3,799,0.2,Credit Card, delivered ,STORE,"Unit 5, Building 25",
O001907,2024-07-23 10:59:00,C00642,E0142,Desk,Office Furniture,1,2999,0.15,Bank Transfer, Delivered ,Online,"Unit 3, Building 1",Deliver after 5PM
O001908,2022-12-20 16:28:00,C00688,E0192,Router,Office Furniture,6,799,0.05,Cash,Pending,,265 Main St.,
O001909,2023-10-19 07:51:00,C00343,E0047,Projector,Electronics,2,799,0.2,Bank Transfer,Returned,Online,117 Mabini St.,
O001910,2024-11-18 20:57:00,C00636,E0083,Smartphone,Electronics,6,1499,0.2,Credit Card,Shipped,Online,852 Bonifacio St.,Gift order
O001911,2022-06-03 23:54:00,C00575,E0225,Laptop,Electronics,7,,,Debit Card,Pending,Marketplace,29 Mabini St. ,
O001912,2022-07-19 21:18:00,C00579,E0228,External Drive,Office Furniture,1,7999,0.15,Bank Transfer,Processing,online,112 Mabini St.,
O001913,2022-06-14 02:15:00,C00142,E0107,Router,Computer Accessories,2,1999,0,Bank Transfer,Returned,,179 Quezon St.,
O001914,2025-08-24 19:26:00,C00993,E0233,Tablet,Networking,9,2999,0.1,Debit Card,Cancelled,Online,"Unit 16, Building 37",
O001915,2023-01-05 20:15:00,C00223,E0002,Headset,Mobile Devices,5,19999,0.15,Bank Transfer,Cancelled,STORE, 667 main st.,Call customer
O001916,2025-09-04 12:52:00,C00520,E0064,Headset,Mobile Devices,3,9999,0,Cash,Cancelled,STORE, 100 Rizal St. ,Deliver after 5PM
O001917,2025-09-02 20:17:00,C00690,E0035,Office Chair,computer accessories,5,2999,, debit card ,Returned,Store, 412 MABINI ST.,Urgent
O001918,2025-10-25 00:54:00,C00658,E0108,Printer,Electronics,9,9999,0.1,Bank Transfer,Processing ,online,"Unit 7, Building 6",Call customer
O001919,2023-08-12 17:35:00,C00872,E0019,Tablet,Mobile Devices,8,1499,0.2,Credit Card,Delivered,Online,100 Main St.,
O001920,2023-10-15 18:14:00,C00070,E0161,Printer,Electronics,9,2999,0.2,Bank Transfer,Delivered,online, 138 rizal st.,
O001921,2022-04-07 14:24:00,C00914,E0082,Webcam,Networking,6,19999,0.05,Cash,Shipped,online,"Unit 14, Building 38",Urgent
O001922,2022-09-26 11:56:00,C00804,E0002,Keyboard,Networking,7,4999,0.1,Bank Transfer,Processing,Marketplace,"Unit 5, Building 8",
O001923,2024-06-11 05:38:00,C00272,E0044,Webcam,Electronics,9,19999,0.03,Debit Card,Shipped,Online,"Unit 17, Building 34",Deliver after 5PM
O001924,2025-05-31 07:09:00,C00752,E0009,UPS,computer accessories ,2,19999,0.03,PayPal,Shipped,Marketplace," Unit 10, Building 20",
O001925,2025-08-22 09:57:00,C00770,E0099,External Drive,Electronics,4,799,0.2,CASH ,Delivered,Store,,
O001926,2024-10-22 00:44:00,C00742,E0144,Smartphone,networking ,6,,0.03,Credit Card,Pending,Store,19 Bonifacio St. ,Gift order
O001927,2024-06-30 07:17:00,C00732,E0010,Laptop,Mobile Devices,9,4999,0.05,Debit Card,Returned,online,359 Main St.,Urgent
O001928,2024-06-22 02:46:00,C00482,E0016,Smartphone,Mobile Devices,3,4999,0.1,PayPal, Delivered ,online,"UNIT 11, BUILDING 17",
O001929,2025-04-13 22:26:00,C00697,E0248,Mouse,Computer Accessories,9,799,0.05,PayPal, Cancelled,,"Unit 8, Building 1",
O001930,2025-01-08 15:44:00,C00029,E0215,monitor,Mobile Devices,5,499,0,GCash,delivered,STORE,"Unit 7, Building 28",Call customer
O001931,2024-01-01 00:42:00,C00984,E0059,Projector,Computer Accessories,2,9999,0, Cash ,Returned,, 397 Main St.,Urgent
O001932,2022-05-17 04:05:00,C00700,E0099,Laptop,Computer Accessories,4,1499,0,GCash,Cancelled,,"Unit 8, Building 30",
O001933,2025-11-14 20:58:00,C00033,E0123,Keyboard,Office Furniture,1,9999,0.03,Debit Card,Processing,Marketplace,599 Mabini St.,Deliver after 5PM
O001934,2024-11-15 08:46:00,C00637,E0181,Printer,Computer Accessories,3,999,,Cash,Processing,,"Unit 12, Building 21",Urgent
O001935,2023-03-09 23:12:00,C00923,E0059,monitor ,Computer Accessories,1,2999,0.2,Bank Transfer,Returned,STORE,"Unit 7, Building 48",Urgent
O001936,2022-11-07 02:52:00,C00222,E0170,ROUTER, computer accessories,2,9999,0.15,PayPal,Returned,STORE,965 Quezon St.,Deliver after 5PM
O001937,2022-11-10 17:36:00,C00326,E0237,Smartphone,Mobile Devices,2,9999,,GCash,Shipped,STORE,"Unit 18, Building 34",Deliver after 5PM
O001938,2024-06-11 16:02:00,C00429,E0067, Printer ,Mobile Devices,9,7999,0.05,PayPal,Shipped,Online,,Urgent
O001939,2025-03-27 01:51:00,C00270,E0142,Tablet,Electronics,5,999,0.2,Bank Transfer,Cancelled,Store,845 Quezon St.,Deliver after 5PM
O001940,2024-03-13 11:48:00,C00056,E0200,Mouse,Mobile Devices,7,19999,0.05,Debit Card,Shipped,online,581 Rizal St.,Call customer
O001941,2025-10-29 14:03:00,C00387,E0105, external drive ,Office Furniture,2,7999,0.15,Debit Card,Pending,STORE,821 Mabini St.,Gift order
O001942,2022-08-27 03:16:00,C00916,E0215,UPS,Electronics,3,999,0.05,Debit Card,Shipped,Marketplace,24 Bonifacio St.,
O001943,2023-07-10 17:32:00,C00781,E0017, WEBCAM ,Networking,9,19999,0.2,Credit Card,Processing,STORE,"Unit 2, Building 33",Urgent
O001944,2025-08-20 01:14:00,C00829,E0244,Printer,Office Furniture,10,499,0.1,GCash,DELIVERED ,,"Unit 7, Building 13",Urgent
O001945,2022-07-02 15:46:00,C00514,E0130,Office Chair,,5,14999,0,Credit Card,Pending,Online,126 Mabini St.,Urgent
O001946,2023-03-03 02:02:00,C00429,E0037,Laptop,Office Furniture ,6,7999,0.05,GCash, Cancelled ,Marketplace,48 Main St.,Gift order
O001947,2024-06-19 23:16:00,C00663,E0092,UPS,Electronics,2,9999,0,Cash,Cancelled,online,"Unit 9, Building 14",Call customer
O001948,2024-07-03 23:06:00,C00484,E0248,Mouse,Office Furniture,7,19999,0.05,Cash,Returned,online,"Unit 9, Building 44",Urgent
O001949,2022-09-11 22:41:00,C00435,E0114, WEBCAM ,Computer Accessories,9,499,0.03,Bank Transfer,Returned,online,680 Main St.,
O001950,2023-11-20 17:34:00,C00377,E0145,External Drive,Electronics,2,1499,0.03,Credit Card,Delivered,Marketplace,966 Mabini St.,Call customer
O001951,2022-11-04 02:51:00,C00471,E0105,,Mobile Devices,10,7999,0.05,Bank Transfer,Delivered,STORE,210 Bonifacio St.,Deliver after 5PM
O001952,2025-10-10 06:24:00,C00581,E0125,Router,Mobile Devices,8,14999,, PayPal,Returned,Store, 970 rizal st. ,
O001953,2024-11-04 23:12:00,C00268,E0199,Desk,Office Furniture,6,19999,0.1,Bank Transfer,Processing,Store,"Unit 1, Building 24",Gift order
O001954,2024-12-05 16:53:00,C00850,E0230,Office Chair,Office Furniture,9,9999,,,Processing,STORE,754 Rizal St.,
O001955,2023-08-30 05:54:00,C00126,E0063,UPS,Computer Accessories,4,19999,,GCash ,Pending,STORE,"Unit 14, Building 21",
O001956,2023-11-21 07:40:00,C00088,E0212,Projector,Mobile Devices,2,,0.03,PayPal,Shipped,Store,"Unit 5, Building 18",Urgent
O001957,2022-12-12 20:58:00,C00061,E0100,Webcam,Mobile Devices,4,1499,0,Debit Card,Processing,Store,574 Mabini St.,Deliver after 5PM
O001958,2023-01-22 05:49:00,C00274,E0175,External Drive,Electronics,1,9999,0.05,PayPal,,Marketplace,326 Quezon St.,Gift order
O001959,2023-06-06 00:51:00,C00522,E0035, Keyboard,Computer Accessories,5,799,0,GCash,,Store,184 Rizal St.,Deliver after 5PM
O001960,2025-07-29 21:08:00,C00507,E0060,OFFICE CHAIR, mobile devices,6,9999,0.03,GCash,Cancelled,,"Unit 1, Building 22",Call customer
O001961,2025-09-18 05:52:00,C00332,E0216,Monitor,Mobile Devices,2,1999,0.2,PayPal,Cancelled,online,"Unit 18, Building 6",
O001962,2025-09-23 03:38:00,C00117,E0209,Desk,ELECTRONICS ,2,2999,0.2,Debit Card,Cancelled,Online,417 Mabini St.,
O001963,2025-07-13 00:39:00,C00664,E0177,Smartphone,Computer Accessories,3,7999,0.03,Credit Card,Returned,Store,"Unit 13, Building 23",Gift order
O001964,2025-06-21 22:06:00,C00828,E0245,UPS,Office Furniture,8,799,,Cash,Shipped,online,134 Mabini St.,
O001965,2025-04-09 14:51:00,C00522,E0121,Webcam,Electronics,4,499,0.15,Cash,Processing,Store,,Gift order
O001966,2022-07-09 13:55:00,C00443,E0192, Smartphone,Mobile Devices ,5,2999,,Debit Card,Returned,STORE,"Unit 18, Building 5",
O001967,2023-12-01 21:47:00,C00596,E0032,Keyboard, mobile devices,10,7999,0.03,Debit Card,Cancelled,Store,"Unit 5, Building 27",
O001968,2023-02-08 06:07:00,C00372,E0103,Printer,,1,9999,0.2,Credit Card,Pending,Marketplace,448 Mabini St.,Gift order
O001969,2023-06-11 22:15:00,C00725,E0172,Smartphone,Mobile Devices,6,499,,Credit Card,Pending,Marketplace,328 Mabini St. ,
O001970,2024-07-16 22:36:00,C00860,E0132,Mouse ,Mobile Devices,10,1999,0.03,Debit Card,Cancelled,online,"Unit 1, Building 18",Call customer
O001971,2022-02-17 18:50:00,C00069,E0226,Desk,Mobile Devices,8,9999,0.05,GCash,,, 345 Bonifacio St.,Deliver after 5PM
O001972,2023-08-02 12:10:00,C00920,E0215,Office Chair,Networking,2,4999,,cash,Processing,Online,81 Mabini St.,
O001973,2024-01-18 10:45:00,C00931,E0114,Mouse,Computer Accessories,5,799,0.2,Credit Card,Cancelled,Store,378 Quezon St.,
O001974,2024-05-17 11:26:00,C00250,E0099,Office Chair, Networking ,6,,0.03,GCash,Delivered,STORE,"Unit 6, Building 18",Urgent
O001975,2023-09-30 09:12:00,C00191,E0183,Webcam,Networking,3,9999,0.1,Debit Card,Returned,online,755 Rizal St.,
O001976,2022-08-26 01:30:00,C00290,E0192,OFFICE CHAIR,Electronics,8,4999,0.03,PayPal,Returned,Marketplace," unit 2, building 41",Gift order
O001977,2024-02-10 00:33:00,C00209,E0219,Desk,Computer Accessories,8,4999,0,Debit Card ,Processing,STORE,992 Rizal St.,
O001978,2023-11-21 13:26:00,C00046,E0239,Headset,Networking,10,499,,Credit Card,Returned,Marketplace,"Unit 14, Building 5",Gift order
O001979,2024-04-22 11:44:00,C00405,E0029,Router,Computer Accessories,2,4999,0.03,Debit Card,Cancelled,Marketplace,"Unit 6, Building 18",
O001980,2024-07-21 13:17:00,C00027,E0149,Tablet,Office Furniture,7,799,0,Bank Transfer,Pending,Store,209 Bonifacio St.,Urgent
O001981,2022-08-26 11:25:00,C00855,E0172,Laptop,office furniture ,8,499,0.2,Bank Transfer,Returned,STORE,373 QUEZON ST.,Deliver after 5PM
O001982,2024-06-21 11:33:00,C00827,E0076,External Drive,NETWORKING,9,19999,0,Credit Card,Delivered,Marketplace,"unit 7, building 37",Call customer
O001983,2024-11-20 00:32:00,C00697,E0150,Webcam,Networking,6,19999,,PayPal,Returned,Store,"UNIT 8, BUILDING 33",Gift order
O001984,2025-03-09 22:14:00,C00928,E0192,UPS,Electronics,5,19999,0.15,PayPal,Processing,Online," UNIT 11, BUILDING 9",
O001985,2024-11-26 05:53:00,C00114,E0036,Webcam,Networking,7,4999,0.05,Bank Transfer,Delivered,Online,997 Quezon St.,Deliver after 5PM
O001986,2023-12-23 12:35:00,C00750,E0187,Smartphone,Electronics,7,14999,0,Cash,Processing,Online,870 Quezon St.,Call customer
O001987,2024-04-09 05:07:00,C00793,E0204,,Office Furniture,5,1499,0, GCash,,STORE,192 Bonifacio St.,
O001988,2024-11-12 14:02:00,C00239,E0229,Monitor,Electronics,6,4999,,PayPal,Pending,Online,"Unit 13, Building 3",Call customer
O001989,2023-04-12 20:58:00,C00943,E0019,Desk,Electronics,4,1999,0.1,Debit Card,Returned,Store,,
O001990,2025-10-09 02:54:00,C00509,E0041,Desk,Networking,4,,0.1,Cash,Delivered,Online,"Unit 1, Building 14",
O001991,2024-03-30 04:32:00,C00915,E0242,Webcam,Electronics,6,9999,0.05,PayPal,Returned,Store,"Unit 3, Building 5",
O001992,2024-02-13 15:35:00,C01000,E0068,Desk,Networking,8,1499,0.2,PayPal,Processing,Online,27 Quezon St.,Deliver after 5PM
O001993,2024-07-16 15:18:00,C00531,E0219,Keyboard,NETWORKING ,5,1499,0.15,Debit Card,Cancelled,," Unit 16, Building 41 ",Deliver after 5PM
O001994,2022-04-02 11:49:00,C00524,E0060,Laptop,Mobile Devices,10,19999,0.15,Bank Transfer,,,480 Mabini St.,
O001995,2025-04-23 17:55:00,C00776,E0181, Printer,Mobile Devices,8,4999,,Debit Card,Cancelled,STORE,912 Mabini St.,Deliver after 5PM
O001996,2025-08-14 00:58:00,C00082,E0240,Router,mobile devices,4,4999,0.2,PayPal,cancelled ,Marketplace,"Unit 19, Building 11",Call customer
O001997,2025-04-03 03:18:00,C00667,E0130,Tablet,Electronics,9,7999,0,Bank Transfer,Cancelled,STORE,"Unit 13, Building 5",Gift order
O001998,2023-10-23 23:31:00,C00782,E0080,External Drive,,2,19999,0.1,Bank Transfer,Processing,Store,865 Mabini St.,
O001999,2025-10-31 20:31:00,C00401,E0118,UPS,Electronics,6,1499,0.1,Credit Card,Pending,," unit 11, building 36",Deliver after 5PM
O002000,2023-09-04 08:44:00,C00526,E0053,Router,Mobile Devices,9,19999,0.1,Cash,Processing,Online,383 Bonifacio St.,
O002001,2025-05-28 16:01:00,C00132,E0070,Mouse,Networking,4,999,0.03,GCash, RETURNED ,,"UNIT 3, BUILDING 33 ",Gift order
O002002,2022-09-02 12:12:00,C00146,E0167,Router,Mobile Devices,10,1499,0.1, cash ,Processing,Marketplace,"Unit 2, Building 9",
O002003,2025-09-30 16:56:00,C00581,E0119,Printer,Computer Accessories,6,19999,0.2,debit card,Cancelled,Online,"Unit 12, Building 41",Urgent
O002004,2024-10-28 15:24:00,C00420,E0105,Webcam,Office Furniture,6,4999,0.15,PayPal,Cancelled,,315 Main St.,Urgent
O002005,2022-12-21 12:42:00,C00576,E0147,Laptop,,9,799,0.05, Debit Card , cancelled ,,"Unit 9, Building 46",Urgent
O002006,2025-02-28 13:05:00,C00029,E0010,Monitor, Networking,1,2999,0.1,Debit Card,Processing,Marketplace,416 Rizal St.,Urgent
O002007,2025-06-02 04:46:00,C00903,E0165,UPS,NETWORKING ,7,4999,0.1,Cash,Cancelled,Marketplace,"Unit 16, Building 50",Deliver after 5PM
O002008,2024-12-18 23:08:00,C00487,E0166,external drive,Networking,9,1999,0,paypal,Cancelled,Marketplace,939 Bonifacio St.,Gift order
O002009,2022-10-12 07:38:00,C00589,E0094,headset,,9,1999,0,Cash,Shipped,,"unit 19, building 49",Deliver after 5PM
O002010,2022-03-20 01:12:00,C00949,E0078,Desk,MOBILE DEVICES,1,9999,0,Credit Card,Cancelled,,"Unit 8, Building 8",
O002011,2022-10-26 12:43:00,C00603,E0042,UPS,COMPUTER ACCESSORIES ,7,999,0.1,Cash,Cancelled,online,"Unit 5, Building 46",Deliver after 5PM
O002012,2022-08-13 02:35:00,C00197,E0094,tablet ,Networking,2,14999,0.05,PayPal,Cancelled,,543 Rizal St.,Gift order
O002013,2024-12-29 03:46:00,C00134,E0142,Webcam,Networking,10,799,,Cash,Cancelled,Marketplace,945 Mabini St.,Call customer
O002014,2025-11-12 09:31:00,C00432,E0214,TABLET ,Office Furniture,4,999,0.03,Cash,,online,"Unit 16, Building 36",Gift order
O002015,2024-10-12 11:47:00,C00769,E0078,Office Chair,Office Furniture ,1,499,0.05,Credit Card,Processing,,590 Mabini St.,Call customer
O002016,2025-03-12 15:46:00,C00298,E0167,UPS,Computer Accessories,3,4999,0,Credit Card, PENDING ,STORE, 383 Rizal St. ,Deliver after 5PM
O002017,2023-12-28 07:32:00,C00079,E0053,Projector,Mobile Devices,8,499,0,Bank Transfer,Processing,Store,927 Quezon St.,
O002018,2022-01-13 10:46:00,C00302,E0171,Printer,Mobile Devices,10,19999,0,Cash,Returned,Marketplace,"Unit 11, Building 38",Gift order
O002019,2022-05-05 07:59:00,C00019,E0169,office chair ,Electronics,3,7999,0,GCash,Processing,STORE,,Deliver after 5PM
O002020,2025-02-16 16:19:00,C00737,E0031,Office Chair,Office Furniture,8,2999,0.2,PAYPAL,Cancelled,STORE,548 RIZAL ST.,Deliver after 5PM
O002021,2025-01-27 13:35:00,C00748,E0091,Headset,Mobile Devices,9,19999,0.1,GCash,Processing,,"Unit 15, Building 22",Deliver after 5PM
O002022,2024-04-13 20:06:00,C00007,E0010,Router,Computer Accessories,9,1999,,,Shipped,Online,431 Quezon St.,
O002023,2025-04-27 20:19:00,C00946,E0046,Tablet,Mobile Devices,1,999,0.2,Credit Card,Cancelled,,158 Bonifacio St.,
O002024,2022-11-27 05:47:00,C00596,E0246,Smartphone,Office Furniture,9,799,0.03,Credit Card,Delivered,Store, 228 Main St. ,
O002025,2022-05-21 20:05:00,C00539,E0241,Projector,Electronics,3,1499,0.15,Cash, PROCESSING,,811 QUEZON ST. ,Urgent
O002026,2022-04-07 23:22:00,C00644,E0186,Headset,Office Furniture,1,14999,0.15,Cash,Pending,Marketplace,24 Mabini St.,Call customer
O002027,2022-05-03 02:07:00,C00479,E0206,Laptop,Electronics,8,2999,0.1,Credit Card,Delivered,Online,292 Bonifacio St.,
O002028,2023-07-19 11:07:00,C00807,E0127,Office Chair, ELECTRONICS,5,4999,0,GCash,Shipped,Online,837 Rizal St.,
O002029,2023-01-14 09:59:00,C00236,E0175,Mouse,Office Furniture,10,14999,,Cash,Cancelled,online,"Unit 12, Building 47",
O002030,2024-02-12 08:53:00,C00381,E0090,Headset,Networking,9,2999,0.15,Bank Transfer,Shipped,online,932 Rizal St.,
O002031,2024-03-09 03:02:00,C00752,E0090,Mouse,Mobile Devices ,,1499,0.2,Bank Transfer,Pending,,"Unit 13, Building 8",
O002032,2024-12-02 10:15:00,C00102,E0067,Printer,Computer Accessories,6,2999,0.15,Debit Card,Returned,online,409 Rizal St.,Call customer
O002033,2022-07-16 18:44:00,C00937,E0180,Projector,Office Furniture,4,9999,0.05,Debit Card,Processing,STORE,"UNIT 15, BUILDING 31",
O002034,2024-04-22 03:58:00,C00842,E0248,UPS,Networking,1,499,0.03,Cash,Cancelled,STORE,805 Quezon St.,Urgent
O002035,2022-04-30 18:03:00,C00836,E0203,Laptop,Electronics,8,999,0,Credit Card,Pending,Marketplace,"Unit 13, Building 1",
O002036,2024-05-02 16:36:00,C00787,E0193,Tablet,Networking,6,2999,0.15,,,Online,596 Main St.,
O002037,2022-08-02 15:28:00,C00582,E0217,Laptop,Computer Accessories,8,14999,0,Credit Card,Pending,Store,"Unit 17, Building 28",Call customer
O002038,2024-12-17 11:47:00,C00994,E0235,External Drive,Office Furniture,1,999,0.1, Bank Transfer ,Pending,online,"Unit 1, Building 1",Deliver after 5PM
O002039,2023-03-30 16:09:00,C00808,E0231,Monitor,Computer Accessories,3,499,0.2,credit card ,Delivered,," unit 11, building 44",Gift order
O002040,2022-10-16 11:01:00,C00528,E0115,External Drive,Mobile Devices,7,14999,,PayPal ,Returned,Online,9 BONIFACIO ST. ,Deliver after 5PM
O002041,2022-05-01 18:44:00,C00520,E0022,Webcam,Computer Accessories,7,799,0.15,Bank Transfer, delivered,Marketplace,"Unit 15, Building 23",Deliver after 5PM
O002042,2022-08-27 21:30:00,C00277,E0239,Smartphone,Computer Accessories,7,1999,0.03,Credit Card,Cancelled,Marketplace,"Unit 3, Building 4",Gift order
O002043,2023-10-05 13:24:00,C00759,E0130,Monitor,Mobile Devices,6,7999,,,Returned,,702 Quezon St.,
O002044,2022-09-08 04:25:00,C00137,E0068,Tablet,networking ,10,999,0.03,GCash,Returned,Online," Unit 4, Building 2 ",
O002045,2023-10-06 15:06:00,C00709,E0003,Desk,Networking,7,2999,0,Bank Transfer,Delivered,Marketplace,34 Mabini St.,Urgent
O002046,2024-06-25 08:37:00,C00164,E0211,Monitor,Office Furniture,7,1999,0,PayPal,Delivered,Marketplace, 77 Mabini St.,
O002047,2025-11-25 19:05:00,C00719,E0227,Laptop ,Networking,7,9999,,PayPal ,Pending,, 79 Rizal St.,Deliver after 5PM
O002048,2023-08-12 19:18:00,C00304,E0126, Mouse ,Mobile Devices,8,9999,0.05,Debit Card,Delivered,online,"unit 13, building 3 ",Gift order
O002049,2022-08-15 15:05:00,C00193,E0150,Desk,Computer Accessories,10,1999,0.15,Cash,Shipped,Marketplace,963 MABINI ST. ,Deliver after 5PM
O002050,2022-03-29 17:02:00,C00486,E0164,Headset,Networking,3,1999,0.15,Credit Card,Processing,STORE,492 Mabini St.,Deliver after 5PM
O002051,2023-09-08 03:37:00,C00937,E0227,External Drive,Computer Accessories,9,999,0.2,Bank Transfer,,Online,"Unit 20, Building 14",Deliver after 5PM
O002052,2022-05-30 00:48:00,C00173,E0019,Webcam, Mobile Devices ,4,7999,0.1, DEBIT CARD,Shipped,STORE,21 Main St.,
O002053,2025-12-01 00:04:00,C00461,E0141,Monitor,Computer Accessories,6,499,0.05,,Returned,Store,983 Bonifacio St.,Urgent
O002054,2025-04-15 05:38:00,C00672,E0142,Headset, ELECTRONICS ,4,9999,0,Credit Card,Returned,Store,172 Rizal St.,
O002055,2023-03-13 10:24:00,C00493,E0045,Projector ,Networking,10,1999,,Credit Card, Processing,,689 Rizal St.,Call customer
O002056,2024-02-08 03:31:00,C00840,E0117,,Mobile Devices,9,1499,0,paypal,Cancelled,Store,296 Rizal St.,Urgent
O002057,2023-12-31 19:31:00,C00780,E0159,Mouse,Office Furniture,3,9999,0,Cash, Cancelled ,STORE,"Unit 9, Building 23",
O002058,2025-05-01 09:18:00,C00501,E0038,Desk,Computer Accessories,3,14999,0.03,Credit Card,Shipped,Store,"Unit 12, Building 45",Urgent
O002059,2024-10-05 17:21:00,C00931,E0250,Desk,Electronics ,10,1499,,Bank Transfer,Cancelled,Marketplace," unit 2, building 23",
O002060,2025-08-28 17:14:00,C00670,E0205,Office Chair,Electronics,4,1499,0.2,GCash,Pending,Store,747 Mabini St.,
O002061,2022-10-12 00:59:00,C00987,E0210,Webcam,Computer Accessories,3,499,0.03,Cash,Delivered,,,Gift order
O002062,2022-02-03 19:39:00,C00768,E0157,Webcam,Office Furniture,9,9999,0.15,GCash,Cancelled ,Online,"Unit 5, Building 40",Urgent
O002063,2024-12-13 06:20:00,C00633,E0185,Desk,Mobile Devices,4,999,0.03,Credit Card,Returned ,Store,744 Main St.,Urgent
O002064,2025-05-14 22:25:00,C00906,E0175, External Drive ,Networking,2,799,0.05,PayPal,Shipped,Marketplace,"Unit 7, Building 40",Deliver after 5PM
O002065,2024-08-25 17:09:00,C00004,E0051, Keyboard ,Mobile Devices,1,,0.1,GCash,Returned ,Marketplace,635 Quezon St.,Urgent
O002066,2025-02-25 16:33:00,C00319,E0224,UPS,Computer Accessories,4,799,0,Credit Card, Delivered ,,993 Bonifacio St.,Urgent
O002067,2022-05-21 04:54:00,C00937,E0107,Laptop,Mobile Devices,1,799,0,GCash,Delivered,Marketplace,"Unit 2, Building 38",Gift order
O002068,2025-10-10 12:54:00,C00343,E0052,Monitor,Office Furniture ,4,799,0.05,PayPal,Processing,Marketplace,,Gift order
O002069,2022-11-09 06:14:00,C00838,E0226,UPS,computer accessories,8,2999,0.05,Debit Card,Processing,Online,"Unit 13, Building 6",Gift order
O002070,2025-12-28 12:14:00,C00324,E0124,Office Chair,Mobile Devices,8,1499,0.2,Credit Card,Delivered,Online,,Deliver after 5PM
O002071,2023-10-21 14:35:00,C00875,E0223,Projector,Office Furniture,3,19999,0.2,Credit Card,Processing,Store,"Unit 5, Building 10",
O002072,2022-09-07 08:40:00,C00346,E0194,Headset,Electronics,4,499,, bank transfer ,Shipped,Store,128 Main St.,Deliver after 5PM
O002073,2024-11-14 18:56:00,C00268,E0100,Desk,Electronics,1,1499,0.1,Credit Card,Delivered,,"Unit 10, Building 48 ",Gift order
O002074,2025-09-20 22:44:00,C00385,E0236,Smartphone,Office Furniture,3,1999,0.2,GCash,Delivered,online,578 Rizal St. ,Gift order
O002075,2025-12-01 09:26:00,C00480,E0098,Mouse,Networking,9,999,0.05, CREDIT CARD ,Processing,Store," Unit 3, Building 16",
O002076,2023-08-13 13:47:00,C00346,E0208,Projector,Computer Accessories,6,999,0,Bank Transfer,Cancelled,Online,827 Main St.,Call customer
O002077,2023-01-26 06:03:00,C00095,E0034, UPS ,Mobile Devices,8,14999,0.2,GCash,Shipped,online,854 RIZAL ST. ,Call customer
O002078,2025-01-17 01:27:00,C00627,E0204,Smartphone,Networking,7,1999,0.2,Bank Transfer,Processing,Marketplace,"UNIT 16, BUILDING 13",
O002079,2024-01-15 04:15:00,C00007,E0146,Webcam, office furniture ,8,9999,0,Bank Transfer,Returned,,"Unit 7, Building 21",Urgent
O002080,2025-08-29 06:27:00,C00133,E0164, EXTERNAL DRIVE ,Networking,3,499,0,GCASH,,,,Call customer
O002081,2023-11-18 18:48:00,C00275,E0157,Router, networking,10,14999,0.05,GCash,Processing,Store,"Unit 11, Building 22",
O002082,2025-06-23 08:46:00,C00026,E0060,Desk,Electronics,9,19999,0.1,Cash,Delivered,Online,933 Quezon St.,Urgent
O002083,2023-05-24 12:12:00,C00183,E0190,External Drive,Office Furniture,3,9999,0.03,Debit Card,Pending,STORE,"Unit 14, Building 7",
O002084,2024-10-29 13:35:00,C00770,E0005,Smartphone,Mobile Devices,10,799,0.2,Cash,Returned,, 30 Quezon St. ,
O002085,2022-11-15 22:39:00,C00449,E0018,Printer,Networking,3,1999,0.2,GCash, shipped,Online,"Unit 19, Building 48",
O002086,2024-05-13 09:50:00,C00030,E0022,Desk, Electronics ,1,19999,0.2,Bank Transfer, shipped,Store,514 Main St.,Call customer
O002087,2023-01-02 04:52:00,C00908,E0032,Mouse,MOBILE DEVICES ,8,1999,0.05,Debit Card,Delivered,Marketplace,703 Bonifacio St.,Gift order
O002088,2022-10-08 19:05:00,C00625,E0011,Office Chair,Mobile Devices,5,799,0.03,GCash,Delivered,,949 RIZAL ST.,Gift order
O002089,2022-02-26 14:32:00,C00112,E0246,Tablet,Mobile Devices,3,14999,0.03,Credit Card ,Pending,Store,"Unit 3, Building 6",Call customer
O002090,2024-09-16 18:44:00,C00547,E0170,Webcam,computer accessories ,5,14999,,paypal,Shipped,,171 Bonifacio St.,Deliver after 5PM
O002091,2025-09-23 18:13:00,C00300,E0147,ups , Office Furniture,9,9999,0.1,GCash ,Cancelled,Online,904 Quezon St.,
O002092,2022-06-13 03:24:00,C00960,E0226,Headset,Computer Accessories,1,799,0,Cash,Delivered,,662 main st.,Gift order
O002093,2024-05-08 11:41:00,C00052,E0205,Keyboard, NETWORKING ,7,2999,0,Debit Card,Cancelled,Marketplace," UNIT 3, BUILDING 45",Call customer
O002094,2022-12-19 20:55:00,C00958,E0007,UPS,Office Furniture,6,14999,0,Credit Card,Shipped,STORE,640 Quezon St.,Gift order
O002095,2022-09-13 03:34:00,C00161,E0016,UPS,Networking,1,,0.15,GCash,Delivered,Marketplace,"Unit 4, Building 39",Call customer
O002096,2024-09-15 05:36:00,C00322,E0019,Headset,Networking,5,799,,PayPal,Returned,Store,665 Quezon St.,Deliver after 5PM
O002097,2022-02-28 12:12:00,C00077,E0170,ups ,Mobile Devices,4,799,0.05,GCash , delivered ,Marketplace,"Unit 1, Building 30",
O002098,2022-04-27 18:05:00,C00488,E0156,Office Chair,Networking,5,2999,0.15,PayPal,Processing,Marketplace,"Unit 18, Building 8",Urgent
O002099,2025-10-23 01:00:00,C00997,E0215,Office Chair,Electronics,4,4999,0.2,debit card ,Returned,online,"Unit 8, Building 14",Gift order
O002100,2022-05-11 09:44:00,C00459,E0090,UPS,Electronics,7,1999,0.05,Credit Card,Delivered,STORE,"Unit 10, Building 12",
O002101,2023-07-14 16:38:00,C00354,E0052,External Drive,Networking,6,2999,0.1,Debit Card,pending,online,839 Quezon St.,Urgent
O002102,2024-01-09 08:21:00,C00153,E0071,Laptop,Computer Accessories,9,1499,,PAYPAL,Processing,Online,994 Mabini St. ,Call customer
O002103,2022-08-26 09:42:00,C00453,E0212,Headset,Office Furniture,1,499,0,Cash,Cancelled,Marketplace,580 Mabini St.,Gift order
O002104,2025-12-04 22:28:00,C00884,E0156,Mouse,Networking,5,14999,0.15,Bank Transfer,Processing,online,280 Quezon St.,
O002105,2024-08-03 04:07:00,C00966,E0035,Headset,Electronics,9,999,0.2,Cash,Cancelled,online,298 Rizal St.,
O002106,2024-06-24 12:12:00,C00221,E0094,Printer,Computer Accessories,9,7999,,Bank Transfer,Shipped,Marketplace,320 Rizal St.,
O002107,2024-02-05 12:04:00,C00743,E0038,Tablet,Office Furniture,9,999,0.2,Cash,Shipped,,453 Mabini St.,Deliver after 5PM
O002108,2022-04-04 22:06:00,C00951,E0155,,Office Furniture,10,14999,0.1,Debit Card,Processing,,109 Main St.,
O002109,2022-01-29 14:40:00,C00037,E0078,Laptop,Networking,7,799,0.03,Credit Card,Processing,,519 Main St.,
O002110,2023-03-11 00:30:00,C00415,E0118,UPS ,Mobile Devices,7,799,0.2,Cash,Delivered,Online,776 Mabini St.,
O002111,2024-01-15 18:31:00,C00830,E0036, headset,Electronics,8,1499,0,Bank Transfer,Pending,online,773 Rizal St.,Gift order
O002112,2023-02-21 08:36:00,C00753,E0024,Projector,,9,1999,0.1,Debit Card, Returned ,,,Call customer
O002113,2023-06-30 19:43:00,C00539,E0166,Projector,Computer Accessories,8,7999,0.05,Bank Transfer,Pending,Store,704 Mabini St.,Deliver after 5PM
O002114,2025-11-03 18:04:00,C00273,E0041,Monitor,Electronics,10,1499,,Credit Card,DELIVERED,STORE,"Unit 16, Building 32",Call customer
O002115,2023-01-27 19:36:00,C00234,E0241,External Drive,Computer Accessories,4,7999,0.1,Bank Transfer,Delivered,Online,269 Rizal St.,Deliver after 5PM
O002116,2025-10-12 08:15:00,C00146,E0197,Router,Networking,8,799,0.1,GCash,Returned,online,29 Mabini St.,
O002117,2022-02-17 12:25:00,C00311,E0086,Monitor,Office Furniture,3,14999,0.15,Cash,PENDING ,Online,"Unit 11, Building 38",Urgent
O002118,2025-08-06 12:53:00,C00344,E0189,Projector, Computer Accessories ,7,999,0,Credit Card,Shipped,,"Unit 10, Building 4",Deliver after 5PM
O002119,2023-02-24 14:52:00,C00817,E0037,Mouse,Networking,5,2999,0, CASH,Delivered,Marketplace,"Unit 17, Building 25",
O002120,2022-09-26 09:46:00,C00672,E0249,Projector,Electronics,8,1999,,Bank Transfer,Shipped,online,642 Rizal St.,
O002121,2025-03-13 12:19:00,C00763,E0083,Monitor,Electronics,1,1999,0.05,bank transfer ,Returned,Marketplace,931 Quezon St.,Urgent
O002122,2023-09-12 07:54:00,C00536,E0174,router ,Mobile Devices,8,9999,0.05,Debit Card,Processing,Online,"Unit 19, Building 15",Call customer
O002123,2024-09-07 08:05:00,C00274,E0079,UPS,Electronics,9,,0.05,GCash,Pending,STORE,54 Mabini St.,Gift order
O002124,2022-10-15 22:46:00,C00479,E0009,Tablet,Electronics,6,2999,0.03,PayPal ,Returned,Marketplace,235 Mabini St.,Call customer
O002125,2022-09-02 05:55:00,C00915,E0084,Desk,Electronics,7,999,0.15,,Processing,Marketplace,815 Mabini St.,
O002126,2022-09-27 00:05:00,C00379,E0224,External Drive,Computer Accessories,3,4999,0.05,PayPal,Pending,Online,915 Main St.,Deliver after 5PM
O002127,2024-08-24 13:18:00,C00026,E0182,Smartphone,Mobile Devices,,9999,0.15,Credit Card,Shipped,Online,"Unit 12, Building 19",
O002128,2023-02-18 15:09:00,C00269,E0143,Webcam,Computer Accessories,2,799,0.05, gcash,Shipped,STORE,721 Bonifacio St.,Call customer
O002129,2024-09-28 01:52:00,C00982,E0050,UPS,Computer Accessories,7,999,,Cash, CANCELLED,online,"Unit 8, Building 37",
O002130,2025-07-29 13:05:00,C00008,E0053,Headset,Mobile Devices,2,,,Cash,Pending,STORE,948 Bonifacio St.,Gift order
O002131,2024-08-13 21:20:00,C00707,E0049,Tablet,Networking,6,2999,0.03,Bank Transfer,Returned,,"Unit 15, Building 33",
O002132,2025-09-21 23:00:00,C00601,E0081,Tablet,Electronics,2,14999,0,Cash,Processing,online,783 RIZAL ST. ,Gift order
O002133,2022-03-10 07:14:00,C00640,E0191,Desk,Mobile Devices,5,4999,0.2,Bank Transfer,Delivered,Online,,
O002134,2022-11-16 18:39:00,C00347,E0090,Monitor, NETWORKING ,8,999,0.15, gcash ,Processing,Marketplace,837 Quezon St.,
O002135,2023-09-23 18:17:00,C00922,E0143,Office Chair,Mobile Devices,5,7999,0.1,PayPal,Cancelled,Store,385 Bonifacio St.,Call customer
O002136,2022-10-08 11:26:00,C00304,E0055,Router,Electronics,7,2999,,Cash,Delivered,Marketplace,"Unit 17, Building 10",Deliver after 5PM
O002137,2022-12-28 14:09:00,C00650,E0038,UPS,Office Furniture,4,14999,, CASH,Delivered,Store,116 QUEZON ST.,Deliver after 5PM
O002138,2025-07-06 05:52:00,C00482,E0049,Projector,Office Furniture,,4999,0,credit card,Delivered,STORE,"UNIT 7, BUILDING 22 ",Call customer
O002139,2024-02-15 14:19:00,C00140,E0094,Desk, OFFICE FURNITURE ,8,7999,0.03,GCash,Shipped,,"Unit 3, Building 20",
O002140,2023-05-17 04:30:00,C00373,E0095, Tablet ,Mobile Devices ,2,2999,0.03,DEBIT CARD ,Cancelled,,"Unit 7, Building 9",Deliver after 5PM
O002141,2022-08-25 05:48:00,C00013,E0230,Router,Electronics,7,4999,0.2,GCash,Processing,STORE,"Unit 2, Building 5",Deliver after 5PM
O002142,2023-06-26 20:50:00,C00260,E0176,Mouse,Computer Accessories ,5,1999,0.05,GCash, Processing,,649 Mabini St.,Gift order
O002143,2025-08-31 08:39:00,C00485,E0122,Smartphone, Computer Accessories ,3,1499,0.2,Bank Transfer,Shipped,Marketplace," Unit 12, Building 19 ",Deliver after 5PM
O002144,2024-01-14 11:22:00,C00652,E0136,Tablet,Electronics,6,14999,,Debit Card,Returned,Marketplace,"Unit 19, Building 23",Deliver after 5PM
O002145,2022-08-03 03:48:00,C00755,E0215,UPS,Electronics,4,499,0.03,PayPal,Delivered,STORE,467 Rizal St.,
O002146,2023-05-24 06:06:00,C00925,E0114,Printer,Mobile Devices,6,999,0,PayPal, DELIVERED ,Marketplace,803 Rizal St.,Gift order
O002147,2024-04-17 13:21:00,C00160,E0038,UPS,Computer Accessories,6,1499,0.1,Credit Card,Delivered,Marketplace,,Call customer
O002148,2024-12-07 17:33:00,C00419,E0048,Smartphone,Electronics,8,1499,0,Bank Transfer ,Processing,Online,617 Bonifacio St.,Urgent
O002149,2023-11-28 01:31:00,C00488,E0094,UPS, Mobile Devices ,,499,0,Debit Card,Cancelled,Online,"Unit 11, Building 33",
O002150,2024-09-17 06:17:00,C00414,E0113,Headset,Computer Accessories,4,9999,0.2,PayPal,Delivered,online,960 Quezon St.,Gift order
O002151,2022-09-08 22:36:00,C00034,E0023,Keyboard,Office Furniture,10,1999,,Credit Card,Processing,Marketplace,998 Bonifacio St.,Gift order
O002152,2022-11-07 12:09:00,C00875,E0122,External Drive,Office Furniture,4,4999,0.15,PayPal,Pending,Store,389 Bonifacio St.,Urgent
O002153,2022-12-07 00:28:00,C00488,E0213,Office Chair,Office Furniture,5,1999,0,Debit Card,Processing,Online,642 Rizal St.,
O002154,2022-02-26 06:03:00,C00052,E0170,Keyboard,Mobile Devices,8,1499,0.1,Credit Card,Processing,Marketplace,"Unit 7, Building 41",Urgent
O002155,2025-12-17 19:08:00,C00394,E0006,Printer,Mobile Devices,9,4999,0.2,Credit Card,Processing,,,
O002156,2025-11-09 18:18:00,C00685,E0100,Smartphone, office furniture ,2,9999,0.2, Debit Card,Pending,online,820 Bonifacio St.,Gift order
O002157,2023-08-31 12:53:00,C00468,E0218,Tablet,Electronics,8,9999,0.1,Debit Card,Shipped,STORE,566 Bonifacio St.,Urgent
O002158,2024-09-15 01:18:00,C00372,E0107, Projector ,COMPUTER ACCESSORIES ,5,19999,,Bank Transfer ,Delivered,,"Unit 9, Building 8",Urgent
O002159,2022-04-18 15:19:00,C00629,E0223,Keyboard,Office Furniture,3,,0.05,PayPal,Pending,Store,596 Rizal St.,
O002160,2023-02-26 01:31:00,C00152,E0187,Tablet, networking,8,799,0.05,GCash,Returned,,"Unit 7, Building 8",Urgent
O002161,2022-04-16 17:45:00,C00915,E0174,Monitor,Office Furniture,3,19999,0.03,Credit Card,Shipped,Online,522 Main St.,Gift order
O002162,2022-05-28 14:57:00,C00256,E0063,Keyboard,Office Furniture,2,999,0.15,PayPal,Pending,,512 Bonifacio St.,
O002163,2023-07-16 05:30:00,C00155,E0018,Router,Electronics,7,,0.1, DEBIT CARD ,Pending,Online,"Unit 3, Building 3",Call customer
O002164,2023-11-23 16:11:00,C00277,E0065, Office Chair,Networking,10,1999,,,Processing,STORE,685 Quezon St.,Urgent
O002165,2025-07-04 07:10:00,C00582,E0210,Office Chair,Office Furniture,7,,0.15,Debit Card,Pending,Online,197 Mabini St.,
O002166,2024-02-04 11:58:00,C00002,E0225,External Drive,Electronics,3,1999,,Cash,Cancelled,Online,317 Main St.,
O002167,2025-09-14 04:24:00,C00122,E0013,Router,Mobile Devices,10,,0.2,Bank Transfer,Delivered,STORE,481 Quezon St.,Urgent
O002168,2022-08-03 13:51:00,C00320,E0148,Laptop,Networking,4,1999,0.1, BANK TRANSFER ,Cancelled,online,"Unit 5, Building 10",Deliver after 5PM
O002169,2024-03-02 07:06:00,C00002,E0151,Tablet,Computer Accessories,2,2999,0.1,Debit Card, Cancelled,STORE," Unit 1, Building 8 ",
O002170,2022-04-14 02:42:00,C00292,E0203, headset,Mobile Devices,8,1499,0.03,GCash,Delivered,Store,"Unit 7, Building 7",Urgent
O002171,2024-12-01 03:34:00,C00248,E0203,Projector,Electronics,6,19999,0.1,PayPal,Returned,Store,"Unit 20, Building 49",Call customer
O002172,2025-11-03 17:52:00,C00294,E0237,Keyboard,Computer Accessories,1,799,0.2,PayPal,Cancelled,,"Unit 12, Building 31",Urgent
O002173,2022-03-13 01:46:00,C00054,E0142,Tablet,Computer Accessories,7,9999,0.15,PayPal,Processing,Store,"Unit 18, Building 31",
O002174,2022-06-12 05:55:00,C00380,E0057,,mobile devices,5,19999,0,Credit Card,Delivered ,Store,"Unit 9, Building 18",Deliver after 5PM
O002175,2025-04-05 13:30:00,C00159,E0229,UPS,Networking,1,7999,0.15,PayPal,Shipped,online,969 Mabini St.,
O002176,2024-01-03 13:53:00,C00494,E0205,Router,Mobile Devices,6,1499,0,Bank Transfer,Delivered,Marketplace,621 Rizal St.,Urgent
O002177,2025-02-17 09:16:00,C00483,E0017,Laptop,Networking,4,,0.2,Cash,Pending,STORE,830 Bonifacio St.,
O002178,2023-12-05 08:12:00,C00829,E0056,External Drive,Electronics,8,799,0,GCash,Delivered,Marketplace,890 Bonifacio St.,Deliver after 5PM
O002179,2025-08-27 14:14:00,C00631,E0107, Keyboard ,Office Furniture,4,2999,0,PayPal,Returned,,251 Bonifacio St.,Urgent
O002180,2023-03-07 14:43:00,C00061,E0084,Projector,Computer Accessories,4,19999,0.15,GCash,Cancelled,STORE,766 Bonifacio St.,Deliver after 5PM
O002181,2023-11-16 02:22:00,C00474,E0051, LAPTOP ,Mobile Devices,8,1999,0.03,Debit Card,Cancelled,Online,992 Mabini St.,Deliver after 5PM
O002182,2023-08-21 20:17:00,C00617,E0147,UPS,Electronics,4,1499,,Bank Transfer,Pending,Online,"Unit 14, Building 1",Deliver after 5PM
O002183,2022-07-20 23:31:00,C00691,E0115,mouse ,Electronics,8,499,,Bank Transfer,Shipped,Marketplace, 74 Bonifacio St. ,
O002184,2024-11-04 16:27:00,C00015,E0158,External Drive,Mobile Devices,9,4999,0.1, Bank Transfer,Cancelled,STORE,979 Mabini St.,Deliver after 5PM
O002185,2024-11-07 21:04:00,C00228,E0076,Headset,Mobile Devices,6,1499,0.05,credit card ,Cancelled,Store,277 Mabini St.,Deliver after 5PM
O002186,2025-09-26 00:53:00,C00331,E0217,Mouse,Mobile Devices,7,7999,,Debit Card,Cancelled,online,893 Bonifacio St.,Call customer
O002187,2023-01-16 04:28:00,C00966,E0136,Desk ,mobile devices ,3,999,, GCASH,Processing,Marketplace,13 Rizal St.,Urgent
O002188,2022-05-27 03:59:00,C00985,E0068,,Office Furniture,6,7999,0.05,GCash,Cancelled,Online,"Unit 6, Building 11",Deliver after 5PM
O002189,2022-06-22 03:00:00,C00379,E0196,Projector,Computer Accessories,5,4999,0.1,,Cancelled,Marketplace,668 Rizal St.,
O002190,2025-08-07 09:10:00,C00514,E0081,Laptop,Computer Accessories,8,499,0.05,Credit Card,Pending,Store,"Unit 1, Building 34",
O002191,2025-01-31 21:52:00,C00393,E0156,Printer,Networking,6,999,0.03,,Cancelled ,STORE,502 Quezon St.,Gift order
O002192,2022-08-22 20:44:00,C00177,E0118,Tablet,Mobile Devices,9,4999,0.15,GCash,Cancelled,Online, 505 Mabini St. ,Gift order
O002193,2023-12-15 08:28:00,C00825,E0178,Projector,Electronics,1,1499,0.2,Credit Card,Shipped,, 624 Quezon St.,Deliver after 5PM
O002194,2025-08-25 03:44:00,C00341,E0076,Projector,Electronics,1,19999,0.15,GCash,Pending,online,167 Main St.,
O002195,2025-02-11 00:33:00,C00729,E0073,Desk,Computer Accessories,9,999,0.2,Debit Card, processing,Store,620 Quezon St.,Urgent
O002196,2023-05-15 16:06:00,C00661,E0156,Tablet,Office Furniture,8,1999,,Debit Card,Cancelled,Online,447 Mabini St.,
O002197,2024-08-23 20:53:00,C00791,E0001,Keyboard,Computer Accessories,4,999,0.2,Cash,Processing,online,915 Main St.,Deliver after 5PM
O002198,2025-05-29 23:30:00,C00361,E0036,Laptop, electronics,3,19999,0.2,Bank Transfer,Returned,online,704 Quezon St.,Gift order
O002199,2023-01-28 21:40:00,C00560,E0086,Router, Networking,4,4999,0.1,Cash,Shipped,Store,"Unit 3, Building 29",Urgent
O002200,2023-03-11 17:58:00,C00536,E0014,Tablet,Electronics,7,14999,0,Debit Card, Returned ,Store,508 Main St.,Urgent
O002201,2023-02-15 07:54:00,C00903,E0155,Keyboard,Electronics,9,4999,0.1,GCash,Returned,,230 Quezon St.,Gift order
O002202,2025-12-29 10:28:00,C00227,E0019, TABLET ,Office Furniture,9,9999,0.2,Debit Card,Shipped,online,892 Main St.,Gift order
O002203,2022-07-19 15:52:00,C00789,E0122, Tablet ,Computer Accessories,5,,,Credit Card,,Marketplace,778 Quezon St.,Gift order
O002204,2022-12-08 12:58:00,C00513,E0199,Office Chair ,Mobile Devices,4,799,,Debit Card,Shipped,Store," Unit 18, Building 32",Deliver after 5PM
O002205,2022-04-28 18:53:00,C00161,E0105,Mouse,Office Furniture,5,999,,GCash, Shipped ,Marketplace, 346 BONIFACIO ST.,Urgent
O002206,2025-02-02 12:31:00,C00318,E0087,Router,Networking,7,9999,0.03,Cash,Delivered,online,"Unit 2, Building 12",Urgent
O002207,2022-10-01 06:04:00,C00405,E0092,Headset,Networking,5,,0.1,Debit Card,Returned,Store,"Unit 9, Building 30",Gift order
O002208,2022-12-11 07:25:00,C00123,E0047,Laptop,Office Furniture,7,4999,0.1,Bank Transfer,Delivered,,"Unit 2, Building 17",
O002209,2024-03-21 20:38:00,C00356,E0170,Office Chair,Computer Accessories,2,14999,0,Credit Card, Cancelled ,,"Unit 9, Building 28",Deliver after 5PM
O002210,2023-03-25 06:35:00,C00396,E0247,Smartphone,Networking,6,499,0.15,PayPal,Shipped,Store,"Unit 7, Building 45",Call customer
O002211,2022-06-16 09:52:00,C00506,E0243,Headset,Networking,1,799,0.1,Credit Card,Delivered,, 974 Mabini St.,Deliver after 5PM
O002212,2025-09-28 15:49:00,C00064,E0092, Projector ,Networking,,499,,Bank Transfer,Delivered,Online,"Unit 13, Building 49",Urgent
O002213,2023-05-14 16:12:00,C00848,E0078,Headset, COMPUTER ACCESSORIES,4,799,0.2,Credit Card,Delivered,Marketplace,"Unit 3, Building 11",Call customer
O002214,2024-09-09 18:34:00,C00868,E0176,Mouse,OFFICE FURNITURE ,3,7999,0.15,Debit Card,Returned,,"Unit 10, Building 31",Gift order
O002215,2022-03-30 03:08:00,C00950,E0226,Monitor,Mobile Devices,1,9999,0, cash ,Shipped,, 650 rizal st. ,Deliver after 5PM
O002216,2024-04-15 06:50:00,C00320,E0208,Monitor,Office Furniture,2,14999,0.15,Debit Card,Pending,online,594 Rizal St.,Urgent
O002217,2025-03-16 10:30:00,C00385,E0033,Router,Mobile Devices,6,1499,0.05,Bank Transfer,Cancelled,Online,"Unit 6, Building 30",Deliver after 5PM
O002218,2025-08-14 11:26:00,C00477,E0177,Tablet,Mobile Devices,10,4999,0.03,GCash,Pending,STORE,"Unit 14, Building 28",Urgent
O002219,2025-11-10 20:40:00,C00888,E0236,Projector,electronics,8,9999,0.05,Credit Card,Delivered,Online,759 Main St.,Urgent
O002220,2023-10-22 18:53:00,C00138,E0097,Projector , Mobile Devices,,9999,0.05,Bank Transfer,DELIVERED,Online,"Unit 20, Building 11",
O002221,2025-06-20 22:34:00,C00386,E0166,Tablet,Computer Accessories,10,2999,,PayPal,Delivered,Store,410 mabini st. ,
O002222,2022-07-03 05:01:00,C00501,E0076,Smartphone,Electronics,8,999,0,Credit Card, Cancelled ,Marketplace,"Unit 20, Building 46",Urgent
O002223,2023-10-18 09:27:00,C00143,E0066,Keyboard,Mobile Devices,4,999,0.1,PayPal,Delivered,STORE,"Unit 9, Building 9",Urgent
O002224,2024-10-24 20:39:00,C00844,E0057,Smartphone,,3,9999,0.03,PayPal,shipped ,Online,164 Rizal St.,Deliver after 5PM
O002225,2025-04-25 08:21:00,C00698,E0225,Office Chair,Mobile Devices,10,7999,,Credit Card,Delivered,Online,231 Rizal St.,
O002226,2022-02-02 18:01:00,C00937,E0059,,Electronics,2,1499,0.05,Credit Card,Shipped,Store,709 Rizal St.,
O002227,2022-08-30 05:33:00,C00397,E0077,Office Chair,Electronics,5,19999,0.2, PAYPAL,Cancelled,,899 Rizal St.,
O002228,2024-02-26 11:25:00,C00143,E0106, Headset ,Networking,2,19999,0.1,PayPal,Processing,Marketplace,"Unit 18, Building 27",
O002229,2024-09-22 22:03:00,C00745,E0194,Webcam,computer accessories ,5,19999,0,Credit Card,Cancelled,STORE,"Unit 8, Building 46 ",Gift order
O002230,2024-04-11 16:01:00,C00362,E0226,Keyboard,Mobile Devices,6,999,0.1,Debit Card,Pending,online,"Unit 1, Building 18",
O002231,2023-11-12 03:00:00,C00816,E0143,Router,Networking,10,14999,, Bank Transfer,Shipped,Online,"Unit 8, Building 49",
O002232,2024-01-27 15:46:00,C00290,E0039,Smartphone,mobile devices,10,7999,0.1,Bank Transfer,Delivered,Online,"Unit 10, Building 28",
O002233,2022-08-14 12:01:00,C00923,E0067,Smartphone,Mobile Devices,3,19999,0.15,GCash,Returned,online,"Unit 8, Building 45",Deliver after 5PM
O002234,2022-01-22 21:43:00,C00733,E0010,Smartphone, Office Furniture ,4,799,,GCash,Cancelled,Marketplace,166 Quezon St.,Deliver after 5PM
O002235,2022-12-21 10:15:00,C00903,E0170,Webcam,Electronics,,19999,0.1,Cash, Processing ,STORE,547 Bonifacio St.,Urgent
O002236,2024-03-14 13:59:00,C00901,E0061,UPS,Computer Accessories,9,7999,0.03,GCash,Shipped,Marketplace,"Unit 3, Building 30",
O002237,2024-01-24 23:29:00,C00660,E0180,Printer,Electronics,2,7999,0.05,Credit Card,Pending,Online,704 Bonifacio St.,
O002238,2024-02-12 15:51:00,C00012,E0015,UPS,networking,10,799,0,Cash,Shipped,Online,657 Quezon St.,
O002239,2023-08-13 09:22:00,C00637,E0067,External Drive,Electronics,9,999,0.03,Bank Transfer,Shipped,STORE,488 Rizal St.,Call customer
O002240,2025-05-15 10:31:00,C00212,E0235,Headset,Mobile Devices,6,14999,0.03,Credit Card,Cancelled,Online,"Unit 4, Building 26",Gift order
O002241,2023-12-07 13:35:00,C00818,E0117,Desk, Networking,3,14999,0.2,Debit Card, Pending ,Store,434 Quezon St.,Gift order
O002242,2022-01-26 13:09:00,C00807,E0128,Keyboard,Office Furniture,10,1999,0.03,Bank Transfer,Cancelled,online,"Unit 4, Building 40",Urgent
O002243,2025-10-13 06:45:00,C00069,E0080,Printer,Office Furniture,4,14999,0,PayPal,Returned,,"Unit 19, Building 17",Call customer
O002244,2025-11-27 19:25:00,C00317,E0022,UPS,Electronics,1,14999,,Credit Card,Shipped,Marketplace,870 Rizal St.,Urgent
O002245,2024-08-05 12:37:00,C00123,E0131,Desk, Computer Accessories,4,19999,0.03, gcash,Returned,Marketplace,354 Rizal St.,
O002246,2023-12-27 10:50:00,C00774,E0144,Webcam,Computer Accessories,1,499,,Cash,Cancelled,Store,26 Mabini St.,Gift order
O002247,2023-06-15 01:49:00,C00088,E0238,Smartphone,Networking,7,999,0.1,Cash,Delivered,online,930 Rizal St.,
O002248,2023-06-01 17:59:00,C00286,E0056,Keyboard, Electronics ,2,4999,0,Bank Transfer,Shipped,Store,"Unit 18, Building 39",Urgent
O002249,2023-07-07 04:29:00,C00059,E0186,Office Chair,Mobile Devices,,1999,, credit card ,Returned,STORE,"unit 11, building 13 ",Deliver after 5PM
O002250,2025-07-25 09:22:00,C00538,E0017,Smartphone,Electronics,9,19999,,Cash,Processing,STORE,123 Bonifacio St.,Deliver after 5PM
O002251,2025-12-01 15:29:00,C00366,E0132,Webcam,Office Furniture,4,1499,0.03,Cash,Delivered,STORE,97 Rizal St.,
O002252,2025-11-14 03:55:00,C00407,E0172,Printer,Mobile Devices,10,4999,0.2,Credit Card,Shipped,Store, 531 Bonifacio St. ,
O002253,2025-07-16 18:57:00,C00185,E0149,External Drive,Electronics,8,7999,0.05, BANK TRANSFER ,Pending,Marketplace, 891 Quezon St.,Call customer
O002254,2023-09-05 12:04:00,C00180,E0164,Keyboard,Networking,5,14999,0.2,credit card,Returned,Marketplace,"Unit 5, Building 42",
O002255,2023-10-16 21:06:00,C00665,E0055,Monitor,computer accessories ,6,9999,0.03,BANK TRANSFER ,Pending,Marketplace,"Unit 11, Building 47",
O002256,2025-06-24 16:03:00,C00106,E0107,Router,Office Furniture,8,999,0,Bank Transfer,Returned,Marketplace,,Call customer
O002257,2024-05-14 16:06:00,C00374,E0176, keyboard, Networking ,,19999,,PayPal,Returned,online," UNIT 10, BUILDING 18 ",
O002258,2025-09-11 14:25:00,C00102,E0163,Webcam,Office Furniture,8,,0,PayPal,Delivered,STORE,,
O002259,2022-10-26 08:57:00,C00159,E0225,Laptop,Office Furniture,9,1999,0.2,Credit Card, Delivered,STORE,541 Main St.,
O002260,2023-08-10 22:56:00,C00897,E0243,Laptop,office furniture ,3,4999,0, Credit Card,Delivered,online,,
O002261,2022-05-18 12:12:00,C00901,E0234,Mouse, networking ,9,1999,0.1,Debit Card,Returned,online,"Unit 5, Building 36",
O002262,2025-09-07 23:32:00,C00806,E0173,Mouse,Computer Accessories,2,1999,, bank transfer ,Delivered,online,90 Quezon St.,Gift order
O002263,2022-04-17 08:56:00,C00440,E0230,Mouse,Computer Accessories,10,799,0.03,PayPal,Cancelled,STORE,"Unit 7, Building 49",
O002264,2022-03-28 18:27:00,C00442,E0096,Mouse,Networking,9,4999,0.15,Cash,Cancelled,Store,493 Mabini St.,Deliver after 5PM
O002265,2023-05-01 19:28:00,C00197,E0055,Projector,Electronics,1,,0.2,Debit Card,Delivered,Marketplace,78 Main St.,
O002266,2023-05-09 05:47:00,C00314,E0228,Mouse,Office Furniture,5,9999,0,PayPal,Returned,Marketplace,19 Bonifacio St.,Deliver after 5PM
O002267,2023-07-16 22:33:00,C00463,E0155,Keyboard,Networking,8,7999,, cash ,Shipped,online,855 Bonifacio St.,
O002268,2022-05-27 19:12:00,C00427,E0081,Laptop,Electronics,8,499,0,Credit Card,Delivered,Store,336 Rizal St.,Call customer
O002269,2023-11-06 07:51:00,C00831,E0166, Headset,Office Furniture,5,2999,0.2,GCash,Cancelled,,"Unit 2, Building 6",Deliver after 5PM
O002270,2022-10-31 19:10:00,C00615,E0098,Webcam,,10,999,0.2,,Pending,Marketplace,539 Quezon St.,
O002271,2023-05-03 10:23:00,C00690,E0193,Laptop,Electronics,2,9999,0.2,PayPal,Delivered,Store,655 main st.,Deliver after 5PM
O002272,2022-03-12 00:57:00,C00142,E0200,Projector,Mobile Devices,4,14999,0.15,,Returned,online,679 Bonifacio St.,Gift order
O002273,2023-02-10 21:00:00,C00032,E0070,Projector,Electronics,2,4999,0,Debit Card, returned ,Online,497 Main St.,Call customer
O002274,2023-11-02 21:23:00,C00669,E0084,UPS , Computer Accessories ,9,7999,0,Credit Card,Shipped,,793 Rizal St.,
O002275,2023-09-12 06:50:00,C00709,E0005,Mouse,Electronics,6,9999,0.03,Credit Card,Delivered,Online,"Unit 16, Building 42",
O002276,2023-04-16 00:38:00,C00932,E0164,Router,Mobile Devices,2,799,0.1,Bank Transfer,Shipped,Store,"Unit 8, Building 23",Urgent
O002277,2024-07-22 01:49:00,C00889,E0022,Mouse,Networking,9,19999,0.1,,Pending,Store,"Unit 4, Building 8",
O002278,2025-09-14 15:35:00,C00423,E0208,Projector ,Computer Accessories,6,19999,0.03, PayPal,Processing,Store,192 Rizal St.,Gift order
O002279,2022-10-04 20:33:00,C00602,E0184,Headset,,3,999,0,Credit Card,Cancelled,,"Unit 19, Building 50",Gift order
O002280,2025-02-15 18:58:00,C00676,E0024,External Drive,Electronics,5,2999,0.15,Cash,Cancelled ,,"Unit 7, Building 35",Urgent
O002281,2022-09-19 02:49:00,C00637,E0085,,Electronics,1,499,0.03,GCash,Pending,STORE,503 Rizal St.,Call customer
O002282,2022-11-10 01:01:00,C00443,E0002,Desk,Computer Accessories,6,2999,0.15,Cash,Cancelled,Marketplace,"Unit 8, Building 1",Call customer
O002283,2025-06-15 13:08:00,C00392,E0196,Mouse,Computer Accessories,4,499,0.1,Bank Transfer,Cancelled,online,498 Mabini St.,Deliver after 5PM
O002284,2022-07-13 08:09:00,C00065,E0204,Printer,,4,7999,0.05,Credit Card,Cancelled,STORE,317 Rizal St.,Urgent
O002285,2024-08-04 03:32:00,C00550,E0179,Smartphone,Mobile Devices,5,999,,PayPal,Pending ,Online,156 Main St.,Deliver after 5PM
O002286,2025-12-04 11:45:00,C00848,E0009,Mouse,Computer Accessories,6,14999,0.1,GCash,Processing,," Unit 18, Building 36",Deliver after 5PM
O002287,2023-06-27 00:08:00,C00566,E0018,Mouse,Networking,7,14999,0.1,PayPal,Processing ,Store,"Unit 11, Building 24",Urgent
O002288,2023-04-15 10:42:00,C00304,E0117,UPS,Computer Accessories,8,999,0.15,Debit Card,Shipped,Marketplace,"Unit 15, Building 15",
O002289,2024-05-08 22:32:00,C00315,E0002,Tablet,Computer Accessories,,19999,0.1,Credit Card,Delivered,Online,24 Quezon St.,Call customer
O002290,2024-11-07 01:57:00,C00407,E0145,Tablet,Mobile Devices,4,999,0.15,Cash,Cancelled,Online,"Unit 10, Building 35",Call customer
O002291,2023-06-21 02:44:00,C00435,E0197, tablet,Networking,5,999,0,PayPal,Shipped,,"Unit 14, Building 28",Urgent
O002292,2023-03-10 21:37:00,C00599,E0075,Smartphone,Networking,6,4999,0.05,GCash,Returned,Marketplace,343 Bonifacio St.,Deliver after 5PM
O002293,2024-09-12 22:08:00,C00204,E0056,Headset,Networking,2,,0.1, Bank Transfer,Returned,online,"unit 4, building 15 ",Call customer
O002294,2022-04-08 15:44:00,C00159,E0244,Projector,Networking,1,19999,0.15,GCash,Shipped,online,186 Mabini St.,Urgent
O002295,2023-07-27 10:38:00,C00700,E0022,Printer,Office Furniture,3,1499,0.2,Debit Card,Shipped,,"Unit 9, Building 15",Urgent
O002296,2023-12-09 01:03:00,C00062,E0050,Printer,Electronics,10,14999,0,Debit Card,Cancelled,,"Unit 18, Building 13",Urgent
O002297,2024-11-25 07:22:00,C00745,E0167,Monitor,Networking,8,499,0.2,Credit Card,cancelled ,Store,"UNIT 6, BUILDING 15",
O002298,2022-11-08 22:47:00,C00881,E0160,,electronics ,8,499,0.05,Cash,Cancelled,Online,"Unit 2, Building 42",
O002299,2023-12-21 05:07:00,C00427,E0185,Keyboard,Networking,10,7999,,Cash,Processing,STORE,"Unit 9, Building 43",Call customer
O002300,2025-08-18 00:18:00,C00953,E0244,Keyboard,Computer Accessories,7,14999,0.1,PayPal,Delivered,STORE,"Unit 3, Building 34",
O002301,2025-11-24 06:58:00,C00239,E0063,MONITOR,Networking,4,2999,0,Debit Card,Delivered,STORE,809 Rizal St.,Deliver after 5PM
O002302,2024-08-28 19:45:00,C00602,E0156,Monitor,Mobile Devices,4,499,0.1, Cash ,Delivered,Online,"Unit 1, Building 45",Gift order
O002303,2025-08-21 02:18:00,C00159,E0143,Desk,Networking,10,999,0.05,GCash,Returned,online,315 Mabini St.,Deliver after 5PM
O002304,2025-01-22 04:20:00,C00471,E0053,Mouse,Electronics,4,19999,0.03,Bank Transfer,Delivered,STORE,525 Bonifacio St.,
O002305,2022-04-19 00:25:00,C00786,E0091,Laptop, Networking ,1,2999,,Bank Transfer,Pending,online,611 Main St.,
O002306,2022-04-27 19:11:00,C00617,E0036,Monitor,Mobile Devices,10,799,0.15,Cash,Cancelled,Marketplace,474 Bonifacio St.,Call customer
O002307,2024-03-11 19:00:00,C00533,E0187,Keyboard,Computer Accessories,2,499,0.03,Credit Card, Returned ,Marketplace,334 Quezon St.,Urgent
O002308,2025-07-30 10:01:00,C00420,E0158,Desk,Networking,9,19999,0,Bank Transfer,Delivered,STORE,"Unit 7, Building 1",Deliver after 5PM
O002309,2023-03-08 19:31:00,C00343,E0110,Webcam,Networking,1,4999,0.15,Debit Card,Cancelled,Store,411 Quezon St.,
O002310,2024-10-09 11:00:00,C00058,E0066,Mouse,,9,799,0.2,Debit Card,Pending,Online,"Unit 18, Building 14",Call customer
O002311,2025-11-09 17:20:00,C00938,E0235,ups ,Networking,5,999,0.05,Cash,Returned,Store,798 Mabini St.,Gift order
O002312,2025-05-06 11:44:00,C00847,E0152,Mouse, networking,6,999,,,Returned,,728 Main St.,Call customer
O002313,2025-02-21 18:32:00,C00912,E0202,Office Chair,Office Furniture,5,1499,0.05,Debit Card,Shipped,,"Unit 5, Building 36",Call customer
O002314,2022-10-19 18:48:00,C00552,E0098,Webcam,COMPUTER ACCESSORIES ,9,999,0.03,GCASH,,Marketplace,294 Main St.,
O002315,2023-01-11 10:39:00,C00923,E0114,Mouse,Computer Accessories,9,9999,0.05,Debit Card ,Shipped,Store,"Unit 6, Building 49",Deliver after 5PM
O002316,2025-06-06 03:17:00,C00823,E0082,Desk,Electronics,6,1499,0.15,Credit Card, DELIVERED,STORE,"Unit 16, Building 13",
O002317,2022-07-17 11:57:00,C00556,E0203, ups ,Mobile Devices,8,7999,0.2, Debit Card,SHIPPED ,Marketplace,952 Bonifacio St.,Gift order
O002318,2023-02-12 03:13:00,C00252,E0239,Smartphone,Electronics,3,499,,Debit Card,Processing,Marketplace,"Unit 4, Building 27",
O002319,2024-07-31 17:46:00,C00512,E0018,Tablet,Office Furniture,7,499,0.03,DEBIT CARD, returned ,Online,578 Rizal St.,Gift order
O002320,2022-05-18 11:10:00,C00617,E0237,Webcam,Mobile Devices,1,799,0.1,Debit Card, returned ,Online,78 Quezon St.,Call customer
O002321,2025-01-24 20:37:00,C00419,E0226,Laptop,Office Furniture,3,1499,0.03,Bank Transfer,,online,"Unit 16, Building 40",Urgent
O002322,2024-08-25 06:36:00,C00334,E0152,Webcam,Computer Accessories,4,799,,Cash,Cancelled,Online,"Unit 5, Building 44",Call customer
O002323,2023-12-06 02:25:00,C00846,E0139,Smartphone,Networking,2,1499,0,Credit Card,Processing,,467 Mabini St.,
O002324,2022-08-26 18:06:00,C00025,E0106,keyboard,Networking,6,1999,0.15,GCash, DELIVERED,STORE,195 RIZAL ST.,
O002325,2023-10-20 06:50:00,C00257,E0147,Headset,Networking,5,2999,0.03,Credit Card, Processing,Store,"Unit 4, Building 8",
O002326,2025-10-08 04:23:00,C00601,E0159,Desk,Mobile Devices,2,1499,0.2,PayPal,Shipped,online,782 Quezon St.,Call customer
O002327,2024-02-13 05:04:00,C00113,E0103,Tablet,Mobile Devices,6,999,,Bank Transfer,Cancelled,Marketplace,"Unit 1, Building 17",Deliver after 5PM
O002328,2022-04-11 13:20:00,C00630,E0129,Webcam,Networking,9,999,0.2,paypal,Pending,STORE,792 Bonifacio St.,Deliver after 5PM
O002329,2022-03-22 04:55:00,C00881,E0205,Office Chair ,Office Furniture,2,2999,0.1,Credit Card,Returned,Marketplace,"Unit 15, Building 28",Deliver after 5PM
O002330,2024-11-14 18:06:00,C00503,E0242,Office Chair,Electronics,6,14999,0.1,Credit Card,Returned,online,762 Mabini St.,Gift order
O002331,2023-03-14 13:00:00,C00135,E0195,TABLET ,Electronics,5,2999,0.03,Credit Card,Shipped,Marketplace,"Unit 16, Building 5",
O002332,2025-05-27 00:15:00,C00224,E0237,Mouse,Computer Accessories,2,19999,0.03,Bank Transfer,Shipped,Store,749 main st. ,Gift order
O002333,2025-11-01 05:59:00,C00807,E0025,Router,Electronics,7,2999,0, credit card ,Cancelled,Marketplace,,Call customer
O002334,2023-08-27 15:22:00,C00192,E0156,Projector,Mobile Devices,6,19999,0.03,Credit Card,,Online,"Unit 3, Building 30",
O002335,2025-03-24 22:33:00,C00345,E0104,Headset,Mobile Devices,8,19999,0.15,Bank Transfer,PROCESSING,,"Unit 4, Building 23",Call customer
O002336,2023-03-15 15:57:00,C00221,E0038,UPS,Electronics,10,9999,0,Cash,Processing,Marketplace,"Unit 9, Building 43",Urgent
O002337,2023-10-28 05:24:00,C00643,E0238, TABLET, Office Furniture,8,799,,Debit Card,Shipped,Store,69 Rizal St.,Urgent
O002338,2024-05-14 10:06:00,C00790,E0058,Mouse,Electronics,5,7999,0.1,cash,Pending,Store,"unit 5, building 29 ",
O002339,2022-06-28 17:48:00,C00520,E0056,Monitor, Computer Accessories ,5,999,0.05,Credit Card,Pending,Online,"Unit 3, Building 18",Gift order
O002340,2022-10-25 20:49:00,C00743,E0142,Projector,Computer Accessories,9,799,0.1,Bank Transfer,Cancelled,online,564 Mabini St.,Gift order
O002341,2025-11-14 21:49:00,C00165,E0169, tablet, Networking ,7,14999,0.05,Cash,DELIVERED ,,"Unit 8, Building 31",Call customer
O002342,2022-10-05 03:46:00,C00871,E0124,External Drive,Electronics,1,999,0.15,Credit Card, Delivered,Online,"Unit 16, Building 8",Gift order
O002343,2024-06-08 15:55:00,C00415,E0069,Webcam,Mobile Devices,2,19999,0,PayPal,Cancelled,,821 Mabini St.,
O002344,2023-07-13 23:39:00,C00434,E0144,Router, Electronics ,9,4999,0.15,Bank Transfer,Delivered,Store,972 Main St.,Call customer
O002345,2022-07-08 22:29:00,C00976,E0028,Webcam,,4,999,0.15,Bank Transfer,Shipped,STORE,"Unit 14, Building 48",
O002346,2022-01-03 09:23:00,C00310,E0046,Projector,Computer Accessories,9,9999,0.03,Credit Card,Cancelled,Online," UNIT 11, BUILDING 9",Urgent
O002347,2023-11-02 17:55:00,C00727,E0141,Printer,Mobile Devices,9,999,0,Credit Card,Shipped,Marketplace,"Unit 6, Building 5",Gift order
O002348,2024-02-06 14:40:00,C00661,E0174,Tablet,Networking,,499,,Debit Card,Cancelled,online,797 Mabini St.,Urgent
O002349,2023-04-19 20:53:00,C00383,E0153,Desk,Mobile Devices,4,2999,0.2,PayPal,Shipped,online,296 Bonifacio St.,Call customer
O002350,2024-06-11 03:12:00,C00332,E0234,External Drive ,Office Furniture,7,499,0.2,Debit Card,Shipped,STORE,970 Bonifacio St.,Call customer
O002351,2024-09-03 02:28:00,C00278,E0152,Tablet,Electronics,9,2999,,Debit Card,Delivered,online,630 Quezon St.,Urgent
O002352,2024-10-15 14:47:00,C00386,E0237,PRINTER,Computer Accessories,1,499,,GCash,Cancelled,,352 Rizal St.,Gift order
O002353,2023-08-22 05:41:00,C00852,E0168,Tablet,Mobile Devices,2,9999,0.2,Debit Card,Returned,STORE,909 Mabini St.,
O002354,2024-08-26 18:42:00,C00104,E0120,,Networking,3,7999,0,Cash,Shipped,Store,479 Main St.,Deliver after 5PM
O002355,2025-06-03 16:51:00,C00418,E0065, Desk,Electronics,6,799,0.03,PayPal,Pending,STORE,171 Quezon St.,Deliver after 5PM
O002356,2023-07-17 00:18:00,C00755,E0007,Headset,Office Furniture,7,499,,Cash,Cancelled,Marketplace,"Unit 14, Building 34",Call customer
O002357,2023-06-13 19:44:00,C00391,E0146,Office Chair,MOBILE DEVICES,6,14999,0.15,Bank Transfer,Delivered,Online,"Unit 12, Building 45",Urgent
O002358,2025-11-06 21:40:00,C00916,E0216,Keyboard,Computer Accessories,3,1499,0,Credit Card,,online,"Unit 13, Building 40",Gift order
O002359,2023-12-31 07:38:00,C00801,E0156,Mouse,Networking,10,799,0.15,Cash,Processing,Marketplace,537 Main St.,Urgent
O002360,2023-11-24 03:11:00,C00214,E0046,Printer,Electronics,8,1999,,Credit Card,Pending,Online,540 MABINI ST.,Urgent
O002361,2025-06-03 20:55:00,C00786,E0195,Mouse,Electronics,1,7999,0.15,Bank Transfer,Processing,Store,33 Quezon St.,Deliver after 5PM
O002362,2024-05-31 10:28:00,C00168,E0067, LAPTOP ,Mobile Devices,,799,0.03,PayPal,Returned,Online,,
O002363,2025-06-19 09:00:00,C00598,E0096,Webcam,Computer Accessories,8,9999,0,Cash,Delivered,Store, 271 MAIN ST.,Urgent
O002364,2023-01-19 14:36:00,C00122,E0108,Keyboard,Mobile Devices,3,1499,0.1,PayPal, CANCELLED,Online,295 Mabini St.,Urgent
O002365,2025-09-26 03:20:00,C00904,E0208,UPS,Networking,3,1499,0.05,Bank Transfer,Cancelled,online,994 Bonifacio St.,Call customer
O002366,2022-05-27 07:29:00,C00888,E0214,Webcam,Electronics,6,14999,0.1,GCash, shipped,STORE,666 Rizal St.,Urgent
O002367,2025-03-15 09:47:00,C00135,E0014,Mouse, Computer Accessories,10,19999,0,Cash,Cancelled,Store,905 Bonifacio St.,Urgent
O002368,2024-12-08 13:12:00,C00709,E0197,Keyboard,Mobile Devices,10,999,0.2,PayPal,Pending,Online,"Unit 6, Building 36",
O002369,2022-01-14 07:41:00,C00234,E0158,Router, Networking,7,1999,0,Cash,Pending,STORE,603 main st. ,Gift order
O002370,2022-10-28 08:59:00,C00799,E0108,Router,Electronics,9,2999,0.1,Cash,Shipped,, 837 MABINI ST. ,Urgent
O002371,2025-05-16 07:53:00,C00662,E0040, External Drive,Networking,10,1499,0.15,PayPal,Processing,online,171 Mabini St.,Gift order
O002372,2023-10-13 05:28:00,C00259,E0225,Laptop,Office Furniture,4,499,0.2,,Returned,,"Unit 14, Building 46",
O002373,2025-07-11 21:24:00,C00762,E0128,UPS, Computer Accessories ,7,2999,0.1,PayPal,Returned,Marketplace,,
O002374,2024-01-24 19:00:00,C00169,E0036,Smartphone,Office Furniture,3,1999,0.15,Debit Card,Shipped,Store,"Unit 2, Building 25",Deliver after 5PM
O002375,2022-04-19 23:18:00,C00967,E0078,Printer, OFFICE FURNITURE,5,499,,PayPal,,Store,539 Bonifacio St.,Call customer
O002376,2023-08-31 10:20:00,C00633,E0174,Webcam ,Networking,8,1999,,PayPal,Pending,Online,"Unit 11, Building 28",
O002377,2023-04-05 23:27:00,C00157,E0214,Monitor,Mobile Devices,10,4999,0.2,PayPal,Processing,online,578 Quezon St.,Deliver after 5PM
O002378,2023-10-17 19:27:00,C00205,E0186,Monitor, networking ,6,7999,0.2,Cash,Shipped,Online,"Unit 12, Building 20",
O002379,2023-01-03 08:23:00,C00840,E0010,router ,Mobile Devices,8,19999,0.15,PayPal,Delivered,STORE,879 Quezon St.,
O002380,2022-09-30 11:42:00,C00163,E0046,Keyboard , electronics ,2,2999,0.03,PayPal,Cancelled,Store, 172 Main St. ,Urgent
O002381,2025-09-01 19:41:00,C00416,E0179,Router,Networking,7,799,0.05,Bank Transfer,Processing,,"Unit 10, Building 36",Gift order
O002382,2022-06-12 08:25:00,C00158,E0032,Mouse, Electronics ,4,19999,0.15,,Processing,online,605 Mabini St.,Deliver after 5PM
O002383,2024-12-22 03:48:00,C00381,E0250,Monitor,Electronics,8,19999,,Debit Card, PROCESSING ,Store,524 Quezon St.,Call customer
O002384,2022-01-17 20:50:00,C00338,E0152,Tablet,Computer Accessories,4,999,0.05,,Returned,Marketplace,"Unit 1, Building 1",Call customer
O002385,2022-10-14 00:38:00,C00425,E0119,external drive ,Networking,6,14999,,Cash,Returned,,239 Main St.,
O002386,2022-11-23 07:22:00,C00327,E0054,Projector,Office Furniture,4,1499,0.05,Credit Card,Returned,Online,875 Rizal St.,Urgent
O002387,2023-05-29 10:37:00,C00652,E0125,Keyboard,Mobile Devices,3,999,0.15,Credit Card,Returned,,51 Bonifacio St.,Deliver after 5PM
O002388,2023-01-25 18:55:00,C00072,E0161,projector ,Office Furniture,6,799,0.1,Debit Card,Returned,,677 Main St.,Urgent
O002389,2022-05-07 22:39:00,C00282,E0164,Tablet,Electronics,4,19999,0.2,Credit Card,Returned,Online,"Unit 9, Building 34 ",Gift order
O002390,2025-04-21 18:13:00,C00273,E0155,Projector,Computer Accessories,5,4999,0.2,GCash,Cancelled,Online,106 Rizal St.,
O002391,2023-10-18 09:28:00,C00576,E0046,Projector,Mobile Devices,3,1999,0.2,Credit Card,Pending,online,405 Bonifacio St.,Urgent
O002392,2025-05-25 14:55:00,C00439,E0005,Keyboard,Mobile Devices,4,,0.1,Cash, Pending,Marketplace,681 Main St.,Gift order
O002393,2022-01-09 21:43:00,C00639,E0056,Webcam,Electronics,2,1499,,Cash,processing,,305 Quezon St.,Deliver after 5PM
O002394,2025-11-06 08:15:00,C00250,E0169,Office Chair, Computer Accessories,3,999,0.05,PayPal,Shipped,STORE,"Unit 5, Building 5",
O002395,2024-02-07 19:55:00,C00906,E0134,Projector,Electronics,,1999,,Bank Transfer,Processing,Marketplace,910 Main St.,Urgent
O002396,2023-10-19 20:48:00,C00584,E0029,Mouse,Computer Accessories,8,1999,0.03,Cash,Cancelled,Online,577 Main St.,Urgent
O002397,2025-07-05 16:23:00,C00720,E0061,Projector ,Computer Accessories,2,999,0.1,Cash,Delivered,,304 Quezon St.,Urgent
O002398,2022-08-12 17:52:00,C00224,E0090,Tablet,Office Furniture,10,1499,0.03,GCash,Shipped,,"Unit 7, Building 11",
O002399,2023-05-23 06:54:00,C00885,E0078,Mouse,Mobile Devices,1,4999,0.05,Credit Card,Shipped,Online,680 Rizal St.,Gift order
O002400,2024-02-13 08:48:00,C00561,E0177,UPS,Mobile Devices,6,19999,,PayPal,Processing,Online,758 Main St.,Gift order
O002401,2023-04-09 23:31:00,C00343,E0070,SMARTPHONE,Mobile Devices,6,1999,0,Debit Card,Cancelled,Store,"Unit 6, Building 10",
O002402,2023-07-02 22:02:00,C00680,E0078,Router,Computer Accessories,2,,0,Cash,Shipped,,"Unit 4, Building 3",Call customer
O002403,2024-01-01 03:37:00,C00427,E0096,Projector,Office Furniture,7,1499,0.05,GCash ,Cancelled,Marketplace,604 Quezon St.,
O002404,2025-11-08 02:24:00,C00488,E0118,UPS,Electronics,3,4999,0.1,Cash ,Delivered,Marketplace,"Unit 15, Building 40",
O002405,2025-10-24 21:38:00,C00829,E0092,Mouse,Computer Accessories,7,7999,0.03,Credit Card,Cancelled,STORE,666 Main St.,
O002406,2025-08-06 21:52:00,C00490,E0091,Monitor,Office Furniture,10,1499,0.03, Bank Transfer ,Processing,STORE,"Unit 16, Building 43",Deliver after 5PM
O002407,2023-11-20 09:40:00,C00218,E0071,monitor ,Networking,8,14999,0.15,PayPal, shipped ,Online,407 Mabini St.,Call customer
O002408,2025-12-21 00:14:00,C00331,E0094,Headset,Office Furniture,1,799,0,GCash, returned,Store,"Unit 8, Building 24",Deliver after 5PM
O002409,2024-01-03 13:16:00,C00594,E0168, TABLET ,Networking,7,2999,, paypal,Cancelled,online,,Deliver after 5PM
O002410,2022-01-25 08:18:00,C00109,E0001,Laptop, networking ,9,1499,,Credit Card,Returned,Marketplace,"Unit 2, Building 42",Call customer
O002411,2022-06-29 11:09:00,C00206,E0245,Laptop,Office Furniture,3,799,0.03,gcash,Delivered,Marketplace,790 Rizal St.,Urgent
O002412,2024-05-05 00:01:00,C00701,E0193,Webcam,Mobile Devices,7,19999,0.05,PayPal,Processing,online,"Unit 18, Building 35",
O002413,2022-03-05 05:48:00,C00326,E0039,,Computer Accessories,6,1499,,Debit Card,Pending,Store,"Unit 4, Building 23",Gift order
O002414,2022-05-09 19:21:00,C00673,E0226,Printer,Electronics,7,7999,,PAYPAL ,Processing,,354 Main St.,Gift order
O002415,2024-03-29 11:34:00,C00470,E0105,,Mobile Devices,9,2999,0.2,PayPal,Shipped,online,957 Quezon St.,Urgent
O002416,2022-08-11 22:38:00,C00432,E0078,Router,Networking ,2,7999,,Cash,Cancelled,STORE,337 Main St.,Deliver after 5PM
O002417,2022-02-01 19:05:00,C00697,E0011,Laptop,Electronics,1,999,0.15,Cash,Processing,Marketplace,575 Bonifacio St.,Deliver after 5PM
O002418,2022-03-16 13:43:00,C00181,E0208,UPS, Electronics,8,799,0.1,GCash,Returned,Store,"Unit 6, Building 17",
O002419,2025-04-22 09:40:00,C00185,E0039,Office Chair,Mobile Devices,10,19999,0.05,GCash,Shipped,Store,107 Mabini St.,Urgent
O002420,2023-05-07 05:05:00,C00527,E0199, Keyboard ,Office Furniture,2,14999,0.2,Cash,Shipped,Online,290 Quezon St.,Deliver after 5PM
O002421,2025-01-17 04:15:00,C00733,E0163,Printer,Office Furniture,4,799,0.2,Bank Transfer,Shipped,Store,"unit 7, building 19",
O002422,2024-08-24 14:05:00,C00371,E0238, LAPTOP ,Electronics,7,14999,0.1,Cash,Pending,Store,84 Main St.,
O002423,2023-01-27 14:06:00,C00153,E0202,Keyboard,Electronics,5,14999,0.15,GCash,Delivered,Marketplace,912 Bonifacio St.,Urgent
O002424,2024-11-19 18:43:00,C00864,E0110,external drive,Office Furniture,2,7999,0.15,GCash,Delivered,Online, 739 QUEZON ST. ,
O002425,2025-06-30 00:41:00,C00262,E0006,Smartphone,,7,799,,Debit Card,,STORE,"Unit 7, Building 31",Call customer
O002426,2024-02-08 04:08:00,C00096,E0145,Webcam,Computer Accessories,1,19999,0.03,GCash,Returned,STORE,"Unit 3, Building 26",
O002427,2024-06-23 02:37:00,C00259,E0076,Projector,Computer Accessories,6,7999,0,GCash,Shipped,online,453 Rizal St.,
O002428,2024-08-10 12:24:00,C00078,E0089,printer,Networking,8,14999,0.1,,Cancelled,Marketplace,573 Main St.,
O002429,2023-11-28 06:49:00,C00096,E0111,Office Chair,MOBILE DEVICES ,2,19999,0.03,GCash,Processing,,455 Bonifacio St.,Gift order
O002430,2025-05-27 04:34:00,C00268,E0134,Monitor,Computer Accessories,4,14999,0.03,Cash,Pending,,"Unit 11, Building 4",Call customer
O002431,2025-09-24 05:05:00,C00188,E0138,Webcam,Computer Accessories,3,799,0.2,Debit Card,delivered ,Store,"Unit 3, Building 10",Call customer
O002432,2025-09-01 09:12:00,C00478,E0132,Smartphone,Electronics,5,1499,0,Cash,Cancelled,,612 Mabini St.,Gift order
O002433,2022-11-26 07:59:00,C00476,E0056,Webcam,Office Furniture,7,14999,0,Credit Card,Processing,online,"Unit 10, Building 5",
O002434,2022-01-13 19:19:00,C00501,E0143,external drive,Electronics,8,1999,,,Processing,STORE,429 Main St.,Urgent
O002435,2025-11-01 07:48:00,C00417,E0242,Printer,Computer Accessories,9,799,0.1,PayPal,Pending,STORE,"Unit 10, Building 30",Urgent
O002436,2022-01-20 07:53:00,C00846,E0013, EXTERNAL DRIVE ,Computer Accessories,1,799,0,PayPal,Returned,Store,"UNIT 6, BUILDING 6",
O002437,2025-05-22 17:36:00,C00864,E0058,Office Chair,Electronics,7,4999,0.2,, returned,STORE,402 Main St.,Gift order
O002438,2023-09-21 08:31:00,C00143,E0076,Tablet,Office Furniture,8,1999,0.03,PayPal,Delivered,Store,583 Main St.,Deliver after 5PM
O002439,2023-08-15 02:44:00,C00130,E0238,Tablet,Networking,,7999,0.05,Debit Card,Returned,,"Unit 15, Building 34",Call customer
O002440,2023-09-16 10:24:00,C00569,E0241,Smartphone,Computer Accessories,10,9999,0,PayPal,Returned,Store,"UNIT 18, BUILDING 42 ",Deliver after 5PM
O002441,2025-08-25 22:06:00,C00348,E0110,Smartphone,Office Furniture,7,14999,0,GCash,Returned,,"Unit 15, Building 50",Gift order
O002442,2023-02-28 20:33:00,C00654,E0101,Monitor,Mobile Devices,7,14999,0.1,PayPal,cancelled,Online,"Unit 2, Building 35",
O002443,2022-12-25 17:37:00,C00684,E0240, MOUSE,Mobile Devices,7,,0.2,,Returned,Store,"Unit 15, Building 32",Gift order
O002444,2022-04-09 05:22:00,C00852,E0177,Smartphone, mobile devices ,4,7999,0,Credit Card,Shipped,online,"Unit 19, Building 31",Call customer
O002445,2022-01-02 16:23:00,C00450,E0038,Desk,Electronics,9,4999,0.03,Bank Transfer,Processing,STORE,929 Bonifacio St.,Call customer
O002446,2022-08-03 23:44:00,C00270,E0044,Webcam,Mobile Devices,8,9999,0,Credit Card,Cancelled,online,"Unit 10, Building 8",
O002447,2025-07-04 11:30:00,C00180,E0207,Webcam,Computer Accessories,7,999,,Bank Transfer,Shipped,Marketplace,"Unit 9, Building 28",Deliver after 5PM
O002448,2023-04-15 02:17:00,C00555,E0148,Projector,Electronics,10,14999,0,Debit Card,processing ,Marketplace,270 Bonifacio St.,
O002449,2025-05-21 03:31:00,C00478,E0191,Office Chair,Networking,6,799,0.15, bank transfer ,Returned,STORE,468 Mabini St.,Urgent
O002450,2025-09-02 18:14:00,C00050,E0077,Printer,Mobile Devices,5,19999,0, paypal ,Delivered,,729 Bonifacio St.,Urgent
O002451,2023-07-21 16:25:00,C00831,E0050,Printer,Office Furniture,7,2999,0.15,GCash,Processing,Marketplace,"Unit 16, Building 2",
O002452,2023-04-14 21:12:00,C00647,E0015,Desk,Networking,2,1999,0.1,PayPal,Delivered,online,"Unit 16, Building 2",Call customer
O002453,2022-12-12 00:22:00,C00542,E0168,Keyboard,Electronics,9,499,0,CREDIT CARD ,Delivered,STORE,492 Main St.,Urgent
O002454,2023-05-19 04:26:00,C00650,E0161,Printer,Networking,4,1999,0,Debit Card,Returned,STORE,145 Rizal St.,Deliver after 5PM
O002455,2025-08-09 10:50:00,C00255,E0088,Tablet,Office Furniture,8,4999,,Cash,Cancelled,Store,"Unit 2, Building 8",Gift order
O002456,2023-09-19 09:05:00,C00578,E0132,Printer,Mobile Devices,7,999,0.2,PayPal,Shipped,Online,437 Bonifacio St.,Call customer
O002457,2024-02-09 17:10:00,C00964,E0094,Office Chair,Electronics,9,799,0,Debit Card,,,17 Main St.,Deliver after 5PM
O002458,2022-07-05 03:40:00,C00529,E0054,Tablet, NETWORKING ,7,799,0.15,GCash,Returned,STORE,305 Rizal St.,Urgent
O002459,2024-01-10 07:28:00,C00639,E0213,Tablet,Office Furniture,,999,0.05,Debit Card,Pending,Online,749 Bonifacio St.,Deliver after 5PM
O002460,2022-10-14 03:41:00,C00517,E0061,Tablet,Networking,10,19999,0,Credit Card,Shipped,Store,"Unit 11, Building 16",
O002461,2022-03-11 05:51:00,C00377,E0076,Printer,,10,9999,0.03,Debit Card,Shipped,STORE," UNIT 5, BUILDING 16",
O002462,2025-03-05 10:57:00,C00542,E0039, Webcam,Networking,5,1499,0.1,Cash,Cancelled,Online,858 MABINI ST.,Deliver after 5PM
O002463,2023-03-25 06:40:00,C00394,E0202,Mouse,Computer Accessories,4,1999,0.03,PayPal,Shipped,STORE,"Unit 4, Building 41",Gift order
O002464,2024-01-10 16:46:00,C00050,E0178,Headset, Electronics ,9,4999,0.05,Cash,Returned,Online,,
O002465,2023-05-18 10:42:00,C00228,E0033,Printer,Mobile Devices,6,799,0.1,PayPal,Processing,Online,"Unit 5, Building 39",
O002466,2024-01-26 20:22:00,C00104,E0120,Projector,Computer Accessories,3,9999,0.2, bank transfer,Delivered,Store,117 Quezon St.,Gift order
O002467,2025-05-28 12:27:00,C00295,E0157,MOUSE ,Networking,9,1999,0.15,Debit Card,cancelled ,Marketplace,858 Bonifacio St.,Urgent
O002468,2024-10-26 15:47:00,C00339,E0005,Keyboard,Mobile Devices,4,1999,,debit card,Shipped,Store,877 Quezon St.,
O002469,2024-02-26 18:11:00,C00262,E0023,Webcam,Computer Accessories,7,799,,Credit Card,Cancelled,Online,147 Main St.,Deliver after 5PM
O002470,2025-03-09 05:13:00,C00287,E0249,Smartphone, office furniture ,10,19999,0.2,PayPal,Pending,online,833 Bonifacio St.,
O002471,2024-04-06 09:18:00,C00961,E0166,Office Chair, Mobile Devices ,1,7999,0.03,Credit Card,Cancelled,Online,91 Bonifacio St.,Urgent
O002472,2023-02-13 02:56:00,C00994,E0153,UPS,Networking,7,999,0.15,Bank Transfer,Returned,Online,372 Quezon St.,Urgent
O002473,2023-06-06 04:21:00,C00374,E0190,External Drive,Electronics,3,,0.15,GCash,Delivered,Marketplace,"Unit 10, Building 28",Urgent
O002474,2023-11-30 09:41:00,C00432,E0001,Keyboard,Office Furniture,,9999,0.03,Cash,Delivered,,844 Bonifacio St.,Call customer
O002475,2022-11-30 01:06:00,C00701,E0226,Tablet,Networking,10,7999,0,Cash,Delivered,,846 Mabini St.,Deliver after 5PM
O002476,2025-01-30 11:52:00,C00533,E0103,Webcam,Computer Accessories,10,799,0.05,Debit Card,Returned,Online,"Unit 8, Building 17",Urgent
O002477,2022-04-11 16:52:00,C00749,E0125,External Drive,Networking,5,9999,0.03,,Pending,Online,375 Quezon St.,
O002478,2022-02-23 23:58:00,C00663,E0226,Mouse,Computer Accessories,5,9999,0.15, GCASH,Delivered,STORE," UNIT 18, BUILDING 17 ",Call customer
O002479,2022-12-11 18:59:00,C00690,E0236,Monitor,Electronics,8,,0.03,Cash, PROCESSING,Online,"Unit 11, Building 45",Deliver after 5PM
O002480,2025-06-17 15:07:00,C00296,E0016,UPS,Networking,8,7999,0.1,Debit Card,Processing,Marketplace,"Unit 20, Building 49",Deliver after 5PM
O002481,2025-05-07 06:31:00,C00739,E0137,Tablet,Mobile Devices,10,2999,0.1,Bank Transfer, pending,Store,"Unit 8, Building 26",Call customer
O002482,2025-12-07 15:25:00,C00917,E0128,Projector,Computer Accessories,6,999,0.2,Debit Card,Cancelled,Online,122 Mabini St.,Deliver after 5PM
O002483,2024-02-28 18:45:00,C00737,E0142,External Drive,Mobile Devices,6,9999,0.1,Bank Transfer,Cancelled,Marketplace, 309 Mabini St. ,
O002484,2024-11-10 20:56:00,C00922,E0175,Office Chair,Electronics,2,1999,0.03,GCash,Shipped,,"Unit 16, Building 14",
O002485,2023-06-13 03:27:00,C00537,E0224,Office Chair,Office Furniture,4,14999,0,,Pending,Online,877 Bonifacio St.,Deliver after 5PM
O002486,2022-09-19 17:13:00,C00237,E0134,Office Chair,Office Furniture,1,499,0.03,Credit Card,Delivered,Store,"Unit 6, Building 23",
O002487,2024-01-08 14:31:00,C00456,E0138,External Drive,MOBILE DEVICES,8,2999,0.15,Debit Card,Returned,Store,164 Bonifacio St.,Gift order
O002488,2025-04-09 02:37:00,C00053,E0178,,Office Furniture,2,7999,0, debit card,Returned,Marketplace,"Unit 18, Building 30",Deliver after 5PM
O002489,2023-03-04 21:43:00,C00768,E0034,UPS,Office Furniture,9,19999,0.2,Credit Card,Processing,Online,"Unit 14, Building 7",Urgent
O002490,2024-10-27 15:37:00,C00518,E0212,KEYBOARD , Electronics ,4,799,0.15,GCash,Returned,online,"Unit 4, Building 24",Deliver after 5PM
O002491,2024-05-01 11:10:00,C00630,E0135,Laptop,Computer Accessories,4,499,0.1,Bank Transfer,Processing,," Unit 14, Building 28 ",Gift order
O002492,2023-08-01 02:53:00,C00354,E0171,External Drive,Computer Accessories,4,14999,0.1, debit card,Returned,,692 Rizal St.,
O002493,2022-02-26 14:17:00,C00657,E0211,Mouse, Networking,3,1999,0.03,Cash,,Marketplace,"Unit 8, Building 47",Urgent
O002494,2024-08-15 05:59:00,C00011,E0158,Laptop,Office Furniture,1,9999,0.2,Cash,Shipped,STORE,517 Quezon St.,Deliver after 5PM
O002495,2024-05-09 15:15:00,C00382,E0042,Mouse,Mobile Devices,4,19999,,Credit Card,Pending,STORE,"Unit 3, Building 26",
O002496,2024-01-14 02:29:00,C00441,E0101,Smartphone,Networking,8,999,0.2,PayPal,Shipped,Marketplace,,Gift order
O002497,2024-10-31 22:03:00,C00039,E0160,External Drive, computer accessories,6,999,0.05,Debit Card,Returned,Store,850 Bonifacio St.,Urgent
O002498,2025-04-19 19:07:00,C00224,E0223,Mouse, NETWORKING ,6,7999,0.05,Cash,Delivered,,749 Quezon St.,Gift order
O002499,2024-12-31 23:03:00,C00671,E0150,Tablet,Office Furniture,9,7999,0.1,Cash,Shipped,,"Unit 5, Building 29",Deliver after 5PM
O002500,2023-08-29 05:40:00,C00902,E0103,External Drive,Networking,8,19999,0.05,PayPal,Shipped,online,"UNIT 19, BUILDING 15",
O002501,2024-10-22 16:40:00,C00952,E0044,Webcam ,Office Furniture,1,999,0.15,Credit Card,Pending,Online, 982 main st. ,Deliver after 5PM
O002502,2022-10-13 04:58:00,C00640,E0224,Headset,Networking,,7999,0.2,Credit Card,Processing,Online,924 Main St.,Call customer
O002503,2022-11-30 03:09:00,C00495,E0246,Printer,NETWORKING,1,4999,0,GCash,Processing,,445 Bonifacio St.,
O002504,2022-12-25 14:25:00,C00048,E0173,Webcam,Networking,10,499,0.05,GCash,Cancelled,,918 Mabini St.,Gift order
O002505,2023-08-17 10:14:00,C00772,E0157,Laptop,Mobile Devices,1,799,0.05,Debit Card,,Marketplace,980 Bonifacio St.,Deliver after 5PM
O002506,2023-05-05 17:56:00,C00995,E0198,Projector,Office Furniture,8,14999,0.05,Debit Card,Returned,Online,"Unit 8, Building 28",
O002507,2024-05-03 05:53:00,C00566,E0018,Tablet,Computer Accessories,4,499,0.2,Credit Card,Returned,Marketplace,"Unit 1, Building 17",Call customer
O002508,2022-10-26 20:03:00,C00523,E0157,Laptop,Networking,7,19999,,Credit Card,Returned,,,Urgent
O002509,2022-10-09 00:45:00,C00369,E0027,Keyboard,Electronics,8,9999,0.15,,Processing,, 22 rizal st. ,
O002510,2022-08-13 01:35:00,C00792,E0246,,Mobile Devices,10,999,0,GCash,Pending,Marketplace,108 Quezon St.,Call customer
O002511,2022-04-24 02:55:00,C00919,E0094,Office Chair,Mobile Devices,3,1999,0.2,GCash, cancelled,,763 Main St.,
O002512,2024-12-01 07:30:00,C00415,E0055,Keyboard,Computer Accessories,9,7999,0.15,Bank Transfer,Shipped,STORE,263 Bonifacio St.,Deliver after 5PM
O002513,2022-02-17 00:06:00,C00657,E0016,Tablet,Electronics,4,799,0.1,Bank Transfer,Shipped,Online,165 Mabini St.,
O002514,2024-10-28 22:51:00,C00291,E0020,Office Chair,Electronics,5,999,0.1,Debit Card,Returned,STORE,"Unit 3, Building 43",Urgent
O002515,2025-03-07 23:56:00,C00651,E0149,TABLET,Computer Accessories,6,1499,0.2,Bank Transfer,Shipped,Online,535 Main St.,
O002516,2023-02-12 12:09:00,C00641,E0051,Router,Office Furniture,5,19999,0.2,Credit Card,Shipped,,"Unit 11, Building 18",Urgent
O002517,2022-06-27 17:11:00,C00893,E0234,Keyboard,NETWORKING,1,4999,0.2,Debit Card,Delivered,,"Unit 20, Building 33",Urgent
O002518,2024-12-02 13:31:00,C00761,E0155,UPS,Office Furniture,4,1499,0.15,Credit Card,Cancelled,Marketplace,585 Quezon St.,
O002519,2023-10-21 17:01:00,C00221,E0017,Router,Computer Accessories,2,2999,, credit card ,SHIPPED,STORE,844 Rizal St.,Gift order
O002520,2025-11-09 07:06:00,C00332,E0236,Webcam,,8,999,0.03,Cash,Returned,online,920 Main St.,
O002521,2024-09-19 09:42:00,C00121,E0166,Projector, office furniture ,6,1999,0.1,PayPal,Cancelled,Store,"Unit 4, Building 23",
O002522,2023-10-16 14:34:00,C00091,E0233,External Drive,Computer Accessories,4,19999,0,PayPal, PENDING ,Online,"Unit 5, Building 36",Deliver after 5PM
O002523,2022-05-14 11:37:00,C00976,E0083,Smartphone,Mobile Devices,7,499,0.05,Cash,Shipped,STORE,32 Main St.,
O002524,2025-10-25 12:16:00,C00860,E0064,,Office Furniture,2,,0,Credit Card,Pending,Store,"Unit 1, Building 40",
O002525,2024-11-15 21:58:00,C00522,E0106,Headset,Office Furniture,2,799,0.2,Debit Card,Returned,Store,116 Bonifacio St.,Urgent
O002526,2025-07-05 03:31:00,C00202,E0039,,Computer Accessories,5,999,0,Cash ,Processing,Marketplace, 718 Rizal St. ,Gift order
O002527,2022-01-28 02:11:00,C00716,E0037,Office Chair,Computer Accessories,5,999,0,Credit Card, Cancelled ,Store,,Urgent
O002528,2023-07-27 07:57:00,C00221,E0008,Desk,Office Furniture,9,4999,0,Bank Transfer,,Online,"Unit 2, Building 16",Call customer
O002529,2024-04-30 14:24:00,C00992,E0071,Projector,Computer Accessories,4,1999,0.03,PayPal,Pending,online,137 Main St.,Call customer
O002530,2023-08-07 03:18:00,C00541,E0066,Keyboard,Networking,7,799,0.03,GCash,Processing,Store,651 Quezon St.,Urgent
O002531,2024-08-16 15:09:00,C00890,E0132,Printer, COMPUTER ACCESSORIES ,10,499,0,Debit Card,Delivered,STORE,"Unit 6, Building 4",
O002532,2024-04-10 16:04:00,C00915,E0193,Monitor,Computer Accessories,9,9999,0,GCash,Pending,STORE,"Unit 6, Building 39",
O002533,2024-01-29 05:57:00,C00105,E0203,Keyboard,Office Furniture,1,4999,,Credit Card,Shipped,,956 Bonifacio St.,
O002534,2023-09-24 18:18:00,C00710,E0210,Router,networking ,3,799,0.2,Bank Transfer,Cancelled ,STORE,717 Mabini St.,Urgent
O002535,2022-08-25 15:55:00,C00047,E0068,Printer,Electronics,10,14999,0.03,GCash,Pending,,864 Bonifacio St.,
O002536,2022-03-27 19:28:00,C00223,E0084,Monitor,,1,7999,0.1,GCash,Processing,STORE,"Unit 8, Building 43",Call customer
O002537,2025-11-16 12:39:00,C00589,E0013,Laptop,Mobile Devices,7,4999,0.15,Bank Transfer,Processing,STORE,606 Mabini St.,
O002538,2023-02-24 08:57:00,C00774,E0188,Headset,Office Furniture,7,499,0.1,Cash,Returned,,406 Bonifacio St.,Gift order
O002539,2024-10-13 22:58:00,C00810,E0178,Webcam,Networking,1,799,0.15,Bank Transfer,Cancelled,Online,256 Bonifacio St.,
O002540,2023-10-29 18:53:00,C00974,E0172,Headset,Networking,7,14999,0.05,Credit Card,Cancelled,Store,"Unit 12, Building 9",Call customer
O002541,2025-07-17 01:40:00,C00904,E0028,Printer,Computer Accessories,6,1999,0.03,PayPal,Returned,Online,,Gift order
O002542,2025-09-17 23:16:00,C00932,E0213,Projector,Computer Accessories,10,9999,0.1, Bank Transfer ,Cancelled,STORE,273 Quezon St.,Call customer
O002543,2022-07-25 10:42:00,C00219,E0234,,Electronics,10,9999,0.03, Bank Transfer,Delivered,Store,"UNIT 2, BUILDING 20",
O002544,2022-05-03 15:09:00,C00629,E0072,Projector,Electronics,10,14999,0.2,Cash,Cancelled,STORE,873 Rizal St.,Deliver after 5PM
O002545,2023-04-13 22:41:00,C00751,E0010,Laptop,Computer Accessories,5,499,0.1,PayPal,,Marketplace,"Unit 12, Building 48",
O002546,2024-08-30 12:03:00,C00910,E0108,Router,Mobile Devices ,9,7999,0.03,GCash,Shipped,Store,"Unit 16, Building 29",Call customer
O002547,2023-09-06 13:55:00,C00038,E0023,Keyboard,Computer Accessories,5,19999,0.15,Debit Card,Cancelled,Store, 786 MAIN ST. ,Gift order
O002548,2023-10-06 04:10:00,C00476,E0096,Laptop,Mobile Devices,10,999,0,,Processing,STORE,"Unit 1, Building 28",Urgent
O002549,2024-12-20 04:32:00,C00992,E0114,Keyboard,Office Furniture,10,19999,0.2,GCash,Pending,Online,195 Quezon St.,
O002550,2025-12-14 00:01:00,C00227,E0018,Mouse,OFFICE FURNITURE,10,7999,0.05,Credit Card,Returned,Online,"Unit 15, Building 21",Deliver after 5PM
O002551,2022-06-09 03:04:00,C00702,E0225,Laptop,Mobile Devices,1,14999,,PayPal,Cancelled,,"Unit 17, Building 8",
O002552,2023-06-30 07:35:00,C00647,E0073,Laptop,Computer Accessories,1,799,,Debit Card,Delivered,Online,"Unit 2, Building 22",Deliver after 5PM
O002553,2024-05-27 04:46:00,C00900,E0051, Laptop ,Electronics,2,9999,0.15,Debit Card,Processing,online,"Unit 12, Building 16",
O002554,2024-04-02 19:52:00,C00413,E0155,Keyboard,Electronics,3,4999,0.2,Bank Transfer,Shipped,,746 Rizal St.,
O002555,2023-03-17 14:24:00,C00062,E0054,Webcam,Office Furniture,1,999,0.05,,Delivered,STORE,970 Quezon St.,Urgent
O002556,2024-06-02 14:53:00,C00032,E0160,Printer,Mobile Devices,4,799,0.2, PAYPAL,,STORE, 80 quezon st.,Urgent
O002557,2023-11-08 20:28:00,C00729,E0080,External Drive, Networking ,3,4999,0.15,Debit Card,Cancelled,Marketplace,200 Mabini St.,
O002558,2024-11-09 10:28:00,C00734,E0027,External Drive,Office Furniture,4,4999,0.1,Credit Card,Returned,Marketplace,"Unit 6, Building 22",Gift order
O002559,2025-11-17 20:03:00,C00859,E0243,Headset,Mobile Devices,1,4999,,PayPal, PROCESSING ,, 866 Rizal St.,Urgent
O002560,2022-08-15 20:25:00,C00077,E0195, smartphone ,Electronics,9,499,0.05,PayPal, Processing ,STORE,910 Mabini St.,Gift order
O002561,2023-09-30 16:55:00,C00663,E0105,Tablet,Electronics,9,14999,,Credit Card,Pending,Store,383 Quezon St.,
O002562,2023-07-02 05:51:00,C00619,E0096,Keyboard,Electronics,5,799,0.15,Bank Transfer,Shipped,STORE,,Call customer
O002563,2023-08-18 23:58:00,C00014,E0089,laptop ,mobile devices,2,1999,0.05,PayPal,Shipped,,"Unit 6, Building 15",Deliver after 5PM
O002564,2025-05-17 14:08:00,C00288,E0018,,Networking,6,499,0.03,Cash,Pending,STORE,578 Rizal St.,Gift order
O002565,2022-12-10 19:28:00,C00734,E0155,Tablet,Computer Accessories,5,9999,0.05,Debit Card,Shipped,Marketplace,677 Main St.,
O002566,2025-05-31 23:41:00,C00555,E0102,desk ,Electronics,10,4999,0.03,Bank Transfer ,Processing,Online, 11 rizal st. ,
O002567,2023-05-16 04:24:00,C00418,E0110,Desk,Networking,10,9999,0.15,Debit Card,Pending,,246 Bonifacio St.,
O002568,2025-05-13 00:16:00,C00244,E0106,External Drive,Office Furniture,1,2999,,Debit Card,Returned,STORE,267 Mabini St.,
O002569,2024-04-20 14:00:00,C00176,E0105,External Drive,Electronics,1,2999,0.03,Cash,Cancelled,Online,"Unit 10, Building 18",Gift order
O002570,2023-04-14 17:36:00,C00973,E0079,Router,Mobile Devices,3,999,0,Bank Transfer,Returned,,347 Quezon St.,Call customer
O002571,2022-08-13 13:15:00,C00040,E0196,Laptop,Mobile Devices,10,999,0.05,CREDIT CARD,Pending,Online,"Unit 16, Building 46",
O002572,2022-09-11 14:39:00,C00901,E0062,UPS,Networking,10,499,0,PayPal,Returned,Store,720 Main St.,Deliver after 5PM
O002573,2025-04-14 22:18:00,C00117,E0016,Keyboard,Electronics,6,7999,0.05,Bank Transfer,Returned,Marketplace,"Unit 3, Building 4",Gift order
O002574,2024-03-22 18:24:00,C00133,E0122,EXTERNAL DRIVE ,Mobile Devices,3,2999,,PayPal,Returned,Online,"unit 5, building 33",Urgent
O002575,2022-05-31 16:22:00,C00450,E0157,Smartphone,Office Furniture,6,4999,0.15,Debit Card,Pending,online,682 Quezon St.,Urgent
O002576,2023-08-14 00:40:00,C00787,E0160,Desk,Mobile Devices,3,1999,0.15,GCash,Delivered,online,"Unit 1, Building 4",Deliver after 5PM
O002577,2022-09-01 12:52:00,C00435,E0070,smartphone,Electronics,2,1499,0.2,Credit Card,Pending,Online," unit 12, building 32",Gift order
O002578,2024-11-05 09:39:00,C00015,E0176,Projector,Office Furniture,9,999,0.1,,Processing,Store,809 Rizal St.,Call customer
O002579,2022-04-16 07:23:00,C00498,E0042,Smartphone, Electronics ,4,1499,0.05,PayPal,Shipped,,"Unit 12, Building 6",Call customer
O002580,2025-03-07 12:03:00,C00273,E0125, Monitor,Networking,7,499,0.1,GCash,Cancelled,STORE,"Unit 4, Building 44",Deliver after 5PM
O002581,2024-12-07 01:01:00,C00244,E0104,Laptop,Computer Accessories,4,999,0.2,cash, RETURNED ,STORE,"Unit 8, Building 12",
O002582,2024-02-08 17:14:00,C00713,E0015,Projector,Electronics,6,799,0,Cash,Processing,Store,169 Quezon St.,Call customer
O002583,2024-11-12 17:14:00,C00035,E0185,UPS, Mobile Devices ,10,14999,0.03,PayPal,CANCELLED ,Marketplace,516 Quezon St.,Deliver after 5PM
O002584,2024-08-11 02:33:00,C00921,E0197,Headset, NETWORKING,10,14999,0,Cash,Returned,STORE,452 Main St.,
O002585,2022-10-29 05:00:00,C00415,E0080,Smartphone,Office Furniture,4,2999,0.03,Debit Card, Shipped ,STORE,923 Bonifacio St.,Call customer
O002586,2022-07-29 08:15:00,C00936,E0060,Desk,Computer Accessories,10,1999,0.1,Cash,pending ,Online,299 Mabini St.,Urgent
O002587,2023-10-26 19:02:00,C00090,E0120,Monitor,Office Furniture,6,1999,0.15,Cash,Cancelled,online,845 Bonifacio St.,Gift order
O002588,2022-06-25 04:28:00,C00620,E0212,Webcam,Mobile Devices,10,999,0,Credit Card,Pending,Marketplace," UNIT 15, BUILDING 50 ",
O002589,2022-11-12 04:58:00,C00029,E0009,Monitor,MOBILE DEVICES,10,4999,0.2,PAYPAL,Returned,Store,"Unit 3, Building 37",Call customer
O002590,2023-09-12 01:23:00,C00648,E0088,Desk,Computer Accessories,,1999,0,,Cancelled,Marketplace,"Unit 19, Building 5",Urgent
O002591,2024-10-18 10:00:00,C00924,E0046,Projector,,4,19999,0.15,Credit Card,Shipped,Online,"Unit 11, Building 36",Call customer
O002592,2022-11-12 01:36:00,C00775,E0041, external drive ,Networking,9,1999,0.2,GCash,Delivered,Online,818 rizal st.,
O002593,2022-11-24 21:37:00,C00785,E0166,Headset,mobile devices,1,7999,0.05,Debit Card,Pending,Marketplace,"Unit 14, Building 41",Urgent
O002594,2024-06-17 12:04:00,C00733,E0180,Headset,Office Furniture,3,7999,,PayPal,Delivered,Marketplace,"Unit 12, Building 43",
O002595,2023-12-17 00:56:00,C00379,E0131,Projector,Computer Accessories,2,,,GCash,Shipped,online,"Unit 5, Building 18",Call customer
O002596,2025-08-22 04:24:00,C00985,E0074,Printer,Mobile Devices,5,4999,0.03,Credit Card,,,507 Rizal St.,Deliver after 5PM
O002597,2023-08-14 00:41:00,C00833,E0239,Keyboard,Networking,5,2999,0.1,GCash, CANCELLED,Store,269 Quezon St.,Deliver after 5PM
O002598,2025-12-14 08:18:00,C00695,E0095,Tablet,Mobile Devices,7,999,0.05,Credit Card,Delivered,online,"Unit 20, Building 36",
O002599,2025-10-21 18:16:00,C00837,E0113, MONITOR,Electronics,1,499,,Credit Card,Cancelled,Marketplace,"Unit 10, Building 38",Gift order
O002600,2025-12-05 12:42:00,C00437,E0166,Keyboard,office furniture,,4999,0.1,Cash,Processing,Store,"Unit 11, Building 31",Call customer
O002601,2022-06-03 17:18:00,C00328,E0058,Headset,Office Furniture,3,4999,0.2,Debit Card, shipped,Marketplace,683 Main St.,Call customer
O002602,2022-05-18 23:34:00,C00077,E0098,Router,Electronics,9,14999,0,PayPal,Pending,Online,867 Bonifacio St.,Gift order
O002603,2023-07-25 17:48:00,C00988,E0148,Laptop,Electronics,5,9999,,Credit Card,Delivered,Store,165 Mabini St.,Gift order
O002604,2023-07-05 19:28:00,C00380,E0087,Monitor,Computer Accessories,8,2999,0,Debit Card,Processing,Store, 607 BONIFACIO ST. ,Urgent
O002605,2024-04-28 07:47:00,C00708,E0190,Keyboard,Mobile Devices,6,14999,0.1,PayPal,Shipped,Marketplace,469 Quezon St.,Call customer
O002606,2024-08-20 11:38:00,C00837,E0146,Smartphone,Mobile Devices,8,2999,0.03,PayPal, RETURNED,Marketplace,424 Mabini St.,Deliver after 5PM
O002607,2025-04-13 06:23:00,C00834,E0140,Keyboard,Electronics,6,9999,0.1,Debit Card,,Marketplace,"Unit 4, Building 6",Deliver after 5PM
O002608,2023-07-31 19:24:00,C00968,E0212,Router, OFFICE FURNITURE,5,1499,0.15,Credit Card,Processing,Marketplace,764 Main St.,
O002609,2025-12-22 03:03:00,C00004,E0030, SMARTPHONE,Mobile Devices,3,499,0.03,GCash, returned ,Store,321 Main St.,Call customer
O002610,2022-12-01 12:05:00,C00966,E0031,Keyboard,Computer Accessories,9,999,0.1,GCash,Delivered,Marketplace,47 Rizal St.,
O002611,2022-01-23 01:32:00,C00884,E0003,Router,Office Furniture,10,2999,0,Cash,Returned,,"Unit 7, Building 18",Call customer
O002612,2025-03-01 09:28:00,C00747,E0149,SMARTPHONE,Networking,8,14999,0.2,Debit Card,Delivered,Store,189 Quezon St.,Urgent
O002613,2025-05-06 14:32:00,C00533,E0164,Printer, OFFICE FURNITURE,7,9999,0.05,Credit Card,Shipped,STORE," UNIT 11, BUILDING 12 ",Deliver after 5PM
O002614,2023-02-08 06:07:00,C00183,E0168,Mouse,Electronics,3,799,0.1,Credit Card,Shipped,Marketplace,9 Rizal St.,Urgent
O002615,2023-05-28 07:09:00,C00488,E0157,,Office Furniture,9,14999,0.2,Bank Transfer,Returned,,"Unit 13, Building 42",Urgent
O002616,2023-09-21 20:57:00,C00323,E0223,,Electronics,3,9999,0.15,Cash ,Delivered,online,"Unit 12, Building 50",Urgent
O002617,2022-06-08 23:05:00,C00057,E0082,Tablet,Computer Accessories,,499,,CREDIT CARD ,Returned,Store,766 Main St.,
O002618,2025-06-24 01:50:00,C00686,E0035,Office Chair, Computer Accessories,,,0.1,Debit Card,Pending,,2 Bonifacio St.,
O002619,2023-05-15 11:57:00,C00857,E0241,External Drive,Networking,5,799,0.15,GCash,Pending,online,835 Main St.,
O002620,2024-01-14 18:58:00,C00700,E0020,Router, mobile devices ,6,19999,0.15,Bank Transfer,Pending,online,"Unit 8, Building 8",
O002621,2022-12-20 22:13:00,C00377,E0183,UPS,OFFICE FURNITURE,10,1499,0.05,Cash,Returned,online,"Unit 1, Building 22",Gift order
O002622,2025-07-26 00:08:00,C00745,E0198,Smartphone,Mobile Devices,8,999,,Bank Transfer,Cancelled,STORE, 975 rizal st. ,Urgent
O002623,2024-02-04 09:32:00,C00503,E0029,Webcam,Computer Accessories,7,4999,0.1,GCash, Pending,Store,160 Rizal St.,Call customer
O002624,2025-05-08 22:42:00,C00044,E0168,Headset,Mobile Devices,1,2999,0.05,Credit Card ,Cancelled,STORE," unit 15, building 1",
O002625,2025-06-07 03:06:00,C00030,E0049,Mouse,Mobile Devices,3,,0.1,Cash,Delivered,Online,"Unit 17, Building 4",
O002626,2023-08-11 09:50:00,C00050,E0041, mouse,Mobile Devices,10,4999,0,Cash,,online,589 Main St.,Deliver after 5PM
O002627,2025-11-18 22:42:00,C00056,E0203,Printer,Mobile Devices,3,7999,,Bank Transfer,Pending,Online,110 mabini st. ,
O002628,2023-12-08 03:08:00,C00363,E0195,Smartphone,Computer Accessories,1,7999,0.03,Bank Transfer,Processing,online,357 Mabini St. ,Call customer
O002629,2023-01-11 09:36:00,C00631,E0076,Projector,Mobile Devices,9,2999,0.15,PayPal,Processing,STORE,960 BONIFACIO ST.,Deliver after 5PM
O002630,2022-10-19 09:11:00,C00021,E0115,Monitor,Mobile Devices,9,799,,Credit Card, PENDING ,Online,"Unit 16, Building 4",
O002631,2022-03-16 03:17:00,C00636,E0169,UPS,Mobile Devices ,3,7999,0.2,Debit Card,Processing,Store,132 Mabini St.,Call customer
O002632,2022-06-17 01:59:00,C00402,E0076,Keyboard,Computer Accessories,3,14999,0.1,Cash,Shipped,Store,88 Rizal St.,
O002633,2025-11-10 09:00:00,C00765,E0155,Headset,Computer Accessories,6,799,0.03,Bank Transfer,Cancelled,Marketplace,"Unit 3, Building 30",Deliver after 5PM
O002634,2024-07-13 20:45:00,C00339,E0187,Router,Electronics,3,499,,,Returned,online,"UNIT 7, BUILDING 43 ",Gift order
O002635,2023-01-25 21:07:00,C00259,E0058,Monitor,Computer Accessories ,9,799,0.1,Debit Card,Delivered,Marketplace,681 Quezon St.,Deliver after 5PM
O002636,2023-08-26 22:54:00,C00024,E0215,Tablet,Office Furniture,5,7999,0.1,PayPal,Pending,STORE,440 Main St.,Urgent
O002637,2023-04-18 08:08:00,C00129,E0040,Mouse,Computer Accessories,3,499,0.1, PayPal,Processing,online,"Unit 16, Building 45",Call customer
O002638,2025-03-09 17:40:00,C00890,E0199,Tablet,Office Furniture,1,14999,0.03,GCash,Cancelled,Marketplace,245 Rizal St.,
O002639,2022-01-29 19:18:00,C00077,E0089,External Drive,Mobile Devices,8,7999,0.1,GCash,SHIPPED ,Store,442 Main St.,Urgent
O002640,2024-06-30 09:44:00,C00819,E0036,External Drive,Office Furniture,9,2999,0.05,Credit Card,Cancelled,,"Unit 9, Building 28",Deliver after 5PM
O002641,2025-03-02 18:30:00,C00001,E0072,Desk,Electronics,4,499,,PayPal,Processing,Store,829 Mabini St.,
O002642,2023-11-08 05:00:00,C00744,E0195,Projector,Electronics,1,14999,0,GCash,Shipped,STORE,110 Main St.,Call customer
O002643,2022-02-28 18:05:00,C00222,E0060,Tablet,,9,799,0.15,Debit Card,Cancelled,online,"UNIT 6, BUILDING 31",Urgent
O002644,2024-10-29 16:51:00,C00558,E0209,Headset,Computer Accessories,6,999,,Credit Card,Cancelled,," Unit 16, Building 47 ",Gift order
O002645,2022-07-05 19:53:00,C00341,E0146,Webcam,Networking,7,9999,0.2,Debit Card,Shipped,Marketplace,836 Bonifacio St.,Call customer
O002646,2025-08-09 21:52:00,C00722,E0031,EXTERNAL DRIVE ,Mobile Devices,10,14999,0.05,GCash,Returned ,STORE,805 Mabini St.,Deliver after 5PM
O002647,2022-09-17 12:52:00,C00737,E0157,webcam,Computer Accessories,7,14999,,Bank Transfer,returned,Marketplace,"unit 2, building 32 ",Call customer
O002648,2022-05-03 01:09:00,C00948,E0117,Mouse,Mobile Devices,8,1999,0,GCash,Shipped,online,"Unit 5, Building 22",Gift order
O002649,2022-08-03 05:56:00,C00686,E0116,Router,Computer Accessories,5,499,,Debit Card,Pending,online,"unit 18, building 34",
O002650,2022-02-17 15:44:00,C00509,E0151,Printer,Computer Accessories,3,7999,0.15,debit card,Returned,Store,399 Mabini St.,Gift order
O002651,2023-11-22 08:50:00,C00448,E0003,Desk,Mobile Devices,5,19999,,Debit Card,Cancelled,STORE,"Unit 6, Building 7 ",Gift order
O002652,2022-06-11 23:51:00,C00729,E0029,Webcam,Networking,9,9999,0.2,PayPal,Pending,STORE,"Unit 6, Building 24",Call customer
O002653,2024-05-20 06:13:00,C00005,E0151,Smartphone,Office Furniture,5,2999,,GCash,Shipped,,"Unit 14, Building 46",
O002654,2022-03-21 10:19:00,C00708,E0224,Smartphone,Electronics,2,14999,,Debit Card,Pending,Store,"Unit 1, Building 10",Urgent
O002655,2024-10-07 22:08:00,C00897,E0095,UPS, NETWORKING,5,499,0.03,CREDIT CARD ,Processing,Online, 210 RIZAL ST.,Call customer
O002656,2022-01-09 16:40:00,C00423,E0114,Laptop,Networking,5,14999,0.05,PayPal, SHIPPED ,Store,"Unit 20, Building 18",Gift order
O002657,2022-06-13 23:35:00,C00553,E0196,Printer,Networking,9,9999,0.15,CASH ,Returned,Online,720 quezon st. ,
O002658,2022-02-06 08:32:00,C00932,E0019,Keyboard,Mobile Devices,9,799,0.05,Credit Card,Delivered,STORE,"Unit 6, Building 5",
O002659,2023-07-19 11:42:00,C00317,E0105,Webcam,Electronics,9,19999,0,Cash,Shipped,Marketplace,204 Bonifacio St.,
O002660,2022-08-10 21:08:00,C00461,E0138,Projector, MOBILE DEVICES ,5,19999,0,GCash,Processing,Store,185 Bonifacio St. ,Urgent
O002661,2023-02-06 08:43:00,C00580,E0061,Keyboard,Computer Accessories,5,799,0,Cash, CANCELLED ,online,713 Quezon St.,
O002662,2024-09-09 03:53:00,C00962,E0136,Router,Office Furniture,9,7999,,PayPal,Delivered,online," Unit 4, Building 48 ",Deliver after 5PM
O002663,2022-12-19 19:38:00,C00505,E0200,Smartphone,ELECTRONICS ,3,999,0.2,Debit Card,Returned,online,546 Mabini St.,
O002664,2025-03-31 20:54:00,C00191,E0159,Laptop,,10,7999,0.2,Debit Card,Processing,," Unit 2, Building 23",Urgent
O002665,2022-09-23 06:30:00,C00529,E0065,Office Chair, computer accessories ,2,1999,0.15,Bank Transfer,Returned,Online,640 Main St.,Gift order
O002666,2024-08-04 05:56:00,C00367,E0060,External Drive,Computer Accessories,10,999,0.05,PayPal,Shipped,Marketplace,"Unit 2, Building 9",Deliver after 5PM
O002667,2025-04-07 22:35:00,C00105,E0195,Laptop,Networking,10,1499,0.05,Cash,Cancelled,STORE,"Unit 3, Building 35",Urgent
O002668,2025-05-09 08:22:00,C00375,E0044,Monitor, electronics,6,999,0.2,Debit Card,Delivered,,731 Mabini St.,
O002669,2023-05-19 04:19:00,C00218,E0097, Office Chair ,Office Furniture,3,9999,0.2,Bank Transfer,Processing,online,"Unit 16, Building 13",Call customer
O002670,2022-05-12 15:59:00,C00272,E0149, Monitor ,Mobile Devices,6,7999,0.15,Bank Transfer, Pending,STORE,488 Main St.,
O002671,2024-06-10 13:44:00,C00619,E0126,Monitor,Electronics,8,1499,0.1,Credit Card, DELIVERED,Store,150 Quezon St.,
O002672,2023-01-26 13:15:00,C00759,E0103, LAPTOP ,Office Furniture,3,7999,0.15,Cash,Shipped,,467 Bonifacio St.,Deliver after 5PM
O002673,2023-05-09 04:12:00,C00700,E0130,Headset,Electronics,8,19999,0.05,Cash,Pending,online,383 Mabini St.,
O002674,2024-08-22 09:31:00,C00116,E0132,External Drive,Office Furniture,4,4999,0.1,GCash,Delivered,online,"Unit 12, Building 16",
O002675,2025-11-03 11:20:00,C00595,E0189,Keyboard,Networking,6,14999,0.15, GCash,Pending,Store," UNIT 20, BUILDING 9",Deliver after 5PM
O002676,2022-03-17 15:47:00,C00374,E0204,Projector,Mobile Devices,8,799,, Credit Card,,online,948 Bonifacio St.,
O002677,2022-07-12 03:53:00,C00312,E0016,Office Chair, Mobile Devices,3,19999,0.2,GCash,Cancelled,,637 Bonifacio St.,Deliver after 5PM
O002678,2023-12-31 16:50:00,C00642,E0025,Desk,Electronics,6,,0.03,PayPal,Processing,,"unit 11, building 30 ",Call customer
O002679,2023-02-19 15:26:00,C00149,E0173,Printer,Electronics,9,1999,0.15,, delivered,Marketplace,429 Rizal St.,
O002680,2025-07-17 15:22:00,C00177,E0038,Projector,Computer Accessories ,7,19999,0.2, Debit Card, processing,STORE,"Unit 14, Building 37",Gift order
O002681,2023-02-17 14:08:00,C00121,E0189,Office Chair, Mobile Devices ,7,4999,0.2,GCash,Pending,STORE,"Unit 11, Building 24",Urgent
O002682,2023-03-20 01:32:00,C00042,E0237,Router,Mobile Devices,2,799,0,PayPal ,Shipped,Marketplace," UNIT 9, BUILDING 37 ",Call customer
O002683,2023-09-24 12:24:00,C00446,E0081,Smartphone, MOBILE DEVICES,1,7999,0.05,PayPal,,,44 Main St.,Call customer
O002684,2025-11-04 03:39:00,C00469,E0051,Mouse,Networking,6,499,0.2,Debit Card,Returned,Store,"Unit 12, Building 29",
O002685,2024-08-08 17:48:00,C00464,E0228,Mouse, Networking ,2,19999,0.1,GCash,Processing,Online,"Unit 3, Building 26",Deliver after 5PM
O002686,2022-05-12 10:04:00,C00055,E0048,Monitor,Electronics,3,7999,0.05,Cash,Cancelled,STORE,134 Rizal St.,Deliver after 5PM
O002687,2022-10-19 06:18:00,C00149,E0244,Router,Computer Accessories,10,19999,0.03,Credit Card,Pending,online,"Unit 8, Building 10",
O002688,2023-07-15 08:56:00,C00892,E0073,Smartphone,NETWORKING,1,2999,0.1,Cash, Returned ,STORE,665 mabini st.,Urgent
O002689,2023-02-08 23:08:00,C00890,E0047,External Drive, Computer Accessories,6,1499,,paypal ,Returned,online,"Unit 17, Building 3",Urgent
O002690,2025-08-26 02:04:00,C00187,E0211, External Drive,Electronics,5,7999,0,Cash,Returned,,168 Bonifacio St.,Urgent
O002691,2022-06-13 11:46:00,C00732,E0138,Office Chair,Computer Accessories,4,7999,0.15,,Processing,online,"Unit 14, Building 13",
O002692,2025-04-28 19:01:00,C00104,E0226,Headset,Electronics,8,19999,0.2,,Processing,Online,"Unit 5, Building 37",Urgent
O002693,2022-08-01 03:36:00,C00285,E0022,webcam,Mobile Devices,5,1999,0.03,Cash,Processing,Store,428 Main St.,Deliver after 5PM
O002694,2023-07-08 16:28:00,C00596,E0221,Laptop,Computer Accessories,8,7999,,PayPal,,online,"Unit 6, Building 24",Gift order
O002695,2025-05-21 11:27:00,C00628,E0018,Office Chair,Computer Accessories,9,2999,0.1, gcash,Delivered,Marketplace,972 Bonifacio St.,Urgent
O002696,2023-03-27 15:29:00,C00762,E0053,Monitor,Mobile Devices,8,19999,, PayPal ,Cancelled,online,534 Mabini St.,Call customer
O002697,2024-09-02 09:56:00,C00983,E0235,Mouse,Electronics,4,9999,0.03,Credit Card,Cancelled,Online," Unit 14, Building 47",Urgent
O002698,2024-09-29 11:38:00,C00509,E0156,UPS,Computer Accessories,9,9999,0.1,Debit Card,Delivered,STORE, 663 mabini st.,Deliver after 5PM
O002699,2022-01-29 03:11:00,C00214,E0052, Laptop,Mobile Devices,3,1999,0.2,GCash,Processing,,313 Main St.,Urgent
O002700,2022-11-07 16:13:00,C00268,E0209,Laptop,OFFICE FURNITURE ,1,4999,0.15,Credit Card,Processing,Marketplace,848 Bonifacio St.,
O002701,2023-01-24 06:41:00,C00719,E0244,Monitor,Computer Accessories,5,999,0.05,Credit Card,,STORE,"Unit 10, Building 27",Call customer
O002702,2024-01-09 13:37:00,C00252,E0032,Smartphone,Office Furniture,4,1499,0.05,Bank Transfer,Shipped,,252 Rizal St.,Gift order
O002703,2022-04-23 08:54:00,C00124,E0247,External Drive,Electronics,1,19999,0.03,Credit Card,Delivered,Online,970 Bonifacio St.,Urgent
O002704,2023-05-28 03:41:00,C00564,E0042,Headset,MOBILE DEVICES,5,14999,0.1,Debit Card,Delivered,Store,"Unit 3, Building 43",Gift order
O002705,2024-10-02 16:19:00,C00667,E0129,Webcam,networking,2,499,0.05,Debit Card,Delivered,Store,"Unit 13, Building 10",
O002706,2024-06-01 23:24:00,C00804,E0074,Laptop,Computer Accessories,10,14999,0.05,Credit Card,Processing,Marketplace,247 Quezon St. ,
O002707,2025-11-20 09:51:00,C00752,E0125,External Drive,Mobile Devices,5,2999,,Credit Card,Returned,Store,"Unit 15, Building 2",Call customer
O002708,2024-02-22 04:45:00,C00336,E0083,Printer,Office Furniture,7,7999,0.15,Bank Transfer,Shipped,STORE,"Unit 10, Building 49",
O002709,2025-02-14 16:57:00,C00964,E0185,Printer,Electronics,9,9999,0.2, Bank Transfer,Delivered,Store,914 Bonifacio St.,Urgent
O002710,2023-03-19 10:46:00,C00480,E0207,Headset,mobile devices,9,4999,0.05,Bank Transfer,Pending,Store,63 Main St.,Deliver after 5PM
O002711,2022-04-03 05:03:00,C00139,E0073,UPS,,5,2999,0.1,Cash,Processing,Store,311 Quezon St.,Urgent
O002712,2022-04-20 11:25:00,C00552,E0016, Webcam ,Networking,7,,0.2,GCash ,Cancelled,Marketplace,350 Quezon St.,
O002713,2024-12-26 03:59:00,C00843,E0169,external drive,Office Furniture,6,,0,GCash,Shipped,,"Unit 3, Building 24",Deliver after 5PM
O002714,2024-11-04 04:57:00,C00676,E0168,Keyboard,Computer Accessories,2,999,0.2,GCash,RETURNED ,online, 359 Quezon St. ,Urgent
O002715,2025-03-01 14:16:00,C00618,E0224,Laptop,Networking,9,4999,0.2,GCash,Delivered,Online,"Unit 15, Building 2",Call customer
O002716,2024-10-03 05:58:00,C00657,E0009,Webcam, Mobile Devices ,3,14999,0.05,PayPal, Returned ,Online,627 Bonifacio St.,Urgent
O002717,2024-03-28 13:33:00,C00377,E0059,Office Chair,Computer Accessories,,7999,0.15,Bank Transfer,Shipped,online,249 Mabini St.,
O002718,2025-09-29 17:53:00,C00952,E0107,UPS,Mobile Devices,10,9999,,Credit Card,Shipped,,944 Bonifacio St.,
O002719,2025-12-30 08:32:00,C00886,E0165,Smartphone,Computer Accessories,6,799,0, debit card ,Cancelled,online,810 Mabini St.,Urgent
O002720,2025-09-06 02:05:00,C00219,E0077,Router,Mobile Devices,6,499,0.03,Debit Card,Processing,Online,"Unit 17, Building 45",Deliver after 5PM
O002721,2024-06-06 08:26:00,C00930,E0171,Keyboard,Computer Accessories,9,499,0.05,Credit Card,Delivered,Store,146 Rizal St.,Deliver after 5PM
O002722,2023-11-09 20:21:00,C00280,E0193, projector ,Office Furniture,5,499,,Cash,Pending,Store,36 Main St.,
O002723,2022-10-27 16:11:00,C00609,E0182,Tablet,Computer Accessories,6,2999,,PayPal,Returned,Online,758 Bonifacio St.,Deliver after 5PM
O002724,2022-10-17 05:06:00,C00651,E0145,Tablet,Office Furniture,7,799,0.2,Debit Card,Delivered,online,"Unit 7, Building 24",Urgent
O002725,2025-09-25 11:06:00,C00806,E0093,Router,Electronics,,999,0.2,Cash,Pending,Store," UNIT 18, BUILDING 20 ",
O002726,2023-04-17 12:51:00,C00127,E0246,Keyboard, Mobile Devices,5,499,0,Bank Transfer,Processing,,"Unit 1, Building 9",
O002727,2023-10-24 13:35:00,C00034,E0015,Projector,Mobile Devices,10,2999,0,Bank Transfer,Delivered,Online,"Unit 5, Building 15",Urgent
O002728,2023-12-27 00:35:00,C00460,E0103,PRINTER ,Electronics,1,499,0.05, Credit Card ,Shipped,online,"Unit 19, Building 23",Deliver after 5PM
O002729,2024-06-03 16:10:00,C00444,E0047,Office Chair,Mobile Devices,5,7999,0.05,GCash,Cancelled,Store,"UNIT 11, BUILDING 43 ",
O002730,2024-12-06 07:21:00,C00973,E0205,Webcam,Networking,4,14999,,Bank Transfer,Returned,Store,570 Quezon St.,Urgent
O002731,2023-05-13 03:50:00,C00098,E0036,mouse,Computer Accessories,10,7999,,Bank Transfer,Shipped,,"Unit 18, Building 20",
O002732,2025-05-20 09:29:00,C00382,E0024,Smartphone,Networking ,5,1499,0.15,Cash,Cancelled,online,150 Rizal St.,Urgent
O002733,2024-02-08 03:18:00,C00507,E0020,Smartphone, Office Furniture ,6,4999,0.1,Credit Card,Processing,Online," Unit 10, Building 50 ",Deliver after 5PM
O002734,2023-11-30 01:04:00,C00850,E0044,Desk, office furniture ,3,7999,0.2,PayPal,Processing,Store,"Unit 8, Building 35",Call customer
O002735,2024-08-05 02:23:00,C00563,E0034,OFFICE CHAIR ,Electronics,7,14999,0.15,Bank Transfer,Shipped,online,"Unit 18, Building 21",
O002736,2022-01-31 13:36:00,C00823,E0033,Projector,Mobile Devices,7,19999,0,Debit Card,Delivered,Store,331 Main St.,Urgent
O002737,2023-08-03 13:45:00,C00197,E0010,TABLET, Computer Accessories,10,999,,Cash,Shipped,Marketplace,"Unit 3, Building 36",Call customer
O002738,2023-10-13 18:41:00,C00605,E0163,Monitor,mobile devices,2,4999,0.2, credit card,Cancelled,,"Unit 14, Building 13",Gift order
O002739,2025-07-27 11:25:00,C00568,E0213,Keyboard ,Office Furniture,6,1999,0.05,Debit Card,Delivered,Online,"Unit 5, Building 43",Call customer
O002740,2025-06-15 21:04:00,C00116,E0098,Webcam,,9,1999,0.05,Credit Card,Delivered,,,
O002741,2024-11-28 06:32:00,C00835,E0016,Laptop,Electronics,5,1999,,PayPal, processing,Store,"Unit 16, Building 18",
O002742,2023-12-21 06:17:00,C00297,E0146,Smartphone,Computer Accessories,2,499,0.2,Debit Card,Processing,Marketplace,596 Quezon St.,Gift order
O002743,2024-04-18 14:18:00,C00817,E0152,Tablet,Networking,10,1499,0.05,Bank Transfer,Pending,,525 Bonifacio St.,Deliver after 5PM
O002744,2024-10-21 21:21:00,C00366,E0082,Keyboard,Mobile Devices,10,9999,0.1,CREDIT CARD ,Returned,Online,"Unit 1, Building 4",Call customer
O002745,2025-08-16 13:30:00,C00869,E0126, desk,Mobile Devices,3,14999,,Cash,Shipped,Store,"Unit 6, Building 36",
O002746,2025-02-12 16:31:00,C00608,E0218,Printer,Office Furniture,8,9999,0.05,Credit Card,Processing,Marketplace,"Unit 12, Building 31",Gift order
O002747,2022-11-16 01:27:00,C00665,E0098,Office Chair,Mobile Devices,6,999,0.15,Cash,Pending,,"Unit 13, Building 26",
O002748,2022-09-13 10:26:00,C00588,E0036,Office Chair,Mobile Devices,1,19999,0.05,PayPal,Delivered,Online,"Unit 1, Building 11",
O002749,2023-05-05 14:08:00,C00575,E0088,Headset,Computer Accessories,6,799,0.05,Credit Card, returned,Online,"Unit 7, Building 28",Deliver after 5PM
O002750,2023-08-07 08:53:00,C00912,E0012,Projector, computer accessories ,5,14999,,GCash,Returned,Store,"Unit 4, Building 45",Gift order
O002751,2025-12-31 23:29:00,C00284,E0115,Tablet,Mobile Devices,9,4999,, Cash ,Delivered,STORE,"Unit 17, Building 38",Gift order
O002752,2024-11-18 13:57:00,C00176,E0151,Projector,Mobile Devices,4,499,0,Cash,Returned,online,"Unit 3, Building 16",
O002753,2022-07-29 16:43:00,C00357,E0221,Keyboard,Mobile Devices,2,499,0.05, PayPal,Pending,,720 Rizal St.,Deliver after 5PM
O002754,2025-10-19 17:28:00,C00356,E0194,Desk,Networking,9,19999,0,PayPal,Cancelled,Marketplace,"Unit 5, Building 22",Urgent
O002755,2023-02-08 09:24:00,C00087,E0015,Projector, COMPUTER ACCESSORIES ,8,9999,0.1,Cash,Returned,Marketplace,483 Main St.,Gift order
O002756,2024-11-21 08:34:00,C00560,E0114,Monitor,Mobile Devices,7,1499,0.15, debit card ,Returned,Online,"Unit 18, Building 6",
O002757,2023-07-25 06:25:00,C00712,E0031,Smartphone,Mobile Devices,3,14999,0.05,PayPal,Pending,STORE,347 Bonifacio St.,Deliver after 5PM
O002758,2025-05-11 16:54:00,C00335,E0156,Smartphone,Computer Accessories,10,799,0.2,GCash,Shipped,Online,865 Quezon St.,Gift order
O002759,2022-08-25 04:15:00,C00642,E0247,Tablet,Networking,9,14999,0.15,Bank Transfer,Cancelled,Store,807 Mabini St.,
O002760,2025-11-18 06:27:00,C00820,E0107,Mouse,,6,999,,PayPal,Cancelled,online,"Unit 11, Building 48",Urgent
O002761,2025-07-25 21:00:00,C00235,E0090,mouse ,Computer Accessories,3,1999,,Cash,Pending,Store,"Unit 16, Building 33",Deliver after 5PM
O002762,2025-03-07 22:48:00,C00134,E0049,Smartphone,Networking,2,1499,0.2,Credit Card,Returned,STORE,854 Rizal St.,Urgent
O002763,2023-07-28 15:07:00,C00848,E0056,MOUSE,Networking,2,499,0.2,Debit Card,Delivered,,"Unit 20, Building 27",
O002764,2023-09-15 04:32:00,C00757,E0064,Monitor,Networking,8,4999,0.15, Cash ,Delivered,Marketplace,899 Rizal St.,Gift order
O002765,2025-12-20 08:53:00,C00371,E0067,Webcam,Electronics,5,9999,0.15,Cash,Cancelled,,100 Main St.,Gift order
O002766,2024-10-31 20:09:00,C00275,E0121,KEYBOARD ,Computer Accessories,5,19999,0.15,Credit Card,Cancelled,STORE,527 Mabini St.,
O002767,2023-08-15 01:09:00,C00859,E0232,Printer,Electronics,9,799,,Bank Transfer,Processing,,801 Rizal St.,Urgent
O002768,2025-09-03 08:32:00,C00718,E0172,Office Chair,electronics ,7,2999,0.2,GCash,Processing,STORE,"Unit 15, Building 17",Gift order
O002769,2023-03-11 13:17:00,C00119,E0144,UPS, ELECTRONICS ,10,999,0,PayPal,,STORE,427 Rizal St.,
O002770,2023-11-17 03:00:00,C00364,E0035,Webcam,Computer Accessories,3,9999,0.2,Cash,Processing,STORE,76 Rizal St.,Deliver after 5PM
O002771,2022-10-07 17:47:00,C00729,E0052,router ,Mobile Devices,8,9999,0.1,PayPal, PENDING ,STORE,"Unit 5, Building 46",
O002772,2025-08-12 10:03:00,C00877,E0055,Router, NETWORKING ,6,999,0.2,GCash,Delivered,Marketplace,"Unit 12, Building 9",
O002773,2022-07-12 20:09:00,C00949,E0198,Desk,Networking,5,499,0.15,Bank Transfer,Shipped,,"UNIT 16, BUILDING 27",Gift order
O002774,2025-01-12 04:10:00,C00512,E0104,Monitor,Mobile Devices,3,2999,,,Returned,Store,662 Quezon St.,
O002775,2022-08-24 04:13:00,C00706,E0214,WEBCAM,Office Furniture,10,999,0.05,Bank Transfer,Shipped,Online,"Unit 10, Building 2",Call customer
O002776,2023-01-18 22:33:00,C00840,E0020,Monitor,Computer Accessories,4,1499,0.2,Cash, Shipped,Store, 297 Mabini St.,Call customer
O002777,2024-09-12 01:04:00,C00392,E0058,Projector,Electronics,8,999,0.15,GCash,Returned,," Unit 15, Building 41",Call customer
O002778,2024-05-22 14:07:00,C00231,E0009,Keyboard,Computer Accessories,1,799,,Bank Transfer,Processing,online,"Unit 19, Building 24",Urgent
O002779,2024-12-01 22:24:00,C00346,E0152,Desk,Computer Accessories,5,799,0,Credit Card,Processing,online,"Unit 8, Building 28",
O002780,2023-05-02 06:20:00,C00846,E0168,Projector,Mobile Devices,7,9999,0.05,Bank Transfer,Pending,STORE,671 Quezon St.,Gift order
O002781,2025-08-27 17:46:00,C00549,E0101, Router,Electronics,8,2999,0.03,Cash,Pending,STORE,"Unit 18, Building 1",Call customer
O002782,2024-04-30 21:26:00,C00564,E0007,Keyboard,Office Furniture,6,4999,0.2,gcash ,Returned,Online,"Unit 14, Building 30",
O002783,2025-08-28 04:13:00,C00257,E0048,Printer,Networking ,7,19999,0,Cash,Returned,Marketplace,"Unit 9, Building 34",Deliver after 5PM
O002784,2023-04-17 18:24:00,C00526,E0036,UPS,Electronics,9,1499,0,GCash,Shipped,Marketplace,"Unit 4, Building 36",Gift order
O002785,2023-05-25 08:42:00,C00898,E0135, Webcam,Computer Accessories,1,4999,,Credit Card,Delivered,Store,792 Main St.,Deliver after 5PM
O002786,2022-12-25 21:11:00,C00808,E0239,Laptop,Mobile Devices,4,19999,0.2,Debit Card,Processing,,"Unit 2, Building 23",
O002787,2023-03-07 14:05:00,C00316,E0230,Router,Networking,2,19999,0.03,PayPal,Shipped,Store,"Unit 16, Building 23",Call customer
O002788,2022-06-07 01:06:00,C00343,E0239,Projector, Computer Accessories,10,9999,0.05,Debit Card,Returned,Online,107 Bonifacio St.,
O002789,2024-08-19 02:26:00,C00512,E0237, keyboard ,Office Furniture,1,999,0.03,Bank Transfer, Delivered ,Marketplace,533 Rizal St.,Call customer
O002790,2024-10-10 05:13:00,C00422,E0233,Tablet,Networking,10,4999,0.2, debit card ,Processing,STORE,151 Rizal St.,Call customer
O002791,2025-02-06 08:27:00,C00484,E0071,UPS,Computer Accessories,8,4999,0.15,Debit Card,Shipped,Store,764 Mabini St.,Deliver after 5PM
O002792,2022-05-11 11:32:00,C00896,E0071,Headset,Networking,5,14999,0.15,Bank Transfer,Delivered ,Marketplace,684 Bonifacio St.,Gift order
O002793,2025-03-27 07:14:00,C00844,E0101,Tablet,Office Furniture,4,4999,0.03,Bank Transfer, Returned,Online,618 Mabini St.,
O002794,2023-08-11 14:01:00,C00885,E0023,Tablet,Networking,9,14999,,GCash,Returned,STORE,"Unit 15, Building 17",Call customer
O002795,2025-06-05 20:32:00,C00110,E0036,Monitor,Electronics,8,1499,0,Credit Card,PENDING ,STORE,"Unit 20, Building 1",
O002796,2024-10-03 11:01:00,C00955,E0173,Keyboard,Electronics,1,1999,0.03,Cash,Processing,STORE,646 Quezon St.,Gift order
O002797,2022-06-14 09:25:00,C00585,E0097,Tablet,Electronics,2,7999,0.2,PayPal,Cancelled,," Unit 7, Building 37 ",Call customer
O002798,2022-07-16 06:02:00,C00282,E0036,Projector, Office Furniture ,6,499,0.2,Credit Card,Returned,online,"Unit 14, Building 45",
O002799,2025-04-03 03:40:00,C00266,E0155,Desk,Office Furniture,7,799,0.05,,Returned,,"Unit 8, Building 49",Call customer
O002800,2022-09-01 01:29:00,C00171,E0127,Smartphone,Computer Accessories,5,19999,0, GCash ,Processing,STORE,192 Mabini St.,
O002801,2025-08-15 01:55:00,C00947,E0046,Desk,Office Furniture,5,4999,0.15,Credit Card,Returned,online,"Unit 18, Building 49",
O002802,2025-11-22 22:08:00,C00154,E0227,Headset ,Electronics,9,9999,,GCash,Shipped,Marketplace,773 Bonifacio St.,Gift order
O002803,2025-04-26 02:27:00,C00627,E0135, MONITOR ,Electronics,10,999,0.03,cash,Returned,online,"Unit 7, Building 3",Gift order
O002804,2024-04-08 20:21:00,C00829,E0034,Mouse,Electronics,8,2999,0.2,,Delivered,Store,991 Rizal St.,
O002805,2022-09-21 04:13:00,C00969,E0093,External Drive,Mobile Devices,8,14999,0, PayPal,Cancelled,," Unit 20, Building 42",Call customer
O002806,2025-03-02 05:50:00,C00247,E0173,Headset,Computer Accessories,6,799,0.2,GCash,Processing,Online,730 Mabini St.,Gift order
O002807,2024-11-04 01:34:00,C00018,E0227,Desk,Networking,7,1499,,Bank Transfer,Returned,Online,832 Quezon St.,Gift order
O002808,2022-02-24 10:30:00,C00693,E0043,Projector,Networking,2,1499,0.2,Credit Card,Delivered,Store,"Unit 13, Building 34",Gift order
O002809,2023-10-30 10:09:00,C00822,E0189,Mouse,Electronics,4,1499,,GCash, Pending ,Store,493 QUEZON ST. ,Urgent
O002810,2025-09-09 17:08:00,C00677,E0211,Headset, Office Furniture,10,999,0.05,Credit Card,Delivered,,41 Rizal St.,Deliver after 5PM
O002811,2023-08-16 17:51:00,C00532,E0097,Smartphone,Electronics,2,799,0.2,GCash,,Store, 456 Bonifacio St. ,Call customer
O002812,2023-02-21 03:31:00,C00359,E0166,Router,Office Furniture,7,9999,0,paypal ,Shipped,Marketplace,873 Mabini St.,Call customer
O002813,2023-08-11 09:58:00,C00719,E0140, MOUSE,Computer Accessories,10,4999,0.1,PayPal,Delivered,online,604 Bonifacio St.,Urgent
O002814,2022-01-30 10:33:00,C00528,E0013,Printer,Networking,8,1999,0.05, Debit Card ,Cancelled,Online," Unit 4, Building 20",Deliver after 5PM
O002815,2022-06-10 04:23:00,C00416,E0118,Router,Computer Accessories,8,19999,0.05,GCash,Pending,Marketplace,,
O002816,2024-02-02 06:18:00,C00435,E0124,Monitor,Office Furniture,4,2999,,Debit Card,Returned,Marketplace,921 Mabini St.,
O002817,2022-04-02 21:32:00,C00700,E0232,UPS,Electronics,8,14999,0.15,Cash,Cancelled,online,"Unit 18, Building 24",Call customer
O002818,2025-09-25 16:35:00,C00933,E0245,Laptop,Computer Accessories ,2,19999,0.15,Debit Card,Cancelled,Store,846 Quezon St.,Urgent
O002819,2023-08-09 11:45:00,C00973,E0208,Office Chair,Electronics,8,799,0.05,Credit Card,,,34 Mabini St. ,Deliver after 5PM
O002820,2025-11-16 10:52:00,C00878,E0170,Printer,Networking,6,4999,,Credit Card,Processing,,"Unit 5, Building 45",Gift order
O002821,2024-09-05 16:58:00,C00129,E0033,Projector, NETWORKING ,8,19999,0.2,Debit Card,Returned,online,"Unit 10, Building 10",Gift order
O002822,2025-05-17 16:55:00,C00915,E0216,Monitor, ELECTRONICS,4,4999,0.1,GCASH,Processing,online,62 Rizal St.,
O002823,2024-07-16 16:39:00,C00849,E0235,Desk,Networking,4,4999,0.15,Bank Transfer,Returned,online,"Unit 1, Building 7",Call customer
O002824,2023-02-19 17:45:00,C00317,E0001,Keyboard,Computer Accessories,3,999,,Bank Transfer,,Marketplace,974 Bonifacio St.,
O002825,2022-11-22 03:40:00,C00170,E0175,,Office Furniture,1,999,0,PayPal,Cancelled,,"Unit 8, Building 45",Gift order
O002826,2023-11-20 08:56:00,C00010,E0141,Router,Mobile Devices,3,799,,Debit Card,Processing,online,"Unit 8, Building 12",
O002827,2024-03-16 21:01:00,C00838,E0235,Projector,Networking,2,499,0.05,GCash,Cancelled,STORE,"Unit 9, Building 10",Call customer
O002828,2022-06-10 23:33:00,C00813,E0067,Webcam,Office Furniture,3,1999,0,Credit Card,Delivered,Store,85 Bonifacio St.,Deliver after 5PM
O002829,2025-07-27 07:17:00,C00202,E0005,Desk,Office Furniture,8,999,0.1,PayPal,Returned,Online," Unit 13, Building 16 ",Deliver after 5PM
O002830,2024-08-18 14:10:00,C00582,E0235,UPS,Computer Accessories,6,19999,0.03,GCash,Pending,Marketplace,"Unit 8, Building 46 ",
O002831,2025-06-01 05:43:00,C00160,E0138,Laptop,Electronics,10,4999,0.05,PayPal,Pending,Online, 349 Bonifacio St.,Call customer
O002832,2024-03-26 04:21:00,C00628,E0188,UPS,Electronics,2,4999,0.05,PayPal,Cancelled,,588 Main St.,
O002833,2022-08-01 00:07:00,C00664,E0011,Office Chair,Electronics,2,1499,0.2,Debit Card,Returned,Store, 301 Mabini St.,Gift order
O002834,2022-12-27 01:29:00,C00486,E0112,Smartphone, MOBILE DEVICES ,8,999,0.03,PayPal,Shipped,,"Unit 15, Building 1",Deliver after 5PM
O002835,2023-12-12 19:12:00,C00819,E0097,Monitor,Networking,8,9999,,Bank Transfer,Pending,STORE,"Unit 16, Building 23",
O002836,2022-08-31 02:33:00,C00858,E0065,Tablet, mobile devices ,7,999,0.15,Cash ,Returned,Online,"Unit 4, Building 49",
O002837,2022-01-21 09:22:00,C00746,E0125,Office Chair,Networking,2,14999,0.03,Bank Transfer,Delivered,Marketplace,"Unit 20, Building 35",Call customer
O002838,2023-12-06 01:28:00,C00275,E0185, KEYBOARD,Electronics,4,799,0.05,Debit Card,Shipped,,92 Bonifacio St.,Deliver after 5PM
O002839,2022-09-18 09:00:00,C00709,E0216,Webcam,Computer Accessories,6,9999,0.03,Credit Card,Shipped,,279 Quezon St.,Gift order
O002840,2022-04-29 04:21:00,C00950,E0250,Tablet,Networking,9,1499,0.2,Cash,Processing,Store,"Unit 18, Building 39",Deliver after 5PM
O002841,2022-11-28 20:23:00,C00808,E0241,Keyboard,Office Furniture,5,14999,0.15,Debit Card, returned ,online,"Unit 16, Building 49",Call customer
O002842,2023-01-10 08:22:00,C00731,E0098,Webcam,Networking,2,999,0.03,Credit Card,Pending,Marketplace,811 Bonifacio St.,
O002843,2025-07-12 15:30:00,C00443,E0064,OFFICE CHAIR ,Electronics,4,14999,0,Debit Card,Returned,STORE,"UNIT 7, BUILDING 35 ",Deliver after 5PM
O002844,2022-08-29 04:04:00,C00940,E0146,Laptop,Electronics,1,7999,0.2,Credit Card,Processing,Online,"Unit 1, Building 48",Urgent
O002845,2022-05-08 05:23:00,C00689,E0073,Laptop,Computer Accessories,7,4999,0.03,PayPal,Shipped,online,"Unit 16, Building 19",Gift order
O002846,2024-04-07 14:36:00,C00091,E0180,Keyboard,Networking,8,19999,0.03,,,STORE,230 Quezon St.,Call customer
O002847,2025-07-04 02:39:00,C00805,E0083,Mouse,Computer Accessories,1,999,0.15,Credit Card,Delivered,,697 Rizal St.,Deliver after 5PM
O002848,2022-08-04 08:26:00,C00251,E0142,Desk,Mobile Devices,8,4999,0.15,Bank Transfer,Returned,,660 Quezon St.,Deliver after 5PM
O002849,2023-07-01 12:23:00,C00605,E0025,Keyboard,Networking,7,19999,0.05,Cash ,CANCELLED ,Marketplace, 561 Bonifacio St.,Deliver after 5PM
O002850,2024-09-18 22:56:00,C00857,E0167,Smartphone,Electronics,4,999,,PayPal,Pending,Online,136 Bonifacio St.,
O002851,2022-10-18 03:17:00,C00310,E0223,Mouse,Networking,6,999,0.15,Credit Card,Processing,Online,"Unit 2, Building 43",
O002852,2024-06-24 10:29:00,C00278,E0017,Keyboard,Office Furniture ,1,1999,0.15, bank transfer ,Cancelled,online,425 Quezon St.,
O002853,2024-03-02 22:06:00,C00173,E0023,Printer,Networking,5,7999,0.03,Cash,Cancelled,online,,Gift order
O002854,2024-07-15 07:39:00,C00529,E0172,Keyboard,Office Furniture ,5,1999,0.1,Cash,Cancelled,,"Unit 14, Building 35",
O002855,2022-02-02 02:51:00,C00529,E0178,Laptop,Networking,9,1999,0.2, Bank Transfer ,Pending,online,217 Mabini St.,Urgent
O002856,2025-01-01 12:59:00,C00258,E0232,mouse,Electronics,9,799,0,GCASH ,Cancelled,online,"Unit 8, Building 49",Deliver after 5PM
O002857,2024-09-29 22:09:00,C00007,E0225,office chair ,mobile devices,1,999,0.05,Cash,Delivered,online,699 Rizal St.,Call customer
O002858,2023-01-10 04:42:00,C00055,E0028,Laptop,Electronics,6,1999,,Cash,Returned,Online,462 Bonifacio St.,Gift order
O002859,2023-05-22 05:59:00,C00329,E0094,Smartphone,Office Furniture,10,1499,0.1,GCash,Cancelled,, 710 Bonifacio St.,Gift order
O002860,2023-09-08 05:36:00,C00455,E0250,Office Chair,Mobile Devices,3,999,0.2,Bank Transfer,Delivered,online,976 Rizal St. ,Call customer
O002861,2025-02-02 23:04:00,C00419,E0123,Projector,Electronics,10,499,0.05,Bank Transfer, delivered,Marketplace,774 Mabini St.,
O002862,2025-02-06 20:49:00,C00126,E0137,Printer,Networking,5,19999,0.03, CREDIT CARD,Processing,online,"Unit 1, Building 44",Deliver after 5PM
O002863,2024-07-21 18:39:00,C00330,E0200,Projector,Computer Accessories,9,4999,0.03,,Shipped,online,840 Quezon St.,Deliver after 5PM
O002864,2022-10-20 05:55:00,C00957,E0112,Router,Networking,1,19999,,Bank Transfer,Processing,STORE,,Urgent
O002865,2022-08-01 06:54:00,C00464,E0100,Headset,Office Furniture,6,9999,0.1,Cash,Returned,Store," Unit 17, Building 24 ",
O002866,2025-06-16 20:13:00,C00724,E0030,Mouse,Office Furniture,9,19999,,DEBIT CARD ,Returned,,"Unit 17, Building 5",Deliver after 5PM
O002867,2024-03-31 19:31:00,C00443,E0008,OFFICE CHAIR ,Computer Accessories,9,9999,0.03,Credit Card,Cancelled,Marketplace,,Deliver after 5PM
O002868,2024-06-05 06:05:00,C00203,E0187,Monitor,Networking,1,14999,0.03,Debit Card,Delivered,Marketplace,,
O002869,2025-11-15 19:21:00,C00676,E0072,Projector,Computer Accessories,4,499,0.05,Credit Card ,Shipped,Marketplace,"Unit 11, Building 6",Urgent
O002870,2024-11-16 11:18:00,C00638,E0249,UPS,Mobile Devices,6,14999,0,Cash,Cancelled,Online,"Unit 18, Building 15",Gift order
O002871,2023-10-19 04:47:00,C00288,E0041,,Computer Accessories,3,14999,0, bank transfer ,Processing,online,207 Main St.,Gift order
O002872,2022-12-23 19:38:00,C00915,E0072,UPS,Electronics,4,14999,0.2, Credit Card ,,,"unit 13, building 19 ",Deliver after 5PM
O002873,2025-11-22 11:13:00,C00258,E0101,mouse ,Computer Accessories,9,14999,0.1,PayPal, Delivered ,online,77 Quezon St.,Call customer
O002874,2022-09-04 20:08:00,C00490,E0161,External Drive,Computer Accessories,3,19999,0.03,GCash,Processing,online,210 Mabini St.,
O002875,2022-12-10 14:44:00,C00801,E0249,Laptop,Mobile Devices,9,499,,Debit Card,Shipped,,"Unit 6, Building 41",Deliver after 5PM
O002876,2023-11-23 23:56:00,C00247,E0047,Headset,Office Furniture,7,1999,0.15,GCash,delivered ,Marketplace,857 Bonifacio St.,Deliver after 5PM
O002877,2022-03-21 17:29:00,C00354,E0132, ups ,Networking,4,799,0.15,Cash,Processing,STORE,"Unit 14, Building 34",Gift order
O002878,2022-03-19 23:05:00,C00797,E0232,Webcam,Electronics,1,1999,0.15,GCash,Cancelled,Marketplace,"Unit 10, Building 20",
O002879,2025-11-09 06:45:00,C00525,E0013,UPS,Mobile Devices,8,999,0.2,PayPal,Processing,Online,"Unit 18, Building 48",Gift order
O002880,2023-09-26 14:45:00,C00725,E0087,projector,Networking,,1499,,Debit Card,Cancelled,Online,"unit 10, building 9",
O002881,2023-12-18 11:01:00,C00379,E0168,External Drive,Mobile Devices,9,9999,,Cash,Shipped,,791 Bonifacio St.,Urgent
O002882,2024-05-19 11:09:00,C00628,E0115,,Networking,8,14999,0.05,Bank Transfer, pending ,online,349 Mabini St.,Gift order
O002883,2025-04-13 19:24:00,C00412,E0093,Monitor,Computer Accessories,4,14999,0, Credit Card,Processing,Store,"Unit 1, Building 28",Urgent
O002884,2025-01-22 09:23:00,C00269,E0028,Tablet,Office Furniture,8,14999,,Cash,Processing,Marketplace,211 Rizal St.,Call customer
O002885,2022-09-09 05:06:00,C00622,E0125,Laptop,Office Furniture,5,19999,0.2,Bank Transfer,shipped ,Marketplace,222 Mabini St.,
O002886,2025-01-05 04:15:00,C00788,E0232,UPS,Mobile Devices,2,,0.03,Cash, SHIPPED,Marketplace,496 Bonifacio St.,
O002887,2024-07-24 09:30:00,C00328,E0128,Desk,Electronics,6,9999,0.2,Credit Card,Shipped,STORE,568 Quezon St.,
O002888,2025-03-21 14:56:00,C00851,E0084,Mouse,Electronics,6,1499,0.05,Debit Card,Returned,Online,"Unit 9, Building 14",Gift order
O002889,2022-06-23 18:42:00,C00904,E0190, mouse ,Networking,3,19999,0.15,GCash,Shipped,Online,"unit 16, building 20",
O002890,2025-11-08 10:38:00,C00711,E0019,Tablet,Office Furniture,4,799,,Bank Transfer,Delivered,STORE,"Unit 9, Building 13",Gift order
O002891,2022-11-17 02:47:00,C00500,E0229,Printer,Office Furniture,9,14999,0.2,PayPal,processing,," unit 4, building 15 ",Deliver after 5PM
O002892,2024-06-05 22:30:00,C00388,E0046,Mouse,Computer Accessories,9,2999,0.03,debit card ,Shipped,,"Unit 7, Building 41",Urgent
O002893,2023-10-20 23:57:00,C00898,E0029,Smartphone,Office Furniture,2,9999,0.15,PayPal,Processing,online,653 Bonifacio St.,Urgent
O002894,2025-02-19 20:22:00,C00464,E0003,Printer,Office Furniture,6,999,0.2,PayPal,Returned,online,"Unit 12, Building 30 ",
O002895,2025-01-08 18:45:00,C00174,E0149,Desk,Office Furniture,,999,0.15,PayPal,Processing,Marketplace,,
O002896,2022-10-09 04:04:00,C00106,E0189,Desk,Networking,5,4999,0.05,PayPal,Shipped,STORE,214 Main St.,Deliver after 5PM
O002897,2022-08-29 22:18:00,C00272,E0054,Router,Networking,5,999,0.1,GCash,Pending,,"unit 8, building 40",
O002898,2024-06-09 13:46:00,C00929,E0122,Mouse,Networking,5,799,0.1,Cash,,online,"Unit 15, Building 44",Gift order
O002899,2025-05-13 04:13:00,C00747,E0124,Desk,Networking,4,1499,0.1,Credit Card,Cancelled,STORE,"Unit 1, Building 43",Urgent
O002900,2024-11-17 08:35:00,C00918,E0027,Mouse,Computer Accessories,6,14999,0.15,Credit Card,Shipped,, 170 Bonifacio St. ,Call customer
O002901,2023-04-01 16:42:00,C00685,E0189,Keyboard,Mobile Devices,2,2999,,Credit Card,Pending,,"Unit 12, Building 4",
O002902,2023-05-19 16:11:00,C00562,E0097,Desk,Electronics,3,1499,0,PayPal,Delivered,online,295 Quezon St.,Call customer
O002903,2024-04-20 22:24:00,C00596,E0095,External Drive,Electronics,5,1999,0.15,Bank Transfer,Processing,Marketplace," Unit 20, Building 32",Deliver after 5PM
O002904,2024-04-10 17:39:00,C00004,E0130,Headset,Networking,2,14999,0,PayPal,Pending,online,"Unit 17, Building 36",Urgent
O002905,2022-12-18 13:14:00,C00240,E0102, MOUSE,,2,1999,0.2,GCash,Delivered,STORE," UNIT 15, BUILDING 2 ",Call customer
O002906,2025-02-16 00:18:00,C00938,E0046,Desk,Networking,6,7999,0.05,paypal ,Cancelled,STORE,"Unit 20, Building 36",
O002907,2024-08-04 08:59:00,C00032,E0065, ROUTER,Mobile Devices,9,9999,0.2,Debit Card, Processing ,online," unit 9, building 6",Gift order
O002908,2024-01-14 18:27:00,C00712,E0169,Tablet,Computer Accessories,2,19999,0.03,PayPal,Delivered,Online,"Unit 8, Building 10",Gift order
O002909,2025-11-27 20:23:00,C00451,E0134,Monitor,Mobile Devices,5,999,0.05,Bank Transfer,Shipped ,online,390 Quezon St.,Gift order
O002910,2022-03-03 00:42:00,C00721,E0197,External Drive,Mobile Devices,9,9999,0.1,Cash,,Online,"UNIT 8, BUILDING 49 ",Deliver after 5PM
O002911,2024-05-15 17:42:00,C00880,E0217,Tablet,Mobile Devices,1,,,Bank Transfer,Delivered,Online,444 Main St.,Deliver after 5PM
O002912,2025-07-07 13:11:00,C00819,E0169,External Drive,Electronics,4,19999,0,Cash, Cancelled ,,"Unit 12, Building 43",Gift order
O002913,2025-01-31 21:10:00,C00049,E0163,Router,Networking,5,1999,0.2,Cash,Delivered,online,"Unit 11, Building 30",Deliver after 5PM
O002914,2023-06-18 12:12:00,C00191,E0094,Projector,Electronics,2,2999,0.2,Credit Card,Cancelled,Marketplace,90 Quezon St.,Gift order
O002915,2025-08-26 05:47:00,C00073,E0210,Laptop,electronics ,10,4999,0.05,GCash,Pending,,240 Main St.,
O002916,2024-12-27 19:55:00,C00547,E0082,Monitor,Networking,4,7999,0.2,Credit Card,Shipped,Online,"Unit 20, Building 32",Deliver after 5PM
O002917,2024-08-20 18:55:00,C00306,E0144,Monitor,,4,999,0.15,Cash,Returned,,"Unit 20, Building 14",Deliver after 5PM
O002918,2024-11-03 18:13:00,C00779,E0083,Tablet,Computer Accessories,10,9999,0.1,Bank Transfer,Delivered,online,868 Main St.,
O002919,2023-02-04 16:30:00,C00620,E0241,Mouse,Electronics,3,799,0.03,Debit Card,Delivered,,"Unit 10, Building 30",Urgent
O002920,2022-10-16 10:47:00,C00850,E0008,Tablet,Computer Accessories,7,499,0.15,Credit Card,Pending,STORE,800 Main St.,Urgent
O002921,2023-05-26 09:59:00,C00993,E0124,Headset,Computer Accessories,8,19999,0.15,Debit Card,Shipped,Online,"Unit 5, Building 34",
O002922,2023-09-06 09:15:00,C00162,E0011,Mouse,MOBILE DEVICES,3,1999,0.03,credit card ,Processing,STORE,857 Rizal St.,
O002923,2025-03-02 09:50:00,C00890,E0048,Monitor,Office Furniture,4,9999,0.05,PayPal,Shipped,online,"Unit 1, Building 12",
O002924,2022-08-08 09:12:00,C00915,E0123,Keyboard,Electronics,6,,0.03,GCash,Delivered,Marketplace,"Unit 2, Building 24",Urgent
O002925,2025-02-14 12:46:00,C00385,E0118,External Drive,Office Furniture ,5,9999,0.15, GCash ,Returned,Online,706 Bonifacio St.,Call customer
O002926,2025-09-29 11:48:00,C00352,E0147, Desk ,Electronics,9,14999,0.03,Cash,Processing,Store,"Unit 4, Building 7",Gift order
O002927,2023-06-20 21:52:00,C00180,E0025,Office Chair,Office Furniture,7,999,0,PayPal,Returned,STORE, 278 Rizal St.,
O002928,2024-02-17 20:08:00,C00570,E0160,Office Chair,Office Furniture ,10,999,0.05,Debit Card,Pending,Store,307 Quezon St.,
O002929,2025-04-02 18:57:00,C00398,E0203,Webcam,Electronics,5,799,0.05,Cash,Cancelled,Marketplace," Unit 14, Building 40",Gift order
O002930,2025-11-08 04:13:00,C00030,E0032,Mouse, networking ,,4999,0.15,Bank Transfer,Pending,Marketplace,460 Bonifacio St.,Urgent
O002931,2024-11-24 21:31:00,C00959,E0184,Headset,Mobile Devices,8,799,0.1,Cash,Returned,Online,"Unit 1, Building 45",
O002932,2024-01-13 11:32:00,C00837,E0129,Tablet,Networking,1,4999,0.15, debit card,Shipped,Online,554 Bonifacio St.,
O002933,2025-02-02 13:00:00,C00444,E0088,UPS,Electronics,1,14999,0.1,Debit Card,Processing,Marketplace,345 Rizal St.,Call customer
O002934,2022-11-11 18:32:00,C00980,E0221,Tablet,Computer Accessories,6,9999,0.1,Debit Card,Cancelled,Marketplace,"Unit 5, Building 13",Deliver after 5PM
O002935,2025-03-10 04:31:00,C00488,E0137,Office Chair,Office Furniture,7,999,0.2,,Cancelled,STORE, 119 Quezon St. ,Deliver after 5PM
O002936,2022-09-16 03:32:00,C00039,E0104,Printer,Office Furniture,6,19999,0.2,GCash,Pending,STORE,502 Main St.,Call customer
O002937,2022-08-20 18:27:00,C00892,E0173,Laptop,Office Furniture,10,2999,0.05,Debit Card,Cancelled,Online,"Unit 12, Building 8",Urgent
O002938,2024-11-14 01:57:00,C00792,E0034,Webcam,Electronics,6,9999,0,debit card,Cancelled,,"Unit 19, Building 13",Call customer
O002939,2025-02-20 09:57:00,C00255,E0219,Headset,Computer Accessories,5,499,,GCash,Pending,STORE,"Unit 7, Building 35",
O002940,2025-11-12 10:25:00,C00133,E0178,Smartphone,Networking,5,19999,0,Debit Card,,Marketplace,"Unit 3, Building 27",
O002941,2023-09-26 02:26:00,C00201,E0160,Router,Electronics,2,4999,0.2,Credit Card,processing ,STORE,"Unit 16, Building 32",Call customer
O002942,2023-01-18 11:45:00,C00028,E0107,Projector,Office Furniture,10,14999,0.03,Debit Card,Cancelled,,958 Main St.,Urgent
O002943,2024-03-20 11:06:00,C00345,E0150,,Electronics,9,2999,0.05, GCash ,Processing,Store,"Unit 2, Building 12",Call customer
O002944,2023-04-21 20:38:00,C00473,E0140,Printer,Networking,2,7999,0,GCash,Processing,STORE, 336 QUEZON ST.,Gift order
O002945,2022-05-19 01:21:00,C00592,E0139,Tablet,Mobile Devices,1,7999,0.03,,shipped ,,,Gift order
O002946,2022-09-19 17:04:00,C00764,E0190,Router,Electronics,4,1499,0.15,Cash,Returned,,"Unit 9, Building 6",Deliver after 5PM
O002947,2022-06-16 21:46:00,C00983,E0030,Tablet,Mobile Devices ,8,19999,0,Credit Card,Pending,Online,"Unit 15, Building 20",Call customer
O002948,2022-06-20 16:46:00,C00780,E0117,Headset,Networking,7,1499,0.05,Debit Card,Processing,Marketplace,945 Bonifacio St.,Urgent
O002949,2023-02-04 05:20:00,C00560,E0220,Smartphone,Networking,6,14999,,GCash,Pending,Store,"Unit 6, Building 20",
O002950,2024-12-06 19:03:00,C00032,E0038,Printer,Electronics,8,499,0.05,Bank Transfer,Delivered,STORE,"Unit 17, Building 45",Gift order
O002951,2024-10-07 21:07:00,C00871,E0004,Monitor,Mobile Devices,2,4999,0.2,debit card,Shipped,Store,369 Rizal St.,
O002952,2024-09-20 19:21:00,C00593,E0092,Keyboard,Office Furniture,3,799,0.05,Credit Card,Cancelled,Marketplace,"Unit 4, Building 29",Gift order
O002953,2023-09-29 22:02:00,C00157,E0088,External Drive,Mobile Devices,3,499,,Debit Card,Delivered,Store,"Unit 6, Building 33",Gift order
O002954,2022-07-30 04:07:00,C00404,E0141,Laptop,Mobile Devices,9,2999,0.15,PayPal,Cancelled,Store, 714 MAIN ST.,Gift order
O002955,2024-10-01 02:58:00,C00124,E0163,Headset,Mobile Devices,10,1499,0.1,Debit Card,Pending,,494 Main St.,
O002956,2024-11-10 15:14:00,C00209,E0221, ROUTER ,Mobile Devices,10,799,0.05, Debit Card ,Cancelled,Store,336 Rizal St.,Deliver after 5PM
O002957,2024-12-08 08:01:00,C00276,E0136,webcam ,Networking,5,,0.05,PayPal,Processing,,"Unit 1, Building 41",Call customer
O002958,2023-12-29 05:52:00,C00261,E0049,Laptop,Office Furniture,10,19999,0,Bank Transfer,Returned,,"Unit 10, Building 29",
O002959,2024-11-14 12:21:00,C00335,E0070,Smartphone,Networking,,1999,,Cash,Processing,STORE,"Unit 10, Building 35",Gift order
O002960,2022-05-21 05:04:00,C00251,E0151,Projector,Mobile Devices,10,9999,0.1,Credit Card,Pending ,,,
O002961,2022-08-02 01:10:00,C00459,E0060,Smartphone,OFFICE FURNITURE ,10,4999,0.15,,Pending,online,"Unit 18, Building 18",
O002962,2024-02-15 04:49:00,C00235,E0209, Router ,Computer Accessories,4,799,0,Bank Transfer,Pending,online,913 Mabini St.,
O002963,2023-06-21 19:39:00,C00121,E0156,Mouse,Office Furniture,1,9999,0,PayPal,Returned,Online,"Unit 8, Building 11",Urgent
O002964,2025-07-19 19:20:00,C00495,E0200,Laptop,Mobile Devices,6,799,0.03,Cash,Returned,STORE,"Unit 8, Building 46",
O002965,2023-02-03 11:44:00,C00689,E0082,Laptop,Mobile Devices,9,1999,0.2,Debit Card,Cancelled,STORE,8 Main St.,Deliver after 5PM
O002966,2023-11-17 00:23:00,C00045,E0137, KEYBOARD ,Networking,6,9999,,Bank Transfer,Cancelled,STORE,512 Mabini St.,
O002967,2025-07-29 07:28:00,C00430,E0056,Mouse,Electronics,4,499,0, Credit Card ,Processing,Online,"Unit 6, Building 45",
O002968,2022-04-28 11:44:00,C00156,E0021,Mouse,Mobile Devices,9,1499,0,Cash,Processing,Store,220 Mabini St.,Call customer
O002969,2022-10-18 08:00:00,C00103,E0073,Router,Networking,2,7999,0.15,Credit Card,Processing,Online,457 Quezon St.,Deliver after 5PM
O002970,2025-10-27 18:22:00,C00320,E0003,Webcam,Networking,1,2999,0.2,Bank Transfer, RETURNED,STORE,"Unit 14, Building 35",Deliver after 5PM
O002971,2022-09-03 03:27:00,C00555,E0050,Router,Mobile Devices,1,999,,Bank Transfer,Returned,,"Unit 7, Building 4 ",Call customer
O002972,2024-07-20 20:13:00,C00204,E0020,External Drive,Mobile Devices,3,19999,,Cash,Processing,online, 291 Quezon St. ,
O002973,2023-05-21 19:25:00,C00494,E0100,Projector,Computer Accessories,10,999,0.15, Cash ,Returned,Marketplace,"Unit 19, Building 28",Call customer
O002974,2024-12-30 21:52:00,C00381,E0192,Desk,Office Furniture,8,799,0.1,Debit Card,Shipped,STORE,256 Main St.,Call customer
O002975,2023-10-16 01:42:00,C00667,E0099,Smartphone,Electronics,1,1499,0.05,PayPal,Shipped,Marketplace,"Unit 20, Building 24 ",
O002976,2024-02-15 01:47:00,C00906,E0107,Tablet,Mobile Devices,7,499,0,Cash,Delivered,,774 Rizal St.,Deliver after 5PM
O002977,2024-02-03 13:02:00,C00464,E0230,Keyboard,Computer Accessories,3,499,0.05,PayPal,Pending,online,"Unit 7, Building 38",Call customer
O002978,2024-05-31 19:02:00,C00289,E0134,ups ,Electronics,7,999,0.05,Bank Transfer,Processing,Online,994 Quezon St.,
O002979,2025-04-20 18:27:00,C00371,E0006,Headset, Electronics,8,2999,0.2,Debit Card,Cancelled,Store,"Unit 17, Building 31",Urgent
O002980,2025-08-27 16:56:00,C00532,E0245,Keyboard,Office Furniture,1,2999,,Cash,Shipped,Store,,Gift order
O002981,2023-10-26 21:56:00,C00777,E0081,Headset,Computer Accessories,8,14999,0,Debit Card,processing ,,"Unit 19, Building 12",
O002982,2024-09-16 07:47:00,C00289,E0144,Office Chair,Networking,4,7999,0.03,GCash,Returned,Online,"Unit 19, Building 31",Urgent
O002983,2024-06-22 11:28:00,C00378,E0049,ROUTER ,Computer Accessories,3,7999,0.05,Debit Card,Delivered,Online,649 Main St.,Urgent
O002984,2022-04-25 05:50:00,C00875,E0024,Mouse, computer accessories,3,14999,,PayPal, Shipped ,Marketplace,"Unit 8, Building 8",Urgent
O002985,2022-10-14 18:13:00,C00099,E0219,Printer,Electronics,2,7999,0.05,GCash,Cancelled,Store,"Unit 18, Building 28",
O002986,2025-11-09 01:06:00,C00686,E0027,Printer, Mobile Devices ,4,799,0,Debit Card,Shipped,Store,"Unit 2, Building 8",Deliver after 5PM
O002987,2025-12-19 18:54:00,C00925,E0187,Keyboard,Networking,8,7999,0.1,Credit Card,Returned,Marketplace,"Unit 5, Building 38",
O002988,2022-11-03 23:32:00,C00718,E0149,Projector,Computer Accessories,5,2999,0.1,GCash, Returned,online,"Unit 6, Building 50",Deliver after 5PM
O002989,2024-09-20 07:13:00,C00695,E0092,Laptop,Computer Accessories,9,19999,0.1,GCash,Returned,Marketplace,574 Bonifacio St.,Call customer
O002990,2023-09-06 12:45:00,C00930,E0058,Router,Networking,3,999,0.05, BANK TRANSFER,Delivered,STORE,"Unit 20, Building 38",
O002991,2025-03-16 19:54:00,C00405,E0220,External Drive,Computer Accessories,5,4999,0.15,Bank Transfer,Shipped,Marketplace,378 Mabini St.,Deliver after 5PM
O002992,2023-07-19 00:13:00,C00909,E0067,Headset,Computer Accessories,9,14999,0.05,GCash,Cancelled ,STORE,951 bonifacio st.,Urgent
O002993,2023-02-26 19:40:00,C00396,E0214,Router,Electronics,10,2999,0.2,GCash,Returned,Online,873 bonifacio st. ,Gift order
O002994,2023-07-13 03:11:00,C00540,E0012,Headset,Computer Accessories,1,14999,0.03,GCash,Shipped,,289 Quezon St.,Gift order
O002995,2025-06-25 12:18:00,C00090,E0131,Desk,Office Furniture,7,1499,0.2,Debit Card,Shipped,Online,426 Main St.,
O002996,2024-06-24 03:10:00,C00112,E0021,Headset,COMPUTER ACCESSORIES ,10,14999,0,Cash,returned ,Store,"Unit 6, Building 44",Urgent
O002997,2022-10-31 01:35:00,C00320,E0156,Tablet,Electronics,3,19999,0.2,Cash,Returned,Online,"Unit 5, Building 33",
O002998,2024-10-11 04:54:00,C00644,E0199,Tablet,Computer Accessories,5,4999,0.2,GCash,Cancelled,Online,545 Rizal St.,Call customer
O002999,2023-06-23 04:15:00,C00562,E0011,Router,Electronics,10,799,0.15,PayPal,Delivered,Online,666 Main St.,
O003000,2024-08-11 14:00:00,C00485,E0161,Router, computer accessories,5,1999,0.05,GCash,Pending,Marketplace,"Unit 14, Building 42",
O003001,2025-10-01 20:10:00,C00536,E0192,UPS, Office Furniture,5,1999,0.03,PayPal,Shipped,,54 Bonifacio St.,Call customer
O003002,2024-12-25 22:53:00,C00929,E0250,Headset,Electronics,3,19999,0.2, Credit Card,Shipped,Store,"Unit 15, Building 34",Deliver after 5PM
O003003,2023-03-25 00:20:00,C00735,E0081,Keyboard,Networking,10,19999,0.15,Debit Card,Processing,STORE,"Unit 16, Building 27",
O003004,2025-12-08 12:36:00,C00302,E0071, Smartphone, electronics ,,14999,0.1, DEBIT CARD,Delivered,Marketplace,482 Bonifacio St.,Call customer
O003005,2025-08-12 21:32:00,C00088,E0022,UPS,Networking,7,4999,0.15,Credit Card,Processing,online," unit 7, building 3",
O003006,2022-09-11 21:48:00,C00910,E0063,Mouse,Computer Accessories,9,9999,0,Bank Transfer,Shipped,Marketplace,922 Bonifacio St.,
O003007,2023-03-17 01:30:00,C00356,E0132, Headset,Electronics,5,4999,0.15,GCash,,Store,836 Main St.,Gift order
O003008,2024-12-29 02:49:00,C00270,E0061,External Drive,Computer Accessories,,799,0.1, CREDIT CARD,Returned,STORE,953 Mabini St.,
O003009,2022-03-27 05:19:00,C00707,E0102,Desk,Office Furniture,8,2999,0, Credit Card,Pending,Store,452 Quezon St.,Call customer
O003010,2022-12-20 05:32:00,C00009,E0164,Laptop,Computer Accessories,3,499,0.2,,Shipped,STORE,"Unit 16, Building 13",Gift order
O003011,2025-12-10 06:46:00,C00760,E0168,Smartphone,Mobile Devices,7,19999,0.1,Credit Card,Shipped,Online,"Unit 4, Building 29",Gift order
O003012,2024-06-01 12:00:00,C00294,E0082,Headset,Office Furniture,6,14999,0.03,Debit Card,Delivered,Online,,
O003013,2025-02-19 11:05:00,C00557,E0213,Router,Office Furniture,10,4999,0.1,Cash,Returned,Online,764 Rizal St.,
O003014,2024-02-22 15:23:00,C00205,E0136,External Drive,Computer Accessories,4,19999,0.15,Bank Transfer,Cancelled,Store,766 Quezon St.,Deliver after 5PM
O003015,2024-04-20 05:11:00,C00862,E0229,Keyboard,Computer Accessories,5,999,0.2,Cash,Shipped,Marketplace,1 Quezon St.,
O003016,2022-09-10 05:20:00,C00421,E0026,Monitor,Computer Accessories,7,7999,0.05,credit card,Processing,Marketplace,"Unit 12, Building 31",Gift order
O003017,2025-10-30 15:45:00,C00369,E0029,UPS,Mobile Devices,2,999,0.1,,Cancelled,Online,20 Mabini St.,Urgent
O003018,2024-04-25 13:55:00,C00174,E0194, laptop ,Mobile Devices,7,4999,,GCash,Delivered,Online,60 Main St.,
O003019,2023-04-19 00:47:00,C00180,E0215,Printer, Office Furniture ,10,7999,0,PayPal , shipped ,,"Unit 12, Building 27",
O003020,2022-03-17 08:20:00,C00363,E0019,,Office Furniture,9,1999,0.03,Debit Card,Pending,Store,"Unit 10, Building 15",Deliver after 5PM
O003021,2024-01-28 23:35:00,C00235,E0008,Keyboard,Mobile Devices,10,7999,,Cash,Shipped,online,,Call customer
O003022,2022-03-18 08:32:00,C00552,E0034,UPS,office furniture,6,19999,, credit card ,Cancelled,Online,901 Bonifacio St.,Call customer
O003023,2025-08-18 14:46:00,C00512,E0097,Headset,Office Furniture,8,,0.05,credit card , Cancelled,online,767 Bonifacio St.,Gift order
O003024,2025-09-17 09:02:00,C00873,E0060, Keyboard ,MOBILE DEVICES ,8,799,0.2,GCash,Processing,,"Unit 14, Building 12",Gift order
O003025,2022-11-14 18:22:00,C00265,E0181,Office Chair,Electronics,5,999,0.1,Bank Transfer,Pending,STORE, 866 BONIFACIO ST. ,Urgent
O003026,2023-08-13 23:00:00,C00482,E0133,Monitor,Networking,7,,0.03,PayPal,Cancelled,Marketplace,735 Mabini St.,
O003027,2025-12-27 18:13:00,C00373,E0096,Keyboard,Computer Accessories,10,19999,0.03,Debit Card,Delivered ,Store,860 Bonifacio St.,Call customer
O003028,2025-02-10 12:41:00,C00060,E0001,Laptop,computer accessories,1,799,0.15,GCash,Cancelled,, 41 Quezon St.,
O003029,2023-06-26 04:02:00,C00607,E0170,Webcam,Mobile Devices,2,1999,0.15,PayPal,PROCESSING,Marketplace,130 Rizal St.,Call customer
O003030,2022-07-04 11:40:00,C00368,E0208,Tablet,Office Furniture,8,7999,0.2,Credit Card,Shipped ,online,"Unit 11, Building 31 ",Deliver after 5PM
O003031,2025-06-29 13:42:00,C00185,E0133,Monitor,Computer Accessories,8,2999,,Credit Card,Cancelled,Store,"Unit 3, Building 28",Deliver after 5PM
O003032,2024-11-26 09:44:00,C00417,E0205,Smartphone,MOBILE DEVICES ,,19999,0.03,Bank Transfer,Shipped,Marketplace,"Unit 19, Building 29",Urgent
O003033,2023-02-20 17:16:00,C00755,E0176,Router,Electronics,7,999,0.05,PayPal,Returned,STORE,"Unit 10, Building 49",Gift order
O003034,2023-12-16 21:15:00,C00176,E0127,Router,Electronics ,8,1499,,Bank Transfer,Pending,,919 Bonifacio St.,
O003035,2024-10-30 15:03:00,C00125,E0004,Desk,Networking,8,999,0,PayPal,Returned,Marketplace,436 Main St.,Urgent
O003036,2022-11-10 17:52:00,C00741,E0156,Laptop,Computer Accessories,6,9999,,Debit Card,Shipped,Online,971 Rizal St.,Urgent
O003037,2022-02-22 15:00:00,C00281,E0192,Smartphone,Office Furniture,1,9999,0.2,GCash,Delivered,online,"Unit 17, Building 38",
O003038,2024-11-22 19:48:00,C00452,E0065,Desk,Electronics,4,19999,0.1, PAYPAL,CANCELLED,Store,364 Bonifacio St.,
O003039,2022-04-22 04:20:00,C00651,E0132,Smartphone,Computer Accessories,1,14999,0.2,Debit Card,Cancelled,Online,,Gift order
O003040,2024-08-02 09:39:00,C00129,E0081,UPS,Electronics,4,2999,0.2,GCash, RETURNED ,,425 Mabini St.,Gift order
O003041,2023-12-20 10:39:00,C00435,E0198,Printer,Networking,7,9999,0.1,GCash,Pending,,853 Rizal St.,Deliver after 5PM
O003042,2022-05-26 14:29:00,C00755,E0225,External Drive,Electronics,6,2999,0.15,Cash,Returned,online,299 Rizal St.,
O003043,2024-01-05 00:43:00,C00654,E0011,External Drive ,Computer Accessories,1,7999,0.03,GCash,delivered ,STORE,963 Quezon St.,Deliver after 5PM
O003044,2025-06-12 23:39:00,C00057,E0210,Headset,Computer Accessories,3,9999,,PayPal,Processing,,222 RIZAL ST. ,Call customer
O003045,2025-04-18 22:06:00,C00188,E0164,,Office Furniture,4,1999,0.05,GCash,Pending,Store," Unit 8, Building 4 ",Call customer
O003046,2022-05-24 17:40:00,C00919,E0227,Office Chair,Office Furniture,1,1999,0.1,Cash,Returned,,"Unit 18, Building 25",Urgent
O003047,2024-03-31 09:25:00,C00685,E0064,UPS,MOBILE DEVICES,8,999,,Debit Card,Shipped,online,774 Mabini St.,Deliver after 5PM
O003048,2022-01-10 16:06:00,C00146,E0159,Projector,Electronics,7,999,0.03,Credit Card, Pending ,Marketplace,"Unit 20, Building 47",
O003049,2022-02-17 23:34:00,C00043,E0197, Headset ,Mobile Devices,8,1999,0.1,GCash,Delivered,STORE,"Unit 19, Building 39",Urgent
O003050,2023-12-10 16:40:00,C00780,E0088,Laptop, Electronics ,4,1999,0.1,Debit Card,Processing,STORE,"Unit 2, Building 38",Gift order
O003051,2023-10-12 04:19:00,C00219,E0015, printer,Computer Accessories,9,999,0.05,Bank Transfer,,Marketplace,"Unit 4, Building 24",Deliver after 5PM
O003052,2025-12-14 18:21:00,C00118,E0042,Laptop,Mobile Devices,2,9999,0,CREDIT CARD ,Pending,online,792 Mabini St.,
O003053,2024-11-20 08:08:00,C00664,E0186,Monitor,,7,1499,0.1,Debit Card,PENDING ,STORE,"Unit 20, Building 1",Deliver after 5PM
O003054,2025-01-28 10:32:00,C00122,E0138,Printer,Electronics,5,19999,0.1,PAYPAL , RETURNED,Store,"Unit 8, Building 50",
O003055,2024-10-11 18:34:00,C00381,E0139,UPS,Office Furniture,9,14999,0.03, Credit Card,Delivered,Marketplace,"Unit 14, Building 19",Call customer
O003056,2024-06-04 22:49:00,C00081,E0052,Mouse,Mobile Devices,1,799,0.15,Bank Transfer,Processing,Store,"Unit 8, Building 5",Gift order
O003057,2022-06-28 11:29:00,C00264,E0202,Tablet,Electronics,6,2999,0.1,Bank Transfer,Returned,Marketplace,"Unit 19, Building 48",Urgent
O003058,2023-09-25 20:15:00,C00102,E0245,Laptop,Computer Accessories,1,799,0.15,GCash,Delivered,,870 Rizal St.,Deliver after 5PM
O003059,2022-03-08 08:26:00,C00963,E0120,External Drive,Networking,5,1499,0.15,GCash,Delivered,Online,904 Mabini St.,
O003060,2022-01-13 00:48:00,C00201,E0018,Projector,Electronics,3,,0.05,Cash,Processing,Marketplace,715 Rizal St.,Deliver after 5PM
O003061,2023-08-10 14:00:00,C00340,E0214,Tablet,Networking,2,19999,0.1,GCash,delivered,online,"Unit 15, Building 18",Deliver after 5PM
O003062,2025-01-19 20:10:00,C00740,E0102,Headset,Mobile Devices,9,1499,0.2,Credit Card,Processing,STORE,466 Bonifacio St.,Deliver after 5PM
O003063,2025-06-17 16:28:00,C00686,E0180,Headset,Mobile Devices,7,14999,,Credit Card,Returned,," Unit 11, Building 14 ",Urgent
O003064,2025-09-28 02:58:00,C00486,E0171,Mouse, networking ,1,1499,0,GCASH,Pending,Store,975 Bonifacio St.,Urgent
O003065,2025-01-13 07:57:00,C00091,E0109, Monitor ,Mobile Devices,5,499,0.2,GCash,Returned,Marketplace,"Unit 9, Building 19",Urgent
O003066,2023-12-23 20:41:00,C00267,E0239,Mouse,Office Furniture,3,1499,0,,Cancelled,Online,"Unit 13, Building 35",Gift order
O003067,2025-11-10 03:15:00,C00275,E0055,Mouse,Office Furniture,1,1499,0.05,GCash, returned,STORE,400 Quezon St.,Gift order
O003068,2022-12-15 10:43:00,C00469,E0085,Webcam,Mobile Devices,6,7999,0.05,GCash, pending,Marketplace,"Unit 17, Building 44",
O003069,2023-10-28 18:25:00,C00003,E0110,Office Chair,Mobile Devices,4,,0,PayPal,Delivered,,"Unit 13, Building 22",Deliver after 5PM
O003070,2025-05-02 21:45:00,C00663,E0160,Projector,Office Furniture,4,1499,0.15,,Pending,online,"Unit 5, Building 14",
O003071,2025-03-13 08:24:00,C00430,E0210,Printer,Office Furniture,5,14999,0,Bank Transfer,Shipped,Store,"Unit 10, Building 13",Urgent
O003072,2023-06-01 02:04:00,C00892,E0213,Office Chair,Electronics,7,999,,GCash,Cancelled,Marketplace,693 Mabini St.,Deliver after 5PM
O003073,2023-09-18 13:29:00,C00378,E0208,Mouse,Office Furniture,1,1999,0.1,Debit Card,Shipped,Online,426 QUEZON ST.,Urgent
O003074,2022-01-07 15:46:00,C00150,E0018,Office Chair,Computer Accessories,3,14999,0.05,credit card ,Shipped,Marketplace,584 Quezon St. ,Deliver after 5PM
O003075,2025-01-25 17:29:00,C00783,E0234,Office Chair,Networking,10,14999,0.2,CREDIT CARD,Shipped ,,"Unit 13, Building 28",
O003076,2024-01-28 20:51:00,C00629,E0208,Desk,office furniture ,2,7999,0.1,Bank Transfer,Pending,Store,27 Rizal St.,Deliver after 5PM
O003077,2024-04-18 00:27:00,C00126,E0208,Mouse,Mobile Devices,5,1999,0,GCash ,,online,611 Bonifacio St.,Urgent
O003078,2023-08-07 10:01:00,C00785,E0175,Tablet,Electronics,3,1999,0.15,GCash, shipped ,Online,146 Main St.,
O003079,2024-04-29 07:57:00,C00434,E0050,Printer,Office Furniture,4,999,0.15, credit card,Pending,Online,260 Mabini St.,
O003080,2023-05-16 17:16:00,C00833,E0222,Keyboard,Mobile Devices,9,1999,0.1,Credit Card,Cancelled,STORE,792 Rizal St.,Call customer
O003081,2023-08-08 18:47:00,C00865,E0215,Keyboard,Mobile Devices,9,14999,0,PayPal,Processing,online,"Unit 1, Building 2",
O003082,2024-09-23 16:02:00,C00699,E0218,External Drive,Electronics,10,499,0.2,PayPal,Returned,online,"Unit 17, Building 14",
O003083,2022-09-04 07:36:00,C00264,E0040,printer , COMPUTER ACCESSORIES ,9,2999,0.05,GCash,Pending,online,"Unit 6, Building 44",Call customer
O003084,2022-11-04 01:37:00,C00303,E0138,Laptop,electronics ,5,9999,0.05,Bank Transfer,Pending,STORE,251 Mabini St.,Urgent
O003085,2024-07-03 04:03:00,C00657,E0210,Printer,MOBILE DEVICES ,3,999,0.05,Debit Card, CANCELLED ,online,"unit 5, building 49",Urgent
O003086,2024-12-08 03:18:00,C00539,E0037,Printer,Mobile Devices,1,,0.2,Debit Card,SHIPPED ,online,"Unit 9, Building 42",
O003087,2025-05-12 13:45:00,C00865,E0006,Smartphone,,7,2999,0,Credit Card,Pending,Store,284 Bonifacio St.,Deliver after 5PM
O003088,2025-04-07 15:33:00,C00462,E0009,Keyboard,Computer Accessories,,14999,0, gcash ,Processing,Online,624 Main St.,Deliver after 5PM
O003089,2025-02-08 06:29:00,C00073,E0160,UPS,Office Furniture,6,4999,0.1,Bank Transfer,Pending,Online,"Unit 2, Building 35",
O003090,2023-02-11 17:31:00,C00324,E0079,Desk,Mobile Devices,6,14999,0.2,Credit Card,Processing,STORE,"UNIT 11, BUILDING 31",Gift order
O003091,2022-01-11 04:35:00,C00021,E0011,Keyboard,Office Furniture,6,999,0.15,Cash, Processing,Marketplace,"Unit 9, Building 37",
O003092,2022-01-07 11:23:00,C00080,E0203,Webcam,Office Furniture,8,999,0.05,PayPal,Cancelled,Store,179 Main St.,Gift order
O003093,2023-12-26 20:55:00,C00453,E0114,Projector,computer accessories,5,1999,0,Debit Card,Cancelled,,"Unit 14, Building 19",Call customer
O003094,2022-04-21 22:53:00,C00133,E0090,External Drive,Electronics,6,9999,0.1,PayPal,Shipped,online,"Unit 8, Building 22",Gift order
O003095,2022-05-11 03:48:00,C00910,E0207,,Computer Accessories,9,1999,0.03,GCash,Pending,Store,"Unit 5, Building 2",Urgent
O003096,2023-12-13 00:54:00,C00265,E0213,Keyboard, electronics ,6,19999,0.1,Bank Transfer, delivered,online,719 Bonifacio St.,Urgent
O003097,2023-01-11 20:55:00,C00282,E0032,Desk,Mobile Devices,9,2999,0.15,GCash,Shipped,Marketplace,"Unit 18, Building 4",
O003098,2023-04-15 00:44:00,C00614,E0223,Router,Office Furniture,1,1499,0.05,GCash ,Returned,online, 804 mabini st.,
O003099,2024-09-13 01:09:00,C00359,E0147,Headset,Mobile Devices,3,14999,0.2,GCash,Pending,online,321 Main St.,
O003100,2022-10-17 01:53:00,C00192,E0240,UPS,Networking,6,2999,0.2,Bank Transfer,Processing,Store,"Unit 12, Building 25",Call customer
O003101,2022-06-16 23:20:00,C00288,E0025,,Networking,10,999,0.2,Debit Card,Cancelled,Marketplace,390 Rizal St.,Deliver after 5PM
O003102,2022-05-27 02:07:00,C00181,E0085,Tablet,Computer Accessories,,9999,0,Debit Card,Shipped,online," unit 1, building 18",
O003103,2024-11-06 01:16:00,C00866,E0061,Laptop,Networking,5,7999,0.03,Debit Card,Processing,Store,430 Bonifacio St.,
O003104,2024-02-01 00:11:00,C00439,E0192,External Drive,Computer Accessories,1,999,0.05,Debit Card,Cancelled,Online,603 Bonifacio St.,Gift order
O003105,2023-07-22 22:33:00,C00205,E0094,Keyboard,Mobile Devices,5,19999,,PAYPAL,Returned,Online,121 Main St.,Gift order
O003106,2023-05-03 15:42:00,C00040,E0019,Projector,Computer Accessories ,10,1499,0.2,GCash,Returned,,741 Main St.,Urgent
O003107,2024-10-09 03:49:00,C00254,E0169,Mouse,Networking,10,9999,, Cash ,Cancelled,Store,"Unit 5, Building 6",
O003108,2023-06-04 23:18:00,C00078,E0123,Webcam,,1,19999,,Debit Card, Shipped ,,525 Rizal St.,Deliver after 5PM
O003109,2024-03-24 12:56:00,C00018,E0236,Headset,computer accessories,2,499,0,Credit Card,Shipped,Store,,Deliver after 5PM
O003110,2024-04-16 09:08:00,C00593,E0059,Router,Mobile Devices,4,999,0.05,Cash,Returned,online,"Unit 14, Building 42",
O003111,2025-02-21 14:57:00,C00166,E0116,UPS,Computer Accessories,10,14999,0.2,Cash,Returned,online,458 Rizal St.,Deliver after 5PM
O003112,2024-05-29 13:37:00,C00595,E0032,Office Chair, computer accessories ,7,999,, Bank Transfer ,Shipped,Store," unit 17, building 14",Deliver after 5PM
O003113,2025-02-13 04:10:00,C00647,E0171,,Office Furniture,9,1499,0.2, Debit Card,CANCELLED,Online,780 Rizal St.,Urgent
O003114,2024-06-14 03:25:00,C00534,E0197,Projector,Office Furniture,4,4999,0.03,Debit Card,Pending,Marketplace,737 Main St.,Call customer
O003115,2023-05-11 11:54:00,C00669,E0094,Tablet,Mobile Devices,6,1499,0.05,PayPal,Returned,Online,799 Mabini St.,Call customer
O003116,2023-01-26 02:36:00,C00327,E0219,Printer,Computer Accessories,7,4999,0.03,Debit Card,Processing,Online,"Unit 5, Building 11",Gift order
O003117,2025-11-29 00:03:00,C00975,E0061,Desk,Computer Accessories,2,1999,0.15,GCash,Processing,Store,"Unit 19, Building 43",
O003118,2025-02-16 23:32:00,C00076,E0037,External Drive,Electronics,9,4999,,CREDIT CARD ,RETURNED,STORE,723 Rizal St.,
O003119,2022-02-17 22:05:00,C00279,E0203,Webcam,Networking,6,1999,,Cash,Returned,STORE,,
O003120,2023-01-18 13:32:00,C00580,E0086,Mouse,,,499,0.05,Credit Card,delivered,Marketplace,"Unit 13, Building 20",Gift order
O003121,2025-10-14 12:06:00,C00781,E0198,Smartphone,Office Furniture,7,799,0.1, DEBIT CARD,Cancelled,online,"Unit 18, Building 42",Call customer
O003122,2024-06-09 01:52:00,C00008,E0053,UPS ,Networking,2,799,0.05,Credit Card,RETURNED,,"Unit 10, Building 29",Call customer
O003123,2024-04-06 07:50:00,C00889,E0054,,Mobile Devices,4,1999,0.2,Debit Card,Returned,,903 Main St.,Urgent
O003124,2022-08-19 04:49:00,C00752,E0010,Mouse,Mobile Devices,6,1999,,Debit Card,Returned,STORE,20 Main St.,
O003125,2022-11-20 10:10:00,C00784,E0024,SMARTPHONE , Computer Accessories,5,999,0.2,GCash,Cancelled,Online,"Unit 20, Building 43",Urgent
O003126,2022-03-03 10:36:00,C00687,E0189,Projector, Office Furniture ,10,9999,0.05,Debit Card,Delivered,,645 Main St. ,Call customer
O003127,2024-07-27 05:27:00,C00476,E0104,Laptop,Electronics,9,7999,,PayPal,Delivered,STORE,564 Rizal St.,
O003128,2023-12-08 22:49:00,C00397,E0083,Projector,,3,799,0.05,Bank Transfer,Cancelled,Store," UNIT 18, BUILDING 46 ",Gift order
O003129,2025-09-19 17:04:00,C00119,E0065,,Electronics,2,7999,0.03,Debit Card, CANCELLED,STORE,998 Bonifacio St.,Call customer
O003130,2025-01-31 05:03:00,C00541,E0027,Printer,Mobile Devices,6,7999,0,Debit Card,Pending,,67 Mabini St.,Call customer
O003131,2024-05-05 11:29:00,C00724,E0193,Webcam,Office Furniture,2,9999,0.15,GCash,Returned,Store,384 Quezon St.,Deliver after 5PM
O003132,2025-05-18 16:27:00,C00030,E0059,Monitor,Electronics,8,19999,,GCash,Returned,Marketplace,"Unit 17, Building 44",Call customer
O003133,2025-09-30 04:24:00,C00754,E0077,External Drive,Office Furniture,3,4999,0.03,Bank Transfer,Cancelled ,Store," unit 11, building 34 ",Urgent
O003134,2022-04-27 09:00:00,C00866,E0060,Monitor,Office Furniture,5,1999,0,Cash,Pending,Online,415 rizal st.,
O003135,2023-09-19 11:05:00,C00466,E0027,Webcam,Office Furniture,10,1499,,credit card , Pending,online,19 Quezon St.,Urgent
O003136,2024-12-04 05:16:00,C00189,E0176,UPS,Electronics,4,799,0.15, cash ,Shipped,STORE,"Unit 14, Building 23",Call customer
O003137,2024-08-18 18:54:00,C00053,E0025, MOUSE,Computer Accessories,7,2999,0.1,Debit Card,Delivered,Store,655 Rizal St.,Deliver after 5PM
O003138,2023-09-28 16:16:00,C00232,E0081,Laptop,ELECTRONICS ,5,14999,,Credit Card,Returned,,"Unit 14, Building 44",
O003139,2025-05-16 13:04:00,C00761,E0147,Monitor,Electronics,3,7999,0.05,Credit Card,Shipped,Store, 324 MAIN ST. ,Gift order
O003140,2024-01-25 16:48:00,C00492,E0179,Projector,Mobile Devices,6,14999,0.1,PayPal, Shipped,online,411 Mabini St.,Deliver after 5PM
O003141,2022-05-06 13:17:00,C00964,E0150,Office Chair,Networking,1,499,0.03,Cash,Pending,,"Unit 15, Building 10",Deliver after 5PM
O003142,2023-08-16 16:28:00,C00350,E0058,Monitor,Electronics,7,799,0.15, CASH,Delivered,Online,378 Main St.,Call customer
O003143,2023-07-21 10:38:00,C00744,E0151,Webcam,Computer Accessories,4,4999,0.1,Cash,Processing,Marketplace,"Unit 11, Building 45",Urgent
O003144,2023-05-20 02:33:00,C00039,E0050, office chair,Computer Accessories,2,1999,0.1,GCash,Returned,STORE,"Unit 14, Building 5",Call customer
O003145,2024-12-08 11:19:00,C00756,E0042,Router,Mobile Devices,5,1499,0,GCASH ,Delivered,Marketplace,577 Mabini St.,Gift order
O003146,2023-10-24 09:44:00,C00085,E0115,Printer,Electronics,1,7999,0.2,Bank Transfer,Cancelled,,409 Mabini St.,Gift order
O003147,2024-03-13 02:46:00,C00866,E0115,Tablet,Office Furniture,7,,0.03,Cash,Cancelled,online,74 Main St.,Gift order
O003148,2025-10-24 22:50:00,C00755,E0071,UPS,Mobile Devices,10,799,0.03,Credit Card,Pending,Online,"Unit 2, Building 10",Call customer
O003149,2024-12-11 03:50:00,C00073,E0171,Keyboard,Computer Accessories,7,7999,0.03,Debit Card,PENDING,online,"Unit 5, Building 48",
O003150,2023-09-28 01:25:00,C00691,E0245,UPS,Office Furniture,10,4999,0.1, bank transfer,Delivered,,"Unit 1, Building 37",
O003151,2025-10-10 00:01:00,C00183,E0092,Headset,electronics,4,499,0,PayPal,Cancelled,Online,963 Main St.,Gift order
O003152,2022-12-14 13:36:00,C00618,E0237,Webcam,Office Furniture,10,2999,0.03,Bank Transfer,Returned,STORE,"Unit 11, Building 34",
O003153,2025-03-28 11:53:00,C00417,E0047,Smartphone ,Mobile Devices,4,2999,0,PayPal ,Processing,,"Unit 5, Building 32",
O003154,2022-08-31 23:19:00,C00193,E0031,, Office Furniture ,1,499,0.2,Bank Transfer,Cancelled,Online,475 Main St.,
O003155,2022-03-10 22:25:00,C00088,E0123,Router, networking ,7,1999,0.03,PayPal,Processing,Marketplace," Unit 11, Building 28 ",
O003156,2024-05-23 19:17:00,C00089,E0063,Monitor,Mobile Devices,10,799,0.1,Bank Transfer,Returned,Marketplace,933 Main St.,
O003157,2022-08-25 23:51:00,C00822,E0050,Keyboard,Networking,8,799,0.15,Credit Card,Cancelled,Online,456 Mabini St.,
O003158,2023-01-25 12:27:00,C00439,E0103,Desk,Office Furniture,5,4999,0.2,Cash ,Cancelled,Store,128 Bonifacio St.,Call customer
O003159,2022-12-04 23:16:00,C00851,E0104, MOUSE ,Networking,1,7999,0.2,Credit Card,Shipped,Online,"Unit 4, Building 23",Urgent
O003160,2023-07-04 17:42:00,C00266,E0239,Keyboard,Networking,2,14999,,Debit Card,Processing,STORE,,
O003161,2024-11-26 15:52:00,C00953,E0084,Monitor,Computer Accessories,10,7999,0.15,,Returned,online,117 Rizal St.,Call customer
O003162,2025-05-21 10:59:00,C00621,E0127,Smartphone,Networking,5,1499,0.05,Cash,Shipped,STORE," UNIT 8, BUILDING 10 ",Gift order
O003163,2025-06-24 09:25:00,C00405,E0191,Router,Electronics,8,4999,0.2,GCash,Cancelled,online, 51 Mabini St.,Call customer
O003164,2025-04-09 09:31:00,C00679,E0009,monitor,Office Furniture,6,2999,0.05,GCash,,online,"Unit 16, Building 2",Call customer
O003165,2023-02-14 08:32:00,C00054,E0223,Tablet,Office Furniture,1,499,0.15, Debit Card ,Cancelled,online,,Deliver after 5PM
O003166,2024-08-05 19:06:00,C00687,E0101,Tablet,Mobile Devices,9,1499,0.05, PayPal ,Cancelled,STORE,732 Bonifacio St.,Gift order
O003167,2025-08-24 17:47:00,C00854,E0093,Mouse,Networking,9,1499,0.1, Debit Card,Pending,online,172 Quezon St.,Urgent
O003168,2024-07-22 17:50:00,C00845,E0098,External Drive,,6,7999,0.03,Credit Card, DELIVERED,online,"Unit 12, Building 5",Deliver after 5PM
O003169,2025-05-23 22:08:00,C00088,E0131,Webcam,Networking,6,799,0.1,Debit Card, Returned,Online,"Unit 2, Building 42",
O003170,2025-06-28 03:45:00,C00539,E0057,Keyboard,,8,2999,0.2,Debit Card,Delivered,STORE,"Unit 14, Building 14",Gift order
O003171,2023-11-15 08:29:00,C00534,E0085,Tablet,Mobile Devices,3,1499,,Debit Card,Delivered,Online,"Unit 7, Building 17",Urgent
O003172,2023-05-14 07:05:00,C00574,E0144,Webcam,Networking,8,9999,0,Cash,Shipped,,955 Main St.,
O003173,2023-04-09 09:22:00,C00325,E0181,Desk,Computer Accessories,6,1499,0.2,,Pending,online,"Unit 14, Building 27",Gift order
O003174,2023-07-06 00:25:00,C00771,E0012,Router,Networking,,1499,,Credit Card,Shipped,STORE,716 Mabini St.,Urgent
O003175,2024-12-02 06:30:00,C00808,E0136,Projector,Networking,5,999,0.03,Debit Card,Delivered,STORE,530 Mabini St.,Gift order
O003176,2023-11-06 08:52:00,C00263,E0084,Headset,OFFICE FURNITURE,4,4999,0.03,Credit Card,Delivered,online,359 Mabini St.,Gift order
O003177,2024-06-13 08:11:00,C00097,E0247,Projector,Computer Accessories,2,14999,0.03,Bank Transfer,,online,3 Mabini St.,Gift order
O003178,2024-10-28 20:31:00,C00144,E0054,Router,Mobile Devices,4,1999,0.03,Bank Transfer ,PENDING ,Online,"Unit 1, Building 19",
O003179,2025-05-21 13:49:00,C00792,E0021,Mouse,Computer Accessories,3,1499,0,PayPal,Processing,,452 Bonifacio St.,Call customer
O003180,2024-09-04 03:19:00,C00340,E0212,External Drive,Computer Accessories,4,14999,0.03,Bank Transfer,Cancelled,Online,"Unit 16, Building 10",Deliver after 5PM
O003181,2025-12-20 06:10:00,C00097,E0135,External Drive,Computer Accessories,7,14999,0.03,PayPal,Shipped,Store,880 Quezon St.,Call customer
O003182,2023-12-30 07:30:00,C00091,E0247,Mouse,Computer Accessories,2,1999,0,GCash,Pending,online,"Unit 5, Building 11",
O003183,2022-04-13 18:20:00,C00305,E0038,Laptop,Networking,8,2999,0.2,Credit Card,Shipped,Marketplace,521 Mabini St.,
O003184,2025-03-03 17:40:00,C00521,E0050,Webcam, Mobile Devices,1,14999,0.2,GCash, Pending ,STORE,"Unit 18, Building 10",Deliver after 5PM
O003185,2024-10-13 06:07:00,C00250,E0240,Tablet,Electronics,1,1499,0.03,PayPal,Processing,online,542 Bonifacio St.,
O003186,2024-08-05 09:06:00,C00245,E0026,Projector,Computer Accessories,9,9999,0.1,Debit Card,Processing,,"Unit 10, Building 38",
O003187,2022-09-29 21:31:00,C00050,E0051,Webcam,Computer Accessories,1,19999,0.15,Cash,Pending,Marketplace,758 Mabini St.,Urgent
O003188,2022-04-16 19:00:00,C00538,E0005,Mouse,Networking,2,999,0.15, cash, cancelled,,387 Quezon St.,Deliver after 5PM
O003189,2022-08-03 20:10:00,C00200,E0121,Smartphone,Office Furniture,7,7999,0.15,PayPal,Cancelled,,243 Mabini St.,Deliver after 5PM
O003190,2023-12-01 04:07:00,C00561,E0108,Tablet,Computer Accessories,8,14999,0.03,Cash,Cancelled,Marketplace,"Unit 17, Building 37",Call customer
O003191,2022-10-11 03:07:00,C00900,E0233,,Office Furniture,6,9999,0.1,GCash,Cancelled,, 847 main st. ,Call customer
O003192,2022-03-15 14:41:00,C00068,E0135,,Networking,5,9999,0.03,Debit Card,Delivered,online,"unit 19, building 49 ",Deliver after 5PM
O003193,2024-12-13 09:15:00,C00290,E0010,Webcam,Computer Accessories,3,499,0.05,Credit Card,Returned,," unit 4, building 44",Call customer
O003194,2022-08-02 22:47:00,C00233,E0143,Printer,Office Furniture,7,7999,0.03,Credit Card,Cancelled,online,399 Main St.,Urgent
O003195,2025-05-11 21:13:00,C00277,E0125,Smartphone,Networking,10,2999,,Credit Card,Pending,Store,"Unit 4, Building 34",Deliver after 5PM
O003196,2023-10-26 17:56:00,C00530,E0108,Printer,Computer Accessories,8,799,0.2, Cash ,Processing,Online,"Unit 3, Building 22",
O003197,2022-09-15 07:51:00,C00261,E0223,Headset,Mobile Devices,10,19999,0.1,Cash, pending,Store,"Unit 12, Building 22",
O003198,2023-06-26 06:40:00,C00688,E0022, External Drive ,Office Furniture,10,799,0.15,Credit Card,Pending,,"Unit 16, Building 20",Deliver after 5PM
O003199,2025-03-08 07:19:00,C00322,E0042,Laptop,Computer Accessories,5,14999,0.1,GCash,Delivered,,931 Main St.,
O003200,2025-02-22 02:12:00,C00348,E0008,Desk,Electronics,,4999,0.1,Bank Transfer,Pending,STORE,"Unit 6, Building 23 ",
O003201,2024-07-11 05:48:00,C00790,E0175,Tablet,Office Furniture,3,7999,0,Cash,Shipped,Marketplace,"Unit 14, Building 39",
O003202,2023-10-30 15:04:00,C00496,E0118,Laptop,Networking,2,9999,,GCash,Processing,Store,"Unit 12, Building 8",
O003203,2023-04-14 23:45:00,C00535,E0177,Desk,Mobile Devices,5,1999,0,Bank Transfer,Processing,online,562 Bonifacio St.,Deliver after 5PM
O003204,2024-04-17 21:52:00,C00050,E0129,Laptop,Electronics,1,999,0.1,Credit Card,Pending,online,"Unit 16, Building 17",Deliver after 5PM
O003205,2025-05-02 17:34:00,C00730,E0075,Keyboard,Computer Accessories,9,9999,,,Pending,Marketplace,411 Mabini St.,Deliver after 5PM
O003206,2022-11-29 16:52:00,C00898,E0155,Office Chair,Office Furniture,5,4999,0.1,Bank Transfer,Processing,Marketplace,157 Mabini St.,Deliver after 5PM
O003207,2023-01-17 12:32:00,C00349,E0012,Desk,Electronics,1,2999,0.03,Bank Transfer,Processing,Online,898 Quezon St.,
O003208,2022-09-28 06:51:00,C00261,E0127,Desk,Mobile Devices,10,,0.2,Debit Card,Processing,STORE,27 Bonifacio St.,Deliver after 5PM
O003209,2022-04-06 18:40:00,C00344,E0070,Smartphone,Electronics,4,1499,0.05,Credit Card,Shipped,Online,"Unit 13, Building 32",Gift order
O003210,2022-06-16 13:17:00,C00119,E0200,,Electronics,1,1999,,Credit Card ,Shipped,Store,406 RIZAL ST.,
O003211,2023-09-11 08:36:00,C00376,E0120,Laptop,Computer Accessories,3,4999,0.05,Bank Transfer,Returned,Online,916 Mabini St.,Call customer
O003212,2023-06-23 03:09:00,C00710,E0093,UPS,Computer Accessories,4,1999,,PayPal,Delivered,online,177 Rizal St.,Urgent
O003213,2025-11-03 19:24:00,C00674,E0218,Desk,Mobile Devices,8,799,0.15,Debit Card,Shipped,,"Unit 8, Building 38",Call customer
O003214,2025-05-02 09:14:00,C00233,E0117,Monitor,Computer Accessories,7,7999,0.2,Bank Transfer,Pending,Online,"Unit 5, Building 31 ",
O003215,2023-05-19 10:40:00,C00497,E0058,Desk,Networking,5,7999,0.1, Credit Card ,Shipped,Online,7 Quezon St.,
O003216,2022-12-29 21:06:00,C00114,E0041,Laptop,Office Furniture,4,499,0.1,Cash,Shipped,Store,"Unit 7, Building 25",
O003217,2025-08-14 04:42:00,C00442,E0076,,Electronics,9,4999,0.03,Bank Transfer,Pending,STORE,"Unit 19, Building 45",Call customer
O003218,2023-10-13 20:19:00,C00225,E0152,Laptop,Networking,1,1999,0.1,GCash,Processing,Marketplace," Unit 9, Building 13 ",Gift order
O003219,2024-03-17 12:04:00,C00607,E0082,Desk, computer accessories,4,499,0,Debit Card,Cancelled,online,"Unit 20, Building 2",Call customer
O003220,2023-08-25 21:12:00,C00607,E0070,Mouse,Electronics,3,9999,0.03,Credit Card,Pending,online,"Unit 7, Building 22",
O003221,2025-02-18 11:54:00,C00194,E0033,Desk,Networking,6,9999,0,GCash,Shipped,STORE,"Unit 10, Building 34",Call customer
O003222,2023-03-10 03:11:00,C00880,E0155,External Drive, Networking,6,2999,,,Returned,Store,"Unit 15, Building 44",Deliver after 5PM
O003223,2024-09-30 00:18:00,C00808,E0005,Headset,,8,7999,0.03,Debit Card,Cancelled,Store,644 Bonifacio St.,
O003224,2025-05-04 14:12:00,C00152,E0066,Monitor,Networking,6,799,,Credit Card,Cancelled,Marketplace,222 Main St.,Gift order
O003225,2024-01-18 20:33:00,C00611,E0049,Keyboard,Office Furniture,9,799,,GCash ,Returned,,816 Bonifacio St.,Urgent
O003226,2022-11-09 05:46:00,C00423,E0016,Laptop,Networking,10,1499,0.05,debit card ,Shipped,STORE,"Unit 19, Building 26",
O003227,2023-06-24 13:57:00,C00558,E0032,Keyboard,Electronics,8,999,0,Bank Transfer,Processing,online,"Unit 13, Building 14",Gift order
O003228,2023-01-12 15:12:00,C00042,E0132,Office Chair,Networking,5,499,0.1,Bank Transfer,Pending,online,"Unit 5, Building 32",Deliver after 5PM
O003229,2024-11-06 10:15:00,C00088,E0199,Laptop,Computer Accessories,7,799,0.15,Credit Card,Cancelled,,"Unit 1, Building 43",Deliver after 5PM
O003230,2024-10-03 00:39:00,C00692,E0139,Printer,Mobile Devices,3,799,0, GCASH,Processing,online,"Unit 6, Building 16",Call customer
O003231,2023-09-09 06:34:00,C00583,E0036,Mouse,Networking,8,999,,GCash,Shipped,Marketplace,444 Mabini St.,
O003232,2023-05-31 05:06:00,C00573,E0213,Projector,Computer Accessories,6,1999,0.05,Credit Card,,Store,"Unit 14, Building 5",
O003233,2025-10-15 07:20:00,C00601,E0091,Tablet,Networking,10,14999,0.2,Credit Card,,STORE,"Unit 15, Building 16",Call customer
O003234,2024-03-15 02:05:00,C00601,E0175,Monitor,Electronics,5,499,0.15,Debit Card,Pending,Marketplace,"Unit 15, Building 13",Urgent
O003235,2023-10-31 23:01:00,C00957,E0149,,Office Furniture,1,799,,GCash, delivered,Marketplace,39 Mabini St.,
O003236,2023-09-12 09:10:00,C00396,E0213,Keyboard,Office Furniture,6,799,0.2,Credit Card,Shipped,Store,,Gift order
O003237,2024-01-28 09:09:00,C00881,E0063,Router,office furniture,6,999,0.15,Cash,Returned,Store,566 Mabini St.,Deliver after 5PM
O003238,2024-12-24 19:51:00,C00340,E0021,Laptop,Office Furniture ,2,9999,, credit card ,Pending,STORE,721 Rizal St.,Call customer
O003239,2024-08-12 22:28:00,C00725,E0212,Monitor,Office Furniture,3,14999,0.1,Debit Card,Processing,Marketplace,"Unit 5, Building 22",
O003240,2025-11-30 07:47:00,C00053,E0158,Smartphone,Networking,7,799,0,GCash,Shipped,Store, 108 MABINI ST. ,Call customer
O003241,2025-10-28 13:32:00,C00637,E0030, Printer,Computer Accessories,8,7999,0.1,Cash,Cancelled,online,"Unit 11, Building 47",Urgent
O003242,2022-07-17 02:03:00,C00841,E0048,Mouse,office furniture ,3,1499,0.03,GCash,Pending,online,945 Main St.,Call customer
O003243,2024-04-07 13:45:00,C00393,E0038, Smartphone ,Networking,,1499,0.05,Credit Card,Returned,STORE,384 Bonifacio St.,
O003244,2025-07-25 05:47:00,C00090,E0207,UPS,Mobile Devices,4,1499,0.2,GCash,Delivered,Marketplace,"Unit 8, Building 35",Urgent
O003245,2025-03-25 19:28:00,C00486,E0051, Monitor , office furniture,7,9999,0.05,GCash,Pending,Store,"Unit 20, Building 10",Call customer
O003246,2022-02-13 18:15:00,C00557,E0019,Headset,,4,499,0.15,,Returned,Store,887 rizal st.,Gift order
O003247,2023-08-23 15:09:00,C00671,E0147,Smartphone,Electronics,6,4999,0.1,Cash,Processing,online,109 Main St.,Gift order
O003248,2025-07-31 00:50:00,C00191,E0052,Laptop, Electronics,7,1999,0,Bank Transfer,Pending,Online,690 Main St.,Gift order
O003249,2025-07-31 03:08:00,C00178,E0065,Office Chair,OFFICE FURNITURE ,1,19999,0.2,Cash,Returned,Marketplace,169 Bonifacio St.,Gift order
O003250,2024-07-01 06:29:00,C00389,E0077,Laptop ,Office Furniture,4,1999,, PAYPAL ,Processing,,612 Mabini St.,
O003251,2025-07-04 03:57:00,C00115,E0035,Mouse,Networking,4,1499,0.2,,Processing,online,921 Quezon St.,
O003252,2024-10-02 00:36:00,C00304,E0052,Router,Networking,7,7999,0,Debit Card,Shipped,online,"Unit 12, Building 20",
O003253,2025-07-18 23:24:00,C00419,E0050,Tablet,Computer Accessories,2,7999,0.1,Debit Card,Cancelled,Online,"Unit 14, Building 48",Gift order
O003254,2022-06-06 00:09:00,C00848,E0206,Smartphone, ELECTRONICS,5,14999,0.1, Cash ,Pending,STORE,634 Main St.,
O003255,2022-05-15 04:47:00,C00418,E0244,keyboard ,Office Furniture,4,19999,0.2,PAYPAL, PENDING ,Marketplace,539 Quezon St.,
O003256,2022-09-24 04:42:00,C00063,E0196,Printer,Networking,8,799,0.15, Cash ,Pending,online,"Unit 4, Building 46",Gift order
O003257,2022-09-23 13:31:00,C00753,E0073,Router, office furniture,3,799,0.1,GCash,Cancelled,Online,755 Rizal St.,
O003258,2022-07-11 21:12:00,C00891,E0204,Headset,Office Furniture,10,9999,0.1,GCash,Cancelled,online,"Unit 6, Building 26",
O003259,2022-09-09 15:38:00,C00658,E0236,Mouse,Mobile Devices,4,14999,0.03,,Processing,Marketplace,517 Quezon St.,Deliver after 5PM
O003260,2024-02-18 19:10:00,C00244,E0122,Headset,Computer Accessories,,799,0.1,Debit Card,Processing,online,"UNIT 1, BUILDING 31 ",Call customer
O003261,2024-08-10 19:51:00,C00213,E0073,Router,Computer Accessories,5,1499,0.03,Bank Transfer,Processing,Store,175 Rizal St.,Call customer
O003262,2022-01-04 00:40:00,C00194,E0085,,Mobile Devices,3,14999,0.15,Bank Transfer,Pending,Marketplace,,Gift order
O003263,2025-07-15 23:04:00,C00962,E0129,Printer,Computer Accessories,3,4999,, Cash,Shipped,Store,381 Rizal St.,
O003264,2024-11-12 02:01:00,C00615,E0026,Router,Networking,1,499,,Bank Transfer, PENDING,,"Unit 4, Building 48",Deliver after 5PM
O003265,2024-09-26 17:47:00,C00508,E0106,Smartphone,Networking,4,9999,,Bank Transfer,Pending,online,,Call customer
O003266,2023-08-13 09:11:00,C00120,E0013,UPS,Mobile Devices,1,7999,0.05,Debit Card, Returned,Store,"Unit 16, Building 44",
O003267,2024-12-30 23:19:00,C00146,E0036,Mouse,Mobile Devices,2,9999,0,Cash,Shipped,," unit 12, building 16",Gift order
O003268,2025-10-20 06:06:00,C00897,E0250,External Drive,computer accessories ,9,19999,0.1,Credit Card,Processing,Online,"Unit 16, Building 2",Deliver after 5PM
O003269,2023-06-06 11:14:00,C00615,E0021,Smartphone,Office Furniture,2,2999,0.1,Cash,Processing,STORE,531 Rizal St.,
O003270,2024-11-20 12:02:00,C00337,E0014,Projector,Electronics,2,2999,0.15,Debit Card,Returned,Marketplace,"UNIT 7, BUILDING 16",Urgent
O003271,2023-04-15 06:19:00,C00759,E0231,Office Chair,Electronics,2,799,0.2,Debit Card,Delivered,Marketplace,"Unit 6, Building 38",Urgent
O003272,2022-05-02 22:48:00,C00316,E0171,Mouse, Office Furniture,1,1999,0.1,Credit Card,Returned,,"Unit 16, Building 8",
O003273,2025-03-01 17:34:00,C00795,E0053,Keyboard,Office Furniture,10,9999,0.1,Debit Card, Delivered ,Marketplace,"Unit 7, Building 42",Gift order
O003274,2022-11-07 23:02:00,C00226,E0068,Webcam,,2,14999,0.2,Debit Card,Shipped,,"Unit 18, Building 22",
O003275,2025-11-06 04:18:00,C00019,E0176,External Drive,Office Furniture,8,9999,0,Bank Transfer,Processing,Marketplace,"Unit 9, Building 20",Deliver after 5PM
O003276,2025-10-25 23:58:00,C00137,E0144,External Drive,Electronics,10,7999,0,Credit Card, Returned,online,731 Quezon St.,
O003277,2024-04-14 07:00:00,C00168,E0177,Printer, Office Furniture,8,19999,0.1, bank transfer ,Pending,Online,718 Bonifacio St.,Gift order
O003278,2025-10-23 13:24:00,C00711,E0085,Webcam,Computer Accessories,7,499,0.05,Bank Transfer,Pending,,337 Bonifacio St.,Gift order
O003279,2025-07-13 18:30:00,C00951,E0090, Tablet,Computer Accessories,2,7999,0,PayPal,Cancelled,online,993 Main St.,
O003280,2025-01-14 00:45:00,C00888,E0228,Webcam,Networking,9,14999,0.15,Bank Transfer,Processing,Marketplace," unit 19, building 33",Call customer
O003281,2025-12-06 05:18:00,C00155,E0002,Laptop, Office Furniture,10,1499,0,Debit Card ,Returned,online," UNIT 9, BUILDING 30 ",Urgent
O003282,2024-10-22 16:00:00,C00367,E0049,Projector,Electronics,4,1999,0.05,Bank Transfer,Processing,Store,"Unit 13, Building 37",Call customer
O003283,2025-07-19 05:10:00,C00066,E0033,Webcam,Networking,1,799,0.05,PayPal, PENDING,online,"Unit 4, Building 26",
O003284,2022-10-18 08:05:00,C00796,E0218,Smartphone,Office Furniture,9,799,0.1,Cash,Processing,STORE,562 rizal st. ,Gift order
O003285,2022-04-23 02:28:00,C00257,E0156,External Drive,Electronics,4,799,0.15,GCash,Delivered ,Marketplace,,
O003286,2024-05-30 04:48:00,C00820,E0126,Desk,Electronics,5,999,0.2,Cash,Processing,Marketplace,"Unit 9, Building 46",Call customer
O003287,2024-06-27 02:01:00,C00270,E0085, Projector,Office Furniture,8,1499,0.1,Debit Card,Pending,STORE,899 Quezon St.,Call customer
O003288,2022-03-01 21:34:00,C00486,E0077,Monitor, Computer Accessories ,7,999,0.15,Credit Card ,Returned,,58 Main St.,Urgent
O003289,2023-02-16 08:08:00,C00426,E0185,Projector ,Mobile Devices,8,1999,,Credit Card,Pending,Store,"Unit 7, Building 50",Call customer
O003290,2022-10-06 05:28:00,C00352,E0206, UPS ,Mobile Devices,5,4999,0.1,GCash,Shipped,online,"Unit 19, Building 13",Gift order
O003291,2022-04-20 06:08:00,C00369,E0111,Office Chair,Office Furniture,5,499,,Credit Card,Delivered,online,"Unit 2, Building 35",Gift order
O003292,2022-08-07 22:09:00,C00066,E0162,Webcam,Networking,1,7999,0.15,Cash,Pending,online,241 Mabini St.,
O003293,2024-06-03 11:43:00,C00979,E0081,Mouse,Mobile Devices,10,7999,0.1,Credit Card,Pending,,980 Quezon St.,Deliver after 5PM
O003294,2023-12-28 03:24:00,C00125,E0050,Printer,Networking,2,9999,0.05,Cash,Pending,online,324 Rizal St.,Gift order
O003295,2025-06-28 21:41:00,C00379,E0037,Smartphone,Electronics,5,2999,0.15,,Pending,online,244 Mabini St.,Urgent
O003296,2025-02-15 23:32:00,C00814,E0089,,Office Furniture,10,14999,0.05,Cash,Cancelled,,616 Main St.,
O003297,2024-03-30 14:52:00,C00233,E0242, Tablet ,Office Furniture,3,1999,0.2,gcash,Pending,STORE,"Unit 10, Building 1",Urgent
O003298,2023-06-27 15:52:00,C00523,E0222, Desk,COMPUTER ACCESSORIES,10,7999,0.1, Bank Transfer ,Processing,STORE,203 Bonifacio St.,Urgent
O003299,2024-04-16 04:09:00,C00752,E0230,Headset,Mobile Devices,8,7999,0.2,Credit Card,Returned,Marketplace,"Unit 9, Building 8",
O003300,2024-03-28 05:12:00,C00263,E0173,Projector,Office Furniture,4,14999,0.03, bank transfer ,Shipped ,Marketplace,146 Bonifacio St.,
O003301,2023-04-10 23:24:00,C00053,E0002,,Networking,7,1999,0.05,PayPal,Delivered,Store,"Unit 1, Building 15",
O003302,2023-06-27 21:56:00,C00315,E0013,Webcam,,6,999,0.05,PayPal, Delivered ,Marketplace,"Unit 14, Building 24",Gift order
O003303,2023-08-27 20:52:00,C00842,E0185,Keyboard,Networking,7,9999,0.03,Bank Transfer,Pending,,161 Bonifacio St.,
O003304,2023-07-18 03:26:00,C00005,E0130,Desk,Mobile Devices,4,7999,0.1,PayPal,Cancelled,Store,"Unit 16, Building 46",Urgent
O003305,2024-10-17 03:53:00,C00248,E0005,Printer,Networking,8,999,0.15,GCash ,Delivered,Store,"Unit 10, Building 38",
O003306,2025-09-02 23:48:00,C00462,E0026,Tablet,Computer Accessories,7,1999,0.2,GCash,Shipped,Store,"Unit 6, Building 37",Urgent
O003307,2025-11-19 14:48:00,C00503,E0133,Monitor,Mobile Devices ,6,999,0.2,Cash,Shipped,Marketplace,528 Rizal St.,Call customer
O003308,2022-08-21 23:35:00,C00017,E0076,,Office Furniture,10,499,0.15,Debit Card,Delivered,online,957 Main St.,Deliver after 5PM
O003309,2024-11-06 07:15:00,C00247,E0001,Tablet,Networking,9,499,0.1,Debit Card,Returned,online,676 Mabini St.,Urgent
O003310,2025-06-09 00:00:00,C00126,E0015,UPS,Electronics,7,999,0,PayPal,Processing,STORE,"Unit 16, Building 25",
O003311,2024-06-12 02:42:00,C00502,E0108,Headset, OFFICE FURNITURE,7,1999,0.03,PayPal,Processing,online,953 Main St.,
O003312,2022-09-13 22:11:00,C00501,E0179,Tablet, NETWORKING ,9,9999,,Bank Transfer,Pending,STORE,553 Rizal St.,
O003313,2023-01-05 11:45:00,C00259,E0175, router,Electronics,3,499,0.15,Debit Card, Returned,Store,43 Bonifacio St.,
O003314,2024-10-23 07:45:00,C00326,E0229,Headset,Networking,7,1499,0.05,Debit Card,Processing,,327 Mabini St.,Call customer
O003315,2022-12-26 03:47:00,C00881,E0225,Desk,,7,14999,0.03,PayPal, cancelled,Marketplace,188 Quezon St.,
O003316,2024-05-30 23:01:00,C00963,E0211,Office Chair,Office Furniture,10,499,0,Cash,Returned,STORE,"Unit 14, Building 50",Call customer
O003317,2024-04-18 12:25:00,C00220,E0120, MOUSE,Office Furniture,,9999,0.05,PayPal,Shipped,Marketplace," Unit 1, Building 45",
O003318,2022-03-06 08:34:00,C00357,E0078,Desk, Networking,9,499,0.05,PayPal,Processing,Online,108 Rizal St.,Deliver after 5PM
O003319,2025-10-17 18:23:00,C00867,E0092,Mouse,Electronics,7,999,0.05,GCash,Processing,STORE,"Unit 12, Building 47",
O003320,2025-01-27 03:46:00,C00234,E0159,Webcam, Networking,6,799,0.03,GCash,shipped ,online,694 Main St.,Urgent
O003321,2024-01-06 13:05:00,C00796,E0099, laptop ,Electronics,1,4999,0.03,credit card,Processing,online,377 Bonifacio St.,
O003322,2022-11-14 13:16:00,C00955,E0007,Smartphone, computer accessories,1,7999,, GCash ,Returned,Store,"Unit 7, Building 41",Urgent
O003323,2024-07-11 00:33:00,C00784,E0189,Projector,NETWORKING,8,799,0.03,PayPal,Processing,Marketplace,"Unit 3, Building 14",Call customer
O003324,2023-12-11 04:09:00,C00006,E0226, external drive, Office Furniture,8,4999,0.05,Bank Transfer,Cancelled,Online,"Unit 9, Building 8",Urgent
O003325,2025-09-15 05:58:00,C00800,E0029, Webcam,,5,1999,0.05, Debit Card,Cancelled,Marketplace,562 Bonifacio St.,Deliver after 5PM
O003326,2023-11-28 22:53:00,C00598,E0181,Keyboard,Mobile Devices,6,799,0.15,CREDIT CARD,,online,"Unit 3, Building 12",Call customer
O003327,2022-11-25 06:44:00,C00354,E0236,Smartphone,Office Furniture,10,4999,0,GCash,Returned,Marketplace,932 Rizal St.,Deliver after 5PM
O003328,2022-01-11 06:25:00,C00633,E0238,Router,Mobile Devices,5,499,0,Bank Transfer,Processing,online, 551 Main St.,
O003329,2023-12-23 20:35:00,C00825,E0221,Keyboard,,2,499,0,PayPal,Processing,Online,"Unit 6, Building 19",Urgent
O003330,2023-09-19 18:20:00,C00145,E0013,Smartphone,Electronics,1,4999,0,Debit Card ,SHIPPED,Store,"Unit 19, Building 7",Gift order
O003331,2023-10-22 03:16:00,C00504,E0102,Laptop,Electronics,5,1999,0.03,Bank Transfer,Processing,online, 413 MABINI ST. ,Call customer
O003332,2022-02-07 07:09:00,C00473,E0007,Laptop,Electronics,9,7999,0.05,cash,Delivered,Marketplace,"Unit 15, Building 33",
O003333,2025-08-08 22:50:00,C00835,E0110,,Electronics,8,1499,,Debit Card,Shipped,Marketplace,658 Rizal St.,Gift order
O003334,2022-05-11 03:02:00,C00987,E0118, Smartphone,Networking,9,1499,0.1,Debit Card,Shipped,Online,"Unit 6, Building 47",Call customer
O003335,2024-12-07 22:32:00,C00656,E0188,Printer,Office Furniture,10,1499,0.05,Bank Transfer,Cancelled,online,681 RIZAL ST.,Urgent
O003336,2024-07-14 17:28:00,C00072,E0098,Monitor,Electronics,2,799,0.15,GCash,Pending,Store,"Unit 2, Building 8",Call customer
O003337,2024-05-17 12:21:00,C00808,E0202,Keyboard,Mobile Devices,1,499,,Credit Card,Processing,Store,328 Mabini St.,
O003338,2023-02-28 07:19:00,C00059,E0150,Webcam,Networking,4,4999,,Bank Transfer,Delivered,STORE,735 Mabini St.,
O003339,2025-11-20 18:15:00,C00748,E0081,Mouse,Networking,1,499,0.1,Debit Card,Processing,Online,405 Main St.,
O003340,2024-10-27 06:36:00,C00509,E0048,UPS,Office Furniture,8,7999,,Cash,Pending,,602 Main St.,
O003341,2024-01-16 04:59:00,C00870,E0250,ups ,Networking,9,19999,0.2,Cash,DELIVERED ,,"Unit 11, Building 24",
O003342,2023-06-18 21:24:00,C00352,E0180, Headset ,Networking,6,2999,0,,Processing,online,"Unit 16, Building 6",
O003343,2024-06-14 05:12:00,C00162,E0168, Router,Office Furniture,2,19999,0.15,GCash ,Processing,online," Unit 8, Building 5 ",Deliver after 5PM
O003344,2022-11-01 07:49:00,C00605,E0036,Mouse,Mobile Devices,2,1499,0.05,Cash,Pending,," UNIT 18, BUILDING 30",Deliver after 5PM
O003345,2023-10-03 05:32:00,C00600,E0131,Projector,Networking,7,4999,0.2,Bank Transfer, Processing,,391 MABINI ST.,
O003346,2024-08-06 05:08:00,C00503,E0034,Headset,Mobile Devices,9,499,0.2,Credit Card,Delivered,STORE,346 Quezon St.,Gift order
O003347,2024-10-30 08:44:00,C00802,E0110,Projector,Computer Accessories,4,4999,0,Cash, delivered,,"Unit 9, Building 10",Urgent
O003348,2025-08-02 23:31:00,C00648,E0141,Smartphone,Electronics,1,2999,,Debit Card,Returned,Store,"Unit 15, Building 19",
O003349,2025-05-28 16:12:00,C00941,E0137, headset,COMPUTER ACCESSORIES,2,19999,0.03,Bank Transfer,Returned,Marketplace," UNIT 10, BUILDING 26",Deliver after 5PM
O003350,2022-01-27 16:24:00,C00772,E0155,Smartphone,Computer Accessories,2,4999,0.2,Bank Transfer,Processing,Marketplace,"Unit 4, Building 25",Gift order
O003351,2025-10-19 19:01:00,C00975,E0109,,Electronics,1,499,0,Bank Transfer,Returned,STORE,"Unit 10, Building 37",Call customer
O003352,2025-11-06 02:36:00,C00881,E0133,Mouse,Networking,8,1999,0.03,Bank Transfer,Cancelled,Online,"Unit 19, Building 29",
O003353,2022-02-21 09:55:00,C00714,E0234,External Drive,Office Furniture,3,7999,0.15, cash , Returned ,Marketplace,32 Main St.,Gift order
O003354,2025-12-19 09:11:00,C00711,E0216,Projector,Mobile Devices,6,14999,0.03,PayPal,Processing,STORE,639 Quezon St.,Deliver after 5PM
O003355,2023-08-16 16:52:00,C00162,E0196,Desk,Computer Accessories,3,4999,0.05,BANK TRANSFER,Returned,online,249 Main St.,
O003356,2023-10-25 08:18:00,C00746,E0205,Office Chair,Electronics,,1999,0.2,PayPal,Returned,Marketplace,887 Quezon St.,Urgent
O003357,2022-07-14 21:12:00,C00707,E0088,External Drive,Networking,1,14999,0.2,Credit Card,Returned,Online,68 Main St.,
O003358,2022-06-09 14:57:00,C00362,E0243,Router, electronics,1,4999,0.03,GCash,Cancelled,Store,"Unit 3, Building 14",Gift order
O003359,2022-06-13 21:29:00,C00251,E0039,Headset,Computer Accessories,5,1499,0.03,Cash,Processing,Online,"Unit 5, Building 28",Deliver after 5PM
O003360,2025-08-25 05:51:00,C00152,E0066,,Office Furniture,9,799,,PayPal,Shipped,, 305 Mabini St.,Gift order
O003361,2022-05-26 01:34:00,C00999,E0140,Printer,Mobile Devices,3,2999,0.03,Debit Card,Delivered,STORE, 134 BONIFACIO ST.,
O003362,2024-08-02 22:48:00,C00100,E0213,Laptop,Mobile Devices,2,7999,0.05,Bank Transfer,Shipped,Online,567 Bonifacio St.,Call customer
O003363,2025-10-30 21:20:00,C00083,E0126,UPS,Mobile Devices,5,1499,0,Bank Transfer,Cancelled,Online,"Unit 1, Building 35",
O003364,2024-09-02 11:29:00,C00014,E0127,Desk, Mobile Devices,5,19999,0.1,Debit Card,Pending,Online,"Unit 12, Building 6",Call customer
O003365,2025-01-13 09:54:00,C00496,E0213,Smartphone,Computer Accessories ,4,999,0,Bank Transfer,Processing,Online,665 Mabini St.,Urgent
O003366,2025-05-23 09:14:00,C00129,E0121,Printer,Electronics,7,2999,0.2,Bank Transfer, Delivered,Store,"Unit 3, Building 35",Deliver after 5PM
O003367,2023-11-16 09:23:00,C00886,E0041,keyboard,Networking,8,2999,0.05,Cash, Processing ,Store,259 Rizal St.,Urgent
O003368,2023-08-01 20:39:00,C00662,E0085,Monitor,Office Furniture,,7999,,CREDIT CARD,Pending,Store,567 Rizal St.,Deliver after 5PM
O003369,2022-03-25 16:12:00,C00619,E0105,Printer,Computer Accessories,3,1499,0.1,PayPal,,STORE,"Unit 8, Building 44",
O003370,2024-09-22 01:14:00,C00608,E0061,Monitor, OFFICE FURNITURE,9,499,0.15,Cash,Returned,Store,"Unit 6, Building 34",Call customer
O003371,2022-08-16 06:57:00,C00449,E0150,Webcam,Electronics,1,1999,0,Credit Card,Pending,online,"Unit 3, Building 12",Call customer
O003372,2025-11-09 12:12:00,C00188,E0235,Smartphone,Networking,8,999,,GCash,Cancelled,Marketplace,"Unit 17, Building 35",
O003373,2022-05-29 20:18:00,C00762,E0043,Mouse,Networking,5,14999,0.15, cash ,Processing,online,551 Main St.,Urgent
O003374,2025-05-03 23:13:00,C00093,E0204,Keyboard,Office Furniture,3,9999,0.05, PayPal ,Processing,Store,123 Quezon St.,Urgent
O003375,2025-04-04 21:50:00,C00562,E0118,,Networking,1,4999,0.03,Debit Card, Delivered,online,"UNIT 10, BUILDING 11",Call customer
O003376,2024-02-23 23:43:00,C00610,E0179,Smartphone,Computer Accessories,7,1499,0,Credit Card,Returned,online,395 Main St.,Urgent
O003377,2022-10-03 17:10:00,C00511,E0091,Smartphone,Electronics,2,2999,0.1,PayPal, delivered ,,"Unit 9, Building 19",
O003378,2024-03-12 10:10:00,C00997,E0020,PRINTER ,Networking,3,499,0.2,Debit Card,Shipped,online,154 Main St.,
O003379,2025-09-22 16:02:00,C00187,E0055,Monitor,Mobile Devices,9,14999,0.05,Credit Card,Processing,Store,564 Mabini St.,Gift order
O003380,2024-03-24 02:26:00,C00353,E0246,Laptop,Mobile Devices,2,499,0.2,Debit Card,cancelled ,Online,583 Mabini St.,Gift order
O003381,2024-11-29 19:17:00,C00701,E0104,Office Chair,Mobile Devices,3,4999,0.1,Credit Card,Pending,Store,"Unit 5, Building 25",Deliver after 5PM
O003382,2025-02-09 05:30:00,C00795,E0162,Webcam,OFFICE FURNITURE,9,799,0, GCASH,Processing,Online,657 Quezon St.,Gift order
O003383,2024-06-24 09:09:00,C00033,E0217,External Drive,Mobile Devices,6,9999,0.05,PayPal,Pending,Store,547 RIZAL ST.,Gift order
O003384,2023-04-03 14:40:00,C00921,E0065, SMARTPHONE,Office Furniture,6,9999,0.05, paypal,Processing,,"Unit 2, Building 12",
O003385,2025-11-13 19:51:00,C00243,E0119,Projector,Computer Accessories,7,499,0.15,GCash,Cancelled,online,960 Quezon St.,Urgent
O003386,2025-03-19 04:58:00,C00024,E0186,Smartphone,networking ,4,19999,0.05,GCASH ,Pending,online,26 Mabini St.,
O003387,2025-04-15 05:49:00,C00068,E0093,Desk,Computer Accessories,1,499,,Credit Card, delivered,Store,"Unit 20, Building 10",Call customer
O003388,2024-02-24 17:06:00,C00945,E0246,Router,Electronics,1,999,,Cash,,STORE, 174 Mabini St. ,Call customer
O003389,2025-03-20 10:31:00,C00468,E0100,Smartphone,Electronics,5,1999,, CASH ,Cancelled,online," UNIT 10, BUILDING 43 ",
O003390,2024-05-24 10:34:00,C00800,E0111,WEBCAM ,Mobile Devices,8,499,0,Debit Card,Delivered,Online,"Unit 13, Building 15",Call customer
O003391,2022-06-25 10:15:00,C00476,E0043,Office Chair,Mobile Devices,4,19999,0.1,Credit Card,CANCELLED ,Marketplace,"Unit 13, Building 50",
O003392,2024-12-13 20:27:00,C00043,E0183,Keyboard,Office Furniture,4,19999,0.05,Debit Card,Returned,Store,"Unit 7, Building 10",Call customer
O003393,2024-06-17 13:32:00,C00491,E0049,Webcam,Networking,4,2999,0.1,Bank Transfer,Delivered,STORE,"Unit 15, Building 7",
O003394,2023-01-31 05:00:00,C00855,E0122,UPS,Computer Accessories,4,999,0.1,Bank Transfer,Processing,Store,870 Rizal St.,
O003395,2024-06-04 16:07:00,C00289,E0223,Printer,Mobile Devices,2,14999,0.1,PayPal,Pending,Store,886 Main St.,
O003396,2025-05-07 04:18:00,C00881,E0227,Smartphone,Mobile Devices,1,499,0.1,Bank Transfer,Delivered,Store, 167 RIZAL ST. ,Call customer
O003397,2023-03-16 09:14:00,C00025,E0008, EXTERNAL DRIVE ,Electronics,6,499,0.1,GCash,Returned,,397 Mabini St.,Deliver after 5PM
O003398,2023-04-04 13:26:00,C00960,E0100,Office Chair,Computer Accessories,2,4999,0.2,Debit Card,Pending,Online,991 Mabini St.,Call customer
O003399,2025-09-27 18:07:00,C00849,E0006,printer ,Mobile Devices ,10,499,0.15,GCash,Pending,Store,"Unit 2, Building 4",Gift order
O003400,2025-11-13 16:43:00,C00805,E0058,UPS, Mobile Devices,3,1499,,Bank Transfer,Cancelled,online,"Unit 2, Building 4",
O003401,2025-08-01 17:52:00,C00238,E0151,Monitor,Computer Accessories,3,9999,0.1,GCash,Returned,STORE,"Unit 11, Building 9",Urgent
O003402,2024-07-15 20:15:00,C00413,E0218, tablet,Office Furniture ,5,9999,0.1,PayPal,Processing,STORE,"Unit 8, Building 13",
O003403,2024-09-08 11:35:00,C00710,E0088,Webcam,Computer Accessories,1,9999,0.15,Cash,Shipped,Store,452 Bonifacio St.,Deliver after 5PM
O003404,2024-01-01 00:54:00,C00297,E0125, Printer ,Mobile Devices,7,999,0.05,PayPal,Returned,Marketplace,"Unit 11, Building 12",Gift order
O003405,2022-11-27 12:37:00,C00787,E0140,Laptop,Mobile Devices,10,19999,,PayPal,,Store,357 Bonifacio St.,
O003406,2025-02-06 23:25:00,C00867,E0168,Office Chair,Mobile Devices,6,799,0.03,PayPal,Delivered,STORE,356 Quezon St.,
O003407,2025-05-21 22:15:00,C00174,E0159,Keyboard,Networking,6,19999,,Credit Card,Delivered,Store," Unit 9, Building 16",Deliver after 5PM
O003408,2023-04-06 23:38:00,C00529,E0065,,Electronics,9,1999,,Cash, Processing,online,595 Bonifacio St.,
O003409,2023-09-24 10:24:00,C00909,E0242,OFFICE CHAIR,Office Furniture,3,2999,0.2,cash ,,Marketplace," Unit 12, Building 6 ",Urgent
O003410,2025-01-26 16:20:00,C00418,E0124,Mouse,Electronics,6,1499,0,Bank Transfer,Returned,STORE,665 Rizal St.,
O003411,2024-12-16 09:47:00,C00304,E0158,Laptop ,MOBILE DEVICES,4,14999,0.2,Bank Transfer,Processing,,364 Rizal St.,Deliver after 5PM
O003412,2025-01-26 07:10:00,C00837,E0166,Webcam,Electronics,2,4999,0.1, GCash,Processing,STORE,"Unit 6, Building 22",
O003413,2023-08-20 09:19:00,C00080,E0016,Router,Networking,10,1499,0.05,GCash,Cancelled,, 431 MAIN ST. ,
O003414,2023-09-21 17:56:00,C00866,E0102, desk,Mobile Devices,9,14999,0.1,Bank Transfer,Processing,STORE, 232 main st. ,Deliver after 5PM
O003415,2025-05-25 09:14:00,C00446,E0194,Headset,Mobile Devices,9,2999,0.15,Bank Transfer,Shipped,,"Unit 17, Building 32",
O003416,2025-08-04 13:48:00,C00354,E0040,Headset,Electronics,1,999,0.15,Cash,Cancelled,online,"Unit 2, Building 8",
O003417,2023-03-05 06:18:00,C00052,E0174,Projector,Networking,3,1499,0.05,Bank Transfer,Returned,Marketplace,"Unit 10, Building 28",
O003418,2024-11-27 19:26:00,C00406,E0230,mouse,Networking,1,499,0.1, PayPal, cancelled,Online,"Unit 2, Building 49",Deliver after 5PM
O003419,2025-04-21 11:21:00,C00232,E0076,Projector,Computer Accessories,6,7999,,GCash,Processing,STORE,258 Rizal St.,Call customer
O003420,2024-11-07 18:03:00,C00571,E0122,External Drive,Electronics,1,799,0.03,Debit Card,Processing ,,"Unit 8, Building 37",Call customer
O003421,2022-08-04 00:15:00,C00058,E0028,Printer,computer accessories,6,2999,0.05,Credit Card,,Store,"Unit 1, Building 4",Gift order
O003422,2025-09-12 21:51:00,C00749,E0219,External Drive,Computer Accessories,6,2999,0.05,Credit Card,Cancelled,Marketplace,486 Mabini St.,Urgent
O003423,2025-05-30 18:55:00,C00165,E0019, Mouse,Electronics,,19999,0,Bank Transfer,Processing,Store,453 Bonifacio St.,Deliver after 5PM
O003424,2022-07-11 21:22:00,C00807,E0184,Mouse,Mobile Devices,1,7999,0,PayPal,,Online,119 Quezon St.,
O003425,2025-04-09 19:51:00,C00944,E0001,UPS,Electronics,8,999,0.15,GCash,Processing,STORE,"Unit 7, Building 3",Deliver after 5PM
O003426,2024-02-12 05:54:00,C00621,E0192,Keyboard,Office Furniture,5,799,0.15,Debit Card,Shipped,STORE,"Unit 5, Building 6",Urgent
O003427,2022-09-24 22:47:00,C00675,E0093,Headset,Computer Accessories,1,999,0.15,Bank Transfer,Cancelled,Store,"Unit 13, Building 36",
O003428,2022-05-29 06:26:00,C00346,E0066,Laptop,Computer Accessories,4,4999,0.1,GCash,Shipped,STORE,,Urgent
O003429,2022-06-26 02:43:00,C00910,E0092,Office Chair,Electronics,1,799,,Credit Card,Delivered,Marketplace,79 Bonifacio St.,
O003430,2025-02-01 17:53:00,C00048,E0101,Webcam,,5,19999,,PayPal,Delivered,STORE,"Unit 9, Building 16",Call customer
O003431,2025-05-18 15:38:00,C00482,E0018,Monitor,Networking ,3,19999,0.05,Credit Card,Pending,Online,469 Bonifacio St.,Call customer
O003432,2023-01-31 17:05:00,C00885,E0098, Printer,Electronics,7,4999,0,PayPal,Processing,,"Unit 18, Building 45",Deliver after 5PM
O003433,2022-11-09 02:09:00,C00856,E0226,Tablet,Mobile Devices,10,,0.03,PayPal,Pending,Store,"Unit 5, Building 24",Call customer
O003434,2022-08-18 19:11:00,C00087,E0158,Monitor,Mobile Devices,2,2999,0.1,GCash,Shipped,online, 199 Mabini St. ,Gift order
O003435,2022-03-07 06:07:00,C00757,E0029,Smartphone,Electronics,5,999,0,Cash,Shipped,online,"Unit 17, Building 43",
O003436,2022-09-03 15:08:00,C00594,E0250,Webcam,Networking,3,9999,0.2, Cash , processing ,online,"Unit 17, Building 14",Gift order
O003437,2024-10-10 11:59:00,C00879,E0243,Headset,Computer Accessories,7,1499,0.2,Debit Card,Delivered ,STORE,,Deliver after 5PM
O003438,2025-11-06 10:26:00,C00379,E0204,Mouse,Electronics,9,4999,0.05,Credit Card,Returned,Online,"Unit 14, Building 32",Urgent
O003439,2024-10-09 10:47:00,C00131,E0051,Printer,Networking,5,19999,0.2,Credit Card,Delivered,online,,Gift order
O003440,2022-03-03 16:57:00,C00311,E0037,Tablet,Office Furniture,10,799,,Credit Card ,Cancelled ,Store,50 Main St.,Deliver after 5PM
O003441,2024-07-02 21:43:00,C00609,E0095,Headset,Electronics,10,7999,0.15,CASH ,Pending,Marketplace,492 Quezon St.,
O003442,2024-04-08 09:31:00,C00145,E0063,UPS,Computer Accessories,1,14999,0.2,Credit Card,Processing,Online,192 Rizal St.,Gift order
O003443,2024-08-07 07:58:00,C00837,E0102,keyboard ,mobile devices,,4999,, gcash ,Processing,STORE,"unit 11, building 7 ",
O003444,2022-11-27 19:03:00,C00362,E0246, Tablet ,Office Furniture,9,999,0.03,Debit Card,Shipped,Store,"Unit 6, Building 40",Urgent
O003445,2023-12-02 00:06:00,C00664,E0111,Monitor,Electronics,4,14999,,Bank Transfer,Returned,,759 Quezon St.,Call customer
O003446,2024-03-01 04:24:00,C00378,E0118,External Drive,Office Furniture,6,7999,0.1,,Cancelled,Marketplace,48 Rizal St.,
O003447,2022-12-26 06:46:00,C00889,E0154,UPS,Office Furniture,3,4999,0,Bank Transfer,Returned,Online,707 Rizal St.,Urgent
O003448,2025-03-09 09:13:00,C00040,E0104,External Drive,Office Furniture,7,19999,0, bank transfer ,Cancelled,,121 Mabini St.,Gift order
O003449,2025-12-14 15:22:00,C00500,E0127,Monitor,,1,499,0.03,Cash,Shipped,Store,"Unit 2, Building 22",
O003450,2022-09-01 14:06:00,C00994,E0195,OFFICE CHAIR,Mobile Devices,6,1999,0.03,Cash,,Store,820 Rizal St.,
O003451,2024-03-07 18:21:00,C00672,E0044,Laptop, Computer Accessories,6,14999,0.03,Bank Transfer,processing,,838 Mabini St.,Urgent
O003452,2022-02-14 18:57:00,C00897,E0159,Tablet,Office Furniture,6,2999,0.03,PayPal,Returned,Store," Unit 15, Building 34 ",
O003453,2022-03-18 12:41:00,C00469,E0028,Mouse,Networking,5,799,0.2, DEBIT CARD ,Pending,online,"Unit 16, Building 36",
O003454,2024-04-30 09:12:00,C00346,E0015, Tablet,Mobile Devices,4,999,0.05,Debit Card, Pending,Marketplace," Unit 16, Building 3",Urgent
O003455,2024-06-26 08:11:00,C00027,E0040,Tablet,Computer Accessories,9,2999,0.05,PayPal,Shipped,Online,"Unit 15, Building 17",Call customer
O003456,2022-10-11 16:25:00,C00828,E0165,External Drive,Electronics,9,1999,0.1,Debit Card,Processing,Online,"Unit 19, Building 31",Call customer
O003457,2024-05-18 17:42:00,C00333,E0220,Office Chair,networking,2,,0.2, Credit Card ,pending,,"Unit 20, Building 45",Gift order
O003458,2023-10-29 16:42:00,C00382,E0138,Office Chair,,5,14999,0.1,GCash, Returned ,online,"Unit 5, Building 46",Deliver after 5PM
O003459,2023-10-03 10:56:00,C00596,E0215,Office Chair, electronics,6,799,,GCash,Returned,Store,262 Rizal St.,
O003460,2022-04-02 11:10:00,C00050,E0234,External Drive,Networking,6,14999,0,Cash,Delivered,Online,257 Quezon St.,
O003461,2023-01-17 22:55:00,C00529,E0208,HEADSET,Computer Accessories,2,2999,0.2,PayPal,Delivered,," unit 8, building 12 ",
O003462,2024-02-20 19:51:00,C00561,E0057,Projector,Computer Accessories,8,799,0, Cash ,Returned,Online,785 Mabini St.,Call customer
O003463,2025-04-20 21:52:00,C00030,E0162,Keyboard ,Office Furniture,8,7999,0,GCash,Cancelled,Store,"Unit 14, Building 27",Deliver after 5PM
O003464,2022-03-14 09:57:00,C00885,E0202,Mouse,Electronics,6,499,0.05,Debit Card,Shipped,STORE,250 Mabini St.,Call customer
O003465,2025-07-26 02:54:00,C00979,E0227,Mouse,ELECTRONICS ,5,7999,0,Debit Card,Returned,Online,"Unit 17, Building 21",Gift order
O003466,2023-01-16 02:23:00,C00622,E0196,Headset,NETWORKING ,7,1999,0.1,Bank Transfer,Processing,Store," unit 9, building 49 ",Urgent
O003467,2024-11-19 02:41:00,C00107,E0070,,Mobile Devices,4,9999,,Bank Transfer,Returned,Marketplace,"Unit 20, Building 39",
O003468,2023-04-27 01:42:00,C00048,E0195,Mouse,Networking,3,7999,0.05,,Pending,Store,78 Bonifacio St.,
O003469,2023-06-12 18:09:00,C00379,E0101,keyboard,Mobile Devices,1,7999,0.2,Debit Card,Processing,STORE,"Unit 19, Building 18",Gift order
O003470,2025-07-09 22:43:00,C00683,E0047,Monitor,Electronics,8,799,0,Credit Card,Cancelled,,"Unit 11, Building 40",Gift order
O003471,2022-11-25 02:44:00,C00877,E0004,UPS,Networking,6,999,0, bank transfer ,Returned,Store,332 Quezon St.,
O003472,2022-09-14 23:14:00,C00586,E0013,External Drive,Electronics,8,499,0.2,GCash,Processing,STORE,"Unit 4, Building 36",Urgent
O003473,2022-11-02 20:06:00,C00046,E0213,Tablet,Electronics,9,799,0.05,GCash,Shipped,online,"Unit 3, Building 17",Call customer
O003474,2024-03-25 05:28:00,C00925,E0198,Desk,Computer Accessories,2,1999,0.05,Bank Transfer,Processing,Marketplace,444 Bonifacio St.,Gift order
O003475,2025-05-26 11:25:00,C00649,E0165,Laptop,Computer Accessories,3,19999,0.2,Credit Card,,STORE,997 Bonifacio St.,
O003476,2023-11-09 15:19:00,C00661,E0213, External Drive ,Computer Accessories,5,999,,PayPal,,Online,"Unit 5, Building 12",Call customer
O003477,2024-12-23 16:41:00,C00662,E0125,Mouse, COMPUTER ACCESSORIES ,9,19999,0.03,GCash,Delivered,,"Unit 1, Building 12",Gift order
O003478,2023-11-06 21:48:00,C00087,E0162,Monitor,Office Furniture,8,1999,0.15,GCash,Pending,STORE,830 Mabini St.,
O003479,2025-08-22 15:21:00,C00265,E0144,External Drive,Electronics,1,14999,,GCash,Shipped,STORE,"Unit 3, Building 15",Deliver after 5PM
O003480,2022-08-27 10:42:00,C00363,E0159,Printer,Office Furniture,4,19999,0.03, Debit Card ,Pending,,"Unit 7, Building 49",Gift order
O003481,2022-01-15 04:00:00,C00115,E0172,Tablet,Networking,6,2999,0,Bank Transfer, PROCESSING,,"Unit 20, Building 4",Deliver after 5PM
O003482,2022-10-31 18:20:00,C00649,E0248,smartphone,Electronics,5,,0.03, gcash ,Pending ,Marketplace,,
O003483,2025-09-01 03:50:00,C00910,E0007,Projector,Electronics,6,799,0.2,Bank Transfer,Shipped,,"UNIT 10, BUILDING 15 ",
O003484,2023-06-02 01:35:00,C00967,E0100,UPS,Office Furniture,1,1999,0.03,Bank Transfer,Returned,,227 Quezon St.,Urgent
O003485,2024-01-15 18:17:00,C00655,E0211,Monitor,mobile devices ,3,9999,0.2,Cash,Returned,STORE,893 Rizal St.,Call customer
O003486,2024-09-29 22:07:00,C00364,E0020,UPS,Electronics,2,799,0.15,Debit Card,Cancelled,online,"Unit 16, Building 8",Urgent
O003487,2023-06-11 06:07:00,C00946,E0095, Smartphone ,Office Furniture,6,999,0.2,GCash,Processing,online,201 Mabini St.,
O003488,2024-03-22 16:50:00,C00572,E0201,Projector,office furniture,2,14999,0.03,Credit Card,Shipped,Store,"Unit 14, Building 21",Deliver after 5PM
O003489,2022-09-12 12:09:00,C00850,E0174,Smartphone, mobile devices,10,999,0.2,Credit Card,Processing,Store,593 Bonifacio St.,Gift order
O003490,2023-02-16 23:51:00,C00806,E0167,Mouse,Computer Accessories,7,7999,0.03, Cash,Processing,Online,895 QUEZON ST.,
O003491,2022-05-23 01:26:00,C00630,E0201,Tablet,Electronics,8,1999,0,Debit Card,Processing,Online,351 Mabini St.,Urgent
O003492,2024-04-21 01:40:00,C00670,E0120,Projector,Mobile Devices,9,799,0.05, CASH ,Delivered,Marketplace,972 Quezon St.,Gift order
O003493,2025-10-29 15:34:00,C00713,E0158,Projector,Computer Accessories,2,4999,0.15,Bank Transfer,Shipped,Store,398 Quezon St.,Urgent
O003494,2023-08-28 09:34:00,C00136,E0198, monitor,Office Furniture,3,799,0.15,Cash, Pending ,Marketplace,,Deliver after 5PM
O003495,2025-04-22 03:16:00,C00387,E0071,External Drive,Computer Accessories,10,999,0,PayPal, delivered ,Store,418 Main St.,
O003496,2022-06-02 02:45:00,C00627,E0250,Webcam,Electronics,9,4999,,GCash, returned,Online,353 Main St.,Gift order
O003497,2022-12-12 17:25:00,C00010,E0211,Printer,Computer Accessories,5,2999,0,PayPal,Returned,online,310 Mabini St.,Call customer
O003498,2025-01-30 09:11:00,C00722,E0081,Laptop,Networking,8,499,0.05, BANK TRANSFER,Returned,Online,"Unit 9, Building 31",Call customer
O003499,2023-05-01 03:32:00,C00105,E0118,Webcam,Computer Accessories,5,4999,0,Debit Card,Processing,Store,431 Mabini St.,Deliver after 5PM
O003500,2023-11-04 13:31:00,C00706,E0046,laptop ,Computer Accessories,8,4999,,GCash,Delivered,STORE,"Unit 19, Building 42",
O003501,2022-12-15 10:16:00,C00978,E0038,Headset,Networking,8,999,0.03,Bank Transfer,Pending,Marketplace,962 Mabini St. ,Gift order
O003502,2022-11-11 07:51:00,C00351,E0001,Headset,Office Furniture,7,19999,0, Cash ,Processing,Store, 263 quezon st.,
O003503,2024-11-26 00:28:00,C00164,E0118,UPS,Mobile Devices,6,799,0.03,debit card ,Pending,STORE,42 Bonifacio St.,
O003504,2023-07-07 07:55:00,C00104,E0236, Keyboard ,,4,,0.2,Cash,Returned,STORE, 44 bonifacio st.,Gift order
O003505,2025-06-10 02:32:00,C00075,E0056, Keyboard,,10,19999,0.1,PayPal, Delivered,Online,"Unit 3, Building 16",Gift order
O003506,2022-09-20 23:21:00,C00151,E0192,Laptop,Electronics,5,1999,,Bank Transfer,Pending,Online," unit 13, building 47",Urgent
O003507,2025-11-23 18:57:00,C00067,E0067,Projector,Computer Accessories,8,9999,0.2,Credit Card,Pending,Store,797 Quezon St.,Urgent
O003508,2024-05-29 04:17:00,C00731,E0113,Headset,Office Furniture,7,1499,0.2,cash ,Pending,Store, 321 QUEZON ST.,
O003509,2024-12-31 07:54:00,C00675,E0052,Tablet,Mobile Devices,8,2999,0, Bank Transfer , SHIPPED ,Marketplace,876 Bonifacio St.,Deliver after 5PM
O003510,2023-02-20 11:49:00,C00045,E0130,Keyboard,Computer Accessories,6,4999,0,Cash,Cancelled,Store,813 Quezon St.,
O003511,2023-03-12 21:33:00,C00166,E0054, Printer,Computer Accessories,8,7999,0.1,Bank Transfer,Pending,online,"Unit 7, Building 10",Gift order
O003512,2023-02-24 17:08:00,C00341,E0048,External Drive,Mobile Devices,8,14999,0.1,GCash,Cancelled,Marketplace,996 Mabini St.,
O003513,2024-03-21 22:58:00,C00633,E0211,,Computer Accessories,8,499,0.1,Debit Card,Delivered,STORE,"Unit 5, Building 8 ",Deliver after 5PM
O003514,2024-12-27 21:02:00,C00271,E0199,Projector ,Networking,6,2999,0,Bank Transfer,Shipped,STORE,611 Mabini St.,
O003515,2023-04-08 11:28:00,C00709,E0196,Printer ,Office Furniture,9,1999,0.05,Debit Card,Processing,Store,40 Mabini St.,
O003516,2023-10-07 13:26:00,C00874,E0091,External Drive,Networking,8,999,,GCash,Delivered,,832 Mabini St.,
O003517,2025-02-25 10:28:00,C00515,E0190,Webcam,office furniture ,,499,0.15,Bank Transfer,Shipped,STORE,6 Quezon St.,
O003518,2023-08-10 23:34:00,C00801,E0088,Printer,office furniture,8,7999,0.15,Debit Card,Delivered,Marketplace,"Unit 10, Building 42",Deliver after 5PM
O003519,2022-11-05 08:35:00,C00446,E0022,Office Chair,Office Furniture,10,19999,0,Bank Transfer,Pending,STORE,"Unit 3, Building 4",
O003520,2022-02-09 16:16:00,C00699,E0193,Office Chair ,Networking,3,1999,0.1,GCash,Returned,Online," unit 8, building 1 ",Gift order
O003521,2023-01-12 10:43:00,C00527,E0100, External Drive, Mobile Devices ,7,4999,0.15,Credit Card,Shipped,online,"Unit 7, Building 24",Call customer
O003522,2025-04-05 06:05:00,C00480,E0187,PRINTER,Computer Accessories,2,7999,0.2,cash , Delivered ,,843 Rizal St.,Call customer
O003523,2024-09-15 09:30:00,C00041,E0012,Router, electronics ,8,4999,0,Cash,Delivered,Store,597 Rizal St.,
O003524,2024-01-04 17:57:00,C00916,E0130,Printer,Office Furniture,6,9999,0.03,Cash,Delivered,,"Unit 14, Building 29",Call customer
O003525,2022-05-30 02:01:00,C00991,E0097,External Drive,Electronics,4,19999,,Bank Transfer,Pending,STORE,196 Bonifacio St.,Deliver after 5PM
O003526,2025-10-09 11:32:00,C00121,E0042,Keyboard,Networking,10,999,0.15,PayPal,Returned,Store,"Unit 4, Building 37",
O003527,2025-12-06 00:53:00,C00336,E0184,Headset, OFFICE FURNITURE ,6,799,0,Cash, Processing ,,"Unit 14, Building 27",Deliver after 5PM
O003528,2023-03-06 13:15:00,C00673,E0130,Router, Mobile Devices,8,9999,0.15,Cash, Shipped,Marketplace,"Unit 12, Building 49",Call customer
O003529,2024-09-16 12:53:00,C00656,E0128,Projector,Mobile Devices,7,799,0.2,PayPal, DELIVERED ,Marketplace,709 Rizal St.,Gift order
O003530,2024-11-07 00:54:00,C00596,E0124,UPS, Networking,,1999,,Bank Transfer,,Store,"Unit 9, Building 28",Gift order
O003531,2022-04-24 02:53:00,C00789,E0153,headset,Computer Accessories,8,999,,Cash,Returned,,"Unit 4, Building 41",
O003532,2025-08-12 01:58:00,C00118,E0047,Smartphone,Networking,9,7999,0.15,GCash,Returned,Online,16 Rizal St.,Deliver after 5PM
O003533,2025-07-04 20:04:00,C00337,E0235,Smartphone,Electronics,6,7999,0,Credit Card,Pending,,634 Rizal St.,Urgent
O003534,2022-08-14 23:02:00,C00291,E0190,Laptop,computer accessories,7,1499,0.15,Bank Transfer,Returned,STORE,"Unit 19, Building 13",
O003535,2024-06-17 16:34:00,C00256,E0204,Monitor,Computer Accessories,7,19999,0.15,Cash,Returned,online,"Unit 2, Building 13",Deliver after 5PM
O003536,2023-06-16 21:00:00,C00039,E0053,Mouse,Mobile Devices,3,1499,0.1,GCash,Pending,Marketplace,689 Bonifacio St.,Call customer
O003537,2024-05-07 22:45:00,C00339,E0125,Headset,Electronics,4,19999,0,Debit Card,Returned,,275 main st.,
O003538,2022-06-10 05:12:00,C00588,E0195,Router,Computer Accessories,3,7999,,Debit Card,Cancelled,,887 Rizal St.,
O003539,2022-03-29 20:05:00,C00205,E0195,Headset,Electronics,6,14999,0.05,PayPal,Pending,online,501 Rizal St.,Call customer
O003540,2025-03-28 05:43:00,C00589,E0031,Mouse,Electronics,2,4999,0.1,PayPal,Processing,Store,"Unit 13, Building 31",Gift order
O003541,2023-03-13 06:04:00,C00944,E0140,UPS,Networking ,2,19999,, GCash,Pending,STORE," Unit 18, Building 47 ",
O003542,2024-01-23 21:16:00,C00800,E0213,Projector,Computer Accessories,6,999,0.1,Credit Card,Cancelled,Online,496 Mabini St.,Call customer
O003543,2024-12-19 02:15:00,C00882,E0032,Desk,Networking,8,19999,0.05,PayPal,Processing,Marketplace,"Unit 12, Building 11",Gift order
O003544,2022-08-19 21:40:00,C00929,E0060,,Computer Accessories,3,499,0.03,PayPal, DELIVERED ,Store,"Unit 20, Building 8",Urgent
O003545,2025-04-14 17:34:00,C00681,E0214, Office Chair ,Networking,6,2999,, GCash,Pending,online, 699 Quezon St.,Urgent
O003546,2022-08-06 02:40:00,C00820,E0203,Tablet,Computer Accessories,1,4999,0.1,Cash,Processing,,654 Main St.,
O003547,2024-01-24 02:46:00,C00149,E0136, UPS ,Networking,5,14999,0.2,Cash,DELIVERED,Store,741 Bonifacio St.,
O003548,2024-07-21 05:21:00,C00882,E0016,Keyboard,Computer Accessories,10,7999,,Credit Card,Shipped,,448 Main St.,
O003549,2022-01-20 17:24:00,C00787,E0044,Headset,Office Furniture,7,1999,0.15,PayPal,Cancelled,,"Unit 20, Building 7",
O003550,2024-03-21 18:08:00,C00001,E0096,Router,office furniture ,7,2999,0.03,Bank Transfer,Cancelled,Online,285 Mabini St.,Gift order
O003551,2025-02-24 17:16:00,C00112,E0209,Webcam,Electronics,10,499,0.2,PayPal,Pending,Marketplace,"Unit 9, Building 26",Urgent
O003552,2023-04-07 19:43:00,C00710,E0053,UPS, Electronics ,,4999,0.2,PayPal,Processing,Store,483 Quezon St.,
O003553,2025-12-27 16:20:00,C00575,E0023,Laptop,Networking,5,,0,Debit Card,Cancelled,,13 Bonifacio St.,Deliver after 5PM
O003554,2023-03-22 04:05:00,C00682,E0250,Projector,Electronics,1,499,0.15,GCash, Delivered ,Online,947 Rizal St.,Urgent
O003555,2025-07-15 01:19:00,C00296,E0171,Projector,Mobile Devices,1,499,0,Credit Card,Pending,STORE,396 Main St.,Urgent
O003556,2024-02-05 18:17:00,C00025,E0226,Keyboard,Computer Accessories,2,1999,0.1,Debit Card,Delivered,,"Unit 18, Building 25",
O003557,2022-12-15 14:45:00,C00419,E0130,Office Chair,Mobile Devices,8,799,,PayPal,Cancelled,online,"Unit 17, Building 26",Call customer
O003558,2023-12-12 02:32:00,C00161,E0198, Webcam,Electronics,5,19999,0.03,CASH,Returned,Online,973 Rizal St.,Call customer
O003559,2024-05-21 08:10:00,C00360,E0130,UPS,Mobile Devices,10,7999,0.05, paypal ,Processing,Store,134 Rizal St.,
O003560,2024-08-04 12:42:00,C00108,E0212,Headset, Computer Accessories ,6,1999,0.15,Cash,Shipped,online,"Unit 15, Building 21",Deliver after 5PM
O003561,2024-06-10 03:26:00,C00289,E0233,Mouse, Mobile Devices ,3,7999,0.1,,Processing,,"Unit 9, Building 23",Deliver after 5PM
O003562,2024-03-21 00:51:00,C00419,E0024,Mouse,,5,999,0.15,GCash,Pending,,"Unit 9, Building 50",Gift order
O003563,2025-10-08 15:14:00,C00015,E0054,Desk,Electronics,3,19999,0.03,credit card,Shipped,Store,"Unit 11, Building 32",Urgent
O003564,2025-02-10 22:52:00,C00420,E0197,Office Chair,Networking,5,799,0,GCash,Processing,,845 Mabini St.,Call customer
O003565,2025-10-06 19:24:00,C00708,E0223,Webcam,electronics ,2,7999,0.1, Cash ,Cancelled,,610 Mabini St.,Deliver after 5PM
O003566,2024-02-02 02:26:00,C00597,E0174,UPS,Networking,5,19999,0.03,Debit Card ,pending,Online,,Urgent
O003567,2022-05-19 22:42:00,C00809,E0128,Webcam, Computer Accessories,,9999,0.03,Cash,Returned,STORE,"Unit 6, Building 28",
O003568,2023-09-15 12:31:00,C00816,E0159,Office Chair,Mobile Devices,2,4999,0.03,PayPal,Shipped,Online,"Unit 17, Building 50",Deliver after 5PM
O003569,2022-06-17 14:19:00,C00779,E0064,UPS,Mobile Devices,8,2999,0.2,Credit Card,Pending,Online,"Unit 19, Building 39",Urgent
O003570,2025-04-26 00:26:00,C00412,E0060,External Drive,Networking,8,499,0.03,Bank Transfer, Shipped,Store,584 Main St.,Gift order
O003571,2023-11-24 22:15:00,C00049,E0096,External Drive,Electronics,6,7999,0,Debit Card, shipped ,Online,"Unit 18, Building 16",Call customer
O003572,2022-07-25 05:41:00,C00845,E0164,Tablet,Mobile Devices ,1,4999,0.05,PayPal,Cancelled,online,177 Mabini St.,
O003573,2025-03-14 19:43:00,C00984,E0139,Laptop, mobile devices ,7,4999,0.03,PayPal,Delivered,,313 Rizal St.,Urgent
O003574,2023-07-29 23:53:00,C00807,E0177,Webcam,Office Furniture,4,499,0.05,PayPal,Returned,Online,"Unit 16, Building 50",
O003575,2022-09-17 21:54:00,C00040,E0132,Smartphone,Office Furniture,3,9999,0.2,GCash,Returned,Online,789 Rizal St.,Deliver after 5PM
O003576,2022-05-21 00:40:00,C00770,E0102,Keyboard,Office Furniture,6,999,0.15,GCash,Returned,Marketplace,"Unit 19, Building 26",Urgent
O003577,2022-07-10 15:44:00,C00644,E0082,tablet,Computer Accessories,7,19999,0.03, Credit Card,Shipped,,619 Mabini St.,
O003578,2022-07-01 17:10:00,C00483,E0225,Router,office furniture ,8,1499,0.2,Cash,Delivered,Online,386 Quezon St.,
O003579,2022-03-16 09:43:00,C00162,E0159,Projector,Computer Accessories,9,1999,0,, Delivered,online,286 Bonifacio St.,Gift order
O003580,2022-02-26 15:57:00,C00397,E0063,Webcam,Office Furniture,5,19999,0,credit card,Cancelled,online,"Unit 18, Building 7",Call customer
O003581,2022-03-18 16:56:00,C00372,E0197,Keyboard,Networking,4,7999,0.15,PayPal, Processing,Marketplace,556 Bonifacio St.,Urgent
O003582,2022-03-08 18:00:00,C00694,E0224,LAPTOP ,Office Furniture,2,1499,0.15,Credit Card, Pending,Online,347 Main St.,Urgent
O003583,2022-07-02 21:03:00,C00995,E0222,mouse ,Mobile Devices,5,7999,0,GCash,Pending,STORE,"Unit 19, Building 10",Deliver after 5PM
O003584,2023-11-20 08:22:00,C00247,E0141,External Drive,Computer Accessories,10,14999,0.2,Debit Card,Cancelled,STORE,"Unit 16, Building 29",
O003585,2023-10-12 12:48:00,C00959,E0007,,Mobile Devices,10,1999,0.15,Debit Card,Shipped,Online,"Unit 12, Building 24",Deliver after 5PM
O003586,2024-10-07 03:53:00,C00686,E0006,Laptop,Electronics,9,999,0.03,Debit Card,Delivered,STORE,834 Quezon St.,
O003587,2024-12-22 20:22:00,C00275,E0131,Router,Electronics,3,7999,,Bank Transfer,Pending,STORE,"Unit 19, Building 11",
O003588,2024-09-01 15:34:00,C00430,E0080,Office Chair,Mobile Devices,4,9999,,Debit Card,Returned,online,115 Quezon St.,Call customer
O003589,2024-08-27 04:54:00,C00326,E0086,Laptop,MOBILE DEVICES ,3,799,0.2,PayPal,Pending,," Unit 14, Building 36 ",
O003590,2025-06-15 23:39:00,C00569,E0233,Tablet,Office Furniture,6,1499,0.15,Credit Card,Pending,online,843 Bonifacio St.,Call customer
O003591,2024-08-10 01:18:00,C00521,E0043,Mouse,Networking,1,4999,0.2,Debit Card,Pending,Store,"Unit 19, Building 20",
O003592,2024-08-30 23:59:00,C00372,E0156,Monitor, NETWORKING ,10,499,0.1,Cash,Cancelled,Store,"Unit 13, Building 41",Gift order
O003593,2025-11-24 05:44:00,C00317,E0056,Laptop,Mobile Devices,9,799,0.15,Debit Card,Pending,STORE,588 Bonifacio St.,Call customer
O003594,2023-09-19 13:18:00,C00926,E0023,Desk,Office Furniture,8,1499,0.2, Debit Card ,Shipped,Marketplace,"Unit 4, Building 10",Gift order
O003595,2023-12-29 16:00:00,C00195,E0221,Projector,Computer Accessories,9,999,0,Bank Transfer,Processing,STORE,106 Mabini St.,Call customer
O003596,2025-01-06 23:44:00,C00628,E0019,Smartphone,Computer Accessories,8,7999,0.1,Debit Card,Pending,,"Unit 19, Building 27",Urgent
O003597,2025-03-04 02:35:00,C00389,E0194,Keyboard,Computer Accessories,5,1999,0.1,Bank Transfer,,STORE,"Unit 6, Building 16",Urgent
O003598,2024-05-14 16:06:00,C00700,E0169,Webcam, Computer Accessories ,3,999,0.15,Bank Transfer,Processing,Online,"Unit 15, Building 28",Deliver after 5PM
O003599,2023-08-28 13:21:00,C00537,E0215,Router,Mobile Devices,10,1499,0.15,PayPal,Pending,Store,"Unit 4, Building 7",Deliver after 5PM
O003600,2025-11-17 20:10:00,C00524,E0029,UPS,Office Furniture,7,2999,0, CREDIT CARD ,Delivered,Store,649 Bonifacio St.,
O003601,2023-12-06 23:27:00,C00007,E0055,Mouse,Computer Accessories,9,7999,,PayPal,Returned,,"Unit 5, Building 35",
O003602,2022-08-20 20:33:00,C00371,E0094,Mouse,Computer Accessories,1,2999,0.03,GCash,Shipped,Marketplace," Unit 11, Building 47",Gift order
O003603,2023-07-02 07:14:00,C00177,E0247, Mouse, electronics,10,999,0.1, Cash ,Cancelled,STORE," Unit 4, Building 20",
O003604,2025-08-04 05:58:00,C00515,E0104,Keyboard,,7,14999,,PayPal,Processing,online,338 Mabini St.,Call customer
O003605,2024-11-24 16:09:00,C00885,E0169,Keyboard,Mobile Devices,9,1999,0.1,Bank Transfer,SHIPPED ,Online,"Unit 1, Building 44",Deliver after 5PM
O003606,2025-04-22 21:33:00,C00160,E0185, keyboard ,Electronics,1,4999,0.05,GCash,Cancelled,Store,"Unit 6, Building 50",Gift order
O003607,2024-06-07 02:01:00,C00900,E0203,Laptop,Computer Accessories,1,19999,0,PayPal,Shipped,,965 Mabini St.,
O003608,2025-03-27 19:09:00,C00862,E0106,Monitor,Computer Accessories ,6,1499,0.15,Debit Card,Returned,STORE,"Unit 16, Building 5",Gift order
O003609,2025-09-03 02:08:00,C00479,E0188,Headset,Office Furniture,,799,0,Credit Card, Shipped,Online,,Urgent
O003610,2023-01-27 13:31:00,C00177,E0078,Desk,Networking,4,14999,,cash ,Returned,Online,"Unit 16, Building 40",
O003611,2025-11-29 07:45:00,C00601,E0125,Headset,Networking,8,499,0.15,Bank Transfer,Pending,online,966 Quezon St.,Call customer
O003612,2022-09-24 15:18:00,C00304,E0052,Webcam,Networking ,4,4999,0.03,Credit Card,Pending,Store,589 Mabini St.,
O003613,2023-09-29 18:09:00,C00103,E0019,Keyboard,Mobile Devices,8,14999,0.03, Debit Card,Delivered,Store,566 Main St.,
O003614,2024-04-05 07:32:00,C00816,E0053,Smartphone,Electronics,8,7999,0,Debit Card,Pending,STORE,"Unit 14, Building 35",
O003615,2025-06-08 12:31:00,C00815,E0160,Keyboard,Mobile Devices,3,2999,0.03,Credit Card,Pending,Online,"Unit 8, Building 39",Call customer
O003616,2025-02-08 06:50:00,C00049,E0240,Tablet,Electronics,2,9999,0.03,BANK TRANSFER,Returned,,424 Quezon St.,Urgent
O003617,2023-07-10 22:01:00,C00316,E0041,Mouse,Networking,9,7999,0.1,Debit Card,Returned,Store,"Unit 13, Building 1",Urgent
O003618,2025-08-19 11:57:00,C00521,E0094,Monitor,Office Furniture,2,1999,0.1,Cash, pending,Online,507 Rizal St.,
O003619,2025-11-23 23:09:00,C00490,E0089,Smartphone,Mobile Devices,9,499,0,GCash,Delivered,online,725 Quezon St.,
O003620,2023-03-09 04:51:00,C00824,E0120,Tablet,Mobile Devices,8,4999,,Debit Card,Returned,STORE,818 Quezon St.,Urgent
O003621,2022-07-04 09:04:00,C00273,E0148,Office Chair, Networking,3,1999,,Cash,Returned,Online,353 Main St.,Urgent
O003622,2023-10-28 22:02:00,C00449,E0133,Router,Mobile Devices,8,9999,0.15,Debit Card,Shipped,online,22 Mabini St.,Urgent
O003623,2022-01-20 18:12:00,C00444,E0250,Webcam,Mobile Devices,7,499,0.03,Cash,Delivered,STORE,668 Rizal St.,Gift order
O003624,2023-04-09 21:02:00,C00948,E0211,Tablet, NETWORKING,2,999,,Credit Card,Pending,Marketplace,"Unit 5, Building 16",Deliver after 5PM
O003625,2025-12-10 06:18:00,C00765,E0068,UPS,Computer Accessories,8,499,0.03,Credit Card,Shipped,Store,987 Rizal St.,Gift order
O003626,2024-01-23 21:05:00,C00165,E0029,External Drive,Mobile Devices,3,799,,Debit Card,Delivered,Online,"Unit 7, Building 47",Gift order
O003627,2023-06-12 10:51:00,C00862,E0055,Router,Computer Accessories,5,499,0.1,Bank Transfer,Processing,online,638 Mabini St.,
O003628,2025-11-01 18:32:00,C00569,E0069,Router,Networking,9,499,0.05,PayPal,Shipped,Online,"Unit 17, Building 36",Gift order
O003629,2025-02-12 05:43:00,C00948,E0131,Tablet,office furniture,6,799,0.05, cash,Delivered,STORE,852 Mabini St.,Urgent
O003630,2025-12-23 05:05:00,C00503,E0087,Smartphone,Networking,5,19999,0.05,Credit Card,Delivered,Store,595 Bonifacio St.,Call customer
O003631,2025-11-14 05:38:00,C00741,E0074,Monitor,Mobile Devices,8,799,0,Cash, DELIVERED,,,Call customer
O003632,2023-09-24 02:51:00,C00804,E0225, KEYBOARD,Mobile Devices,7,7999,,Debit Card,Shipped,STORE,"Unit 20, Building 25",Call customer
O003633,2025-06-13 05:29:00,C00038,E0116,External Drive,Office Furniture,7,999,0.1,PayPal,Shipped,Marketplace,"Unit 19, Building 1",Urgent
O003634,2023-11-13 18:59:00,C00782,E0066, mouse ,Electronics,9,999,,PayPal,Processing,Online,632 Bonifacio St.,Gift order
O003635,2025-02-11 13:55:00,C00797,E0018,Printer,Office Furniture,2,2999,0.15,Bank Transfer,Shipped,online,361 main st.,
O003636,2022-04-23 00:30:00,C00202,E0090,External Drive,Networking,7,1499,0, bank transfer,Processing,Marketplace,156 Bonifacio St.,
O003637,2024-02-09 07:14:00,C00157,E0033,Router,Networking,,999,0.1,Debit Card,Returned,Store,525 Main St.,
O003638,2022-08-06 12:35:00,C00683,E0096,External Drive, Electronics ,2,19999,0.05,PayPal,Returned,STORE,144 Mabini St.,
O003639,2023-09-20 19:31:00,C00249,E0118,Printer,Office Furniture,4,1999,0.05,Credit Card,Returned,online,"Unit 17, Building 19",
O003640,2024-09-22 20:05:00,C00388,E0026,Webcam,Electronics,7,1499,0.2,Debit Card,Shipped,STORE,"Unit 6, Building 37",Deliver after 5PM
O003641,2024-01-13 10:51:00,C00194,E0225,Headset,Electronics,1,499,0.1,Debit Card,Shipped,Marketplace,782 main st.,Call customer
O003642,2025-06-02 23:13:00,C00359,E0156,Router,Office Furniture,4,999,0,Cash,Cancelled,online,"Unit 19, Building 49",Deliver after 5PM
O003643,2022-08-03 02:02:00,C00511,E0016,UPS,Electronics,10,499,0.03,Bank Transfer,Processing,Store,"Unit 15, Building 19",Urgent
O003644,2025-12-15 07:25:00,C00119,E0105,Router,Networking,2,799,0.1,PAYPAL ,Cancelled,STORE,"Unit 2, Building 8",Deliver after 5PM
O003645,2023-04-24 15:21:00,C00910,E0174,TABLET ,Networking,6,1999,0,Debit Card,Cancelled,STORE,"Unit 3, Building 13",Urgent
O003646,2022-06-09 06:31:00,C00805,E0051,Projector,Office Furniture,10,1499,0.1,Bank Transfer,Cancelled,Marketplace,493 Bonifacio St.,Urgent
O003647,2023-05-15 13:56:00,C00512,E0102, MONITOR,COMPUTER ACCESSORIES,3,4999,,,Pending,,242 Bonifacio St.,Urgent
O003648,2024-04-01 02:00:00,C00419,E0229,Laptop,mobile devices,1,799,0.03,PayPal,Pending,online,"Unit 13, Building 26",Deliver after 5PM
O003649,2025-07-26 10:07:00,C00141,E0118,External Drive, Computer Accessories ,10,9999,,PayPal,Processing,,"Unit 18, Building 49",Call customer
O003650,2024-02-28 03:47:00,C00908,E0046,Office Chair,Computer Accessories,,2999,0.15,GCash,Delivered,online,"Unit 19, Building 37",Urgent
O003651,2025-08-29 06:22:00,C00749,E0096,Keyboard,Networking,5,9999,0.15,GCash, returned,Store,881 Mabini St.,Gift order
O003652,2022-10-30 13:57:00,C00185,E0227,projector,Office Furniture,2,4999,0.03,GCash,Pending,Store,505 Mabini St.,
O003653,2025-09-08 19:13:00,C00204,E0245,Monitor,Office Furniture,2,499,0.05,GCash,Returned,Store,185 Rizal St.,
O003654,2025-09-29 17:43:00,C00274,E0211,Mouse,Networking,1,999,0.1,GCash,Cancelled,STORE,"Unit 5, Building 23",Gift order
O003655,2025-12-20 18:37:00,C00565,E0088,,Networking,,9999,0.03,GCash,Pending,Online,129 Mabini St.,Urgent
O003656,2024-11-26 17:53:00,C00529,E0015,Desk,Electronics,7,14999,0.15,Debit Card,Pending,online, 6 BONIFACIO ST.,
O003657,2024-08-06 17:03:00,C00669,E0008,Webcam,Office Furniture,1,7999,,Debit Card,Processing,STORE,432 Bonifacio St.,Urgent
O003658,2022-09-06 00:10:00,C00919,E0059,Headset,Mobile Devices,9,2999,0.2,GCash,Delivered,Marketplace,"Unit 6, Building 6",Deliver after 5PM
O003659,2022-11-16 10:54:00,C00720,E0250,webcam,Computer Accessories,6,1499,,Cash,Processing,Marketplace,474 Mabini St.,Gift order
O003660,2024-01-27 05:45:00,C00343,E0130,Laptop,Electronics,4,14999,0.2,GCash,Cancelled,Marketplace,"Unit 15, Building 24",
O003661,2022-05-15 04:04:00,C00158,E0204, ROUTER ,COMPUTER ACCESSORIES ,9,4999,,Debit Card,Delivered,Marketplace,"Unit 7, Building 6",
O003662,2023-02-15 04:32:00,C00036,E0129,Printer,Mobile Devices,5,999,0, PayPal ,Processing,Online,"Unit 10, Building 26",Call customer
O003663,2025-07-11 22:11:00,C00262,E0023,Router,mobile devices ,5,2999,, Debit Card ,Cancelled,Store,539 Mabini St.,Call customer
O003664,2025-03-05 18:41:00,C00127,E0072,Desk,Networking,2,499,0,PayPal,Processing,,"Unit 18, Building 48",Gift order
O003665,2025-08-28 07:22:00,C00230,E0223,Desk,Networking,1,9999,0.15, Cash,Cancelled,online,"Unit 5, Building 16",Urgent
O003666,2025-03-21 23:43:00,C00027,E0155,router ,Mobile Devices,2,2999,0.03,PayPal,Delivered,Online,7 Bonifacio St.,
O003667,2024-10-11 17:49:00,C00312,E0070,Monitor,Computer Accessories,2,499,0.05,Credit Card,Pending,Store,610 Main St.,
O003668,2024-12-08 00:06:00,C00436,E0023,Keyboard,Electronics,9,1499,0.03,Bank Transfer,Returned,Online,"Unit 1, Building 19",Gift order
O003669,2023-09-21 14:22:00,C00381,E0067,Laptop,Electronics,4,2999,0,Credit Card,Cancelled,,"Unit 7, Building 34",Call customer
O003670,2024-04-24 06:48:00,C00647,E0236,Tablet,Office Furniture,1,7999,0.05,Bank Transfer,Pending,STORE,578 Bonifacio St.,Gift order
O003671,2022-10-28 03:10:00,C00443,E0025,Desk,Electronics,7,4999,0,GCash,Pending,Store,"Unit 7, Building 4",
O003672,2022-01-17 04:14:00,C00645,E0121,Projector,Networking,10,14999,0.03,Bank Transfer,Returned,online,7 Rizal St.,Urgent
O003673,2022-06-12 10:36:00,C00845,E0237,Keyboard,Office Furniture,5,4999,0.15,Credit Card,Processing,Marketplace,271 Main St.,
O003674,2023-06-25 12:27:00,C00932,E0058,Projector,Electronics,1,9999,0.2, Debit Card ,Processing,Marketplace,214 Mabini St.,
O003675,2023-04-11 00:34:00,C00611,E0192,Office Chair,Computer Accessories,1,1999,,GCash,Shipped,Marketplace,714 Mabini St.,Call customer
O003676,2023-12-14 19:43:00,C00873,E0184,Printer,Office Furniture,9,799,0.03,Debit Card,,Online,"Unit 16, Building 41",Call customer
O003677,2025-03-09 02:26:00,C00105,E0193,Printer,Electronics,1,19999,0,,Processing,Marketplace,452 Rizal St.,Urgent
O003678,2022-02-08 00:01:00,C00298,E0197,UPS, Mobile Devices ,8,2999,0.15,Bank Transfer,Processing,online,"Unit 6, Building 30",Deliver after 5PM
O003679,2025-10-25 07:27:00,C00325,E0148,Desk,Mobile Devices,9,1999,0.03,BANK TRANSFER ,Processing,STORE,"Unit 8, Building 2",Deliver after 5PM
O003680,2023-03-14 15:42:00,C00882,E0218,Projector,Networking,7,9999,0.03,Cash,Shipped,STORE, 432 Main St. ,Gift order
O003681,2022-04-14 18:55:00,C00327,E0226,Webcam,Electronics,8,7999,0.1,PayPal,Delivered ,Online,521 Rizal St.,Deliver after 5PM
O003682,2024-12-28 15:26:00,C00910,E0003,Desk,Networking,8,1999,,BANK TRANSFER,Processing,Store, 730 BONIFACIO ST.,
O003683,2022-09-13 15:25:00,C00207,E0004,Tablet,office furniture ,5,2999,0.2,Bank Transfer,Cancelled,online, 647 Bonifacio St. ,
O003684,2024-05-17 02:50:00,C00874,E0182,Mouse,Electronics,2,1999,0,GCash,Delivered,Online,166 Quezon St.,
O003685,2023-11-05 09:02:00,C00342,E0245, external drive ,Electronics,2,999,0.2,Credit Card,,Marketplace,"Unit 4, Building 47",Gift order
O003686,2023-03-06 16:26:00,C00571,E0222,Desk,Computer Accessories,3,499,,Debit Card ,Returned,,33 Mabini St.,Gift order
O003687,2025-12-10 09:49:00,C00309,E0117,Projector,Mobile Devices,4,1999,0.2,PayPal,Processing,online,618 Quezon St.,Urgent
O003688,2025-09-14 00:20:00,C00475,E0104,Router,Networking,1,499,0.1,PayPal,Returned,,"Unit 6, Building 21",
O003689,2024-04-06 17:55:00,C00844,E0064,Laptop,Networking,2,799,0.15,Credit Card,Pending,STORE,"Unit 11, Building 48",Call customer
O003690,2025-01-03 23:13:00,C00515,E0200,Office Chair,Computer Accessories,6,2999,0.2,Cash,,,"Unit 12, Building 8",
O003691,2025-12-29 19:55:00,C00519,E0146,Monitor,Electronics,8,999,0.05,PayPal, shipped ,Marketplace,"Unit 11, Building 46",
O003692,2023-01-25 07:56:00,C00443,E0220,External Drive,Mobile Devices,1,499,0.05,Bank Transfer,Delivered,Store,957 Main St.,Gift order
O003693,2023-03-21 18:28:00,C00064,E0107,Webcam,Networking,10,9999,0.2,GCash,Pending,STORE,"Unit 15, Building 14",
O003694,2023-11-13 19:07:00,C00618,E0019,UPS,Mobile Devices,,799,0.05,Debit Card,Delivered,,,
O003695,2025-01-22 08:16:00,C00849,E0119,UPS,Networking,7,9999,0.05,Bank Transfer,Shipped,online,"Unit 20, Building 12",Gift order
O003696,2023-04-09 23:28:00,C00508,E0246,Router,Mobile Devices,8,14999,,Debit Card, PROCESSING ,STORE, 214 Main St. ,
O003697,2025-12-22 15:21:00,C00726,E0114,Smartphone,Mobile Devices,4,1999,,Debit Card,Delivered,online,862 Main St.,Gift order
O003698,2024-04-28 08:00:00,C00402,E0230,Desk,Electronics,3,19999,0.03, debit card,Delivered,,79 Bonifacio St.,Deliver after 5PM
O003699,2024-02-20 22:36:00,C00174,E0248,,Office Furniture,9,4999,,GCASH,Delivered,Online,,
O003700,2023-05-11 19:43:00,C00172,E0239,Headset,,3,1499,0.2,PayPal,Returned,Online,976 Bonifacio St.,Gift order
O003701,2022-04-05 05:02:00,C00740,E0055,Laptop,Networking,5,14999,0.2,Credit Card ,Processing,Online,"Unit 18, Building 1",Deliver after 5PM
O003702,2023-02-07 13:18:00,C00941,E0177,Keyboard , MOBILE DEVICES ,4,1499,0,Credit Card,Pending,online,506 Mabini St.,
O003703,2024-06-19 16:58:00,C00906,E0076,Tablet,Networking,6,4999,0.1,Cash,Processing,Marketplace,265 Rizal St. ,Deliver after 5PM
O003704,2025-05-29 04:05:00,C00208,E0147,Monitor,Computer Accessories,2,799,0.15,Credit Card, Processing ,Online,543 Mabini St.,
O003705,2022-08-16 21:10:00,C00290,E0212,Desk,Office Furniture,5,9999,0.05,Cash,Pending,Online,304 Rizal St.,Call customer
O003706,2022-05-17 11:52:00,C00124,E0073,Smartphone,Electronics,9,1499,0.2,GCash,Delivered,Marketplace,442 Bonifacio St.,Urgent
O003707,2024-02-04 22:49:00,C00640,E0020,Webcam,Office Furniture,6,14999,0,PayPal, Cancelled ,Online,505 Main St.,
O003708,2025-04-06 10:24:00,C00636,E0201,Office Chair, Mobile Devices ,4,4999,0.05,PayPal,Cancelled,Marketplace," UNIT 13, BUILDING 12 ",Gift order
O003709,2023-09-26 03:19:00,C00063,E0226, WEBCAM ,COMPUTER ACCESSORIES,1,999,0.2,Bank Transfer,Delivered,Marketplace,"Unit 17, Building 13",Gift order
O003710,2024-11-18 23:38:00,C00186,E0123,Monitor,Networking,3,7999,0.1,GCash,Delivered,Store,"Unit 3, Building 25",Urgent
O003711,2023-01-11 01:30:00,C00267,E0082,Printer,Electronics,10,1499,0.1,PayPal,Processing,online,"Unit 17, Building 29",Deliver after 5PM
O003712,2024-04-09 23:37:00,C00312,E0025,Laptop, Electronics,5,499,0.03,PayPal,RETURNED,STORE,241 Bonifacio St.,
O003713,2022-01-12 18:43:00,C00861,E0100,Router,,9,7999,,GCash, Cancelled ,STORE,439 Mabini St.,
O003714,2023-02-22 22:55:00,C00265,E0211,Office Chair,Mobile Devices,5,799,,Debit Card,Cancelled,Marketplace,236 Rizal St.,Call customer
O003715,2025-08-08 14:09:00,C00316,E0221,Webcam,Networking,3,999,0.1,Credit Card,Returned,Store,866 Mabini St.,Deliver after 5PM
O003716,2022-11-16 14:36:00,C00783,E0094,Printer,Office Furniture,2,499,0.03,Bank Transfer,Cancelled,online,608 Mabini St.,Deliver after 5PM
O003717,2024-10-20 23:07:00,C00565,E0022,UPS,Office Furniture,2,4999,0.15,Cash,Delivered,online,"Unit 2, Building 50",Call customer
O003718,2022-05-02 22:42:00,C00436,E0118,TABLET ,Office Furniture,5,1499,0.15, Bank Transfer ,Processing,,"Unit 3, Building 7",Gift order
O003719,2022-06-27 16:42:00,C00110,E0007,Smartphone,Office Furniture,4,19999,0.05,Credit Card,Processing,STORE,"Unit 5, Building 27",Gift order
O003720,2022-01-17 18:01:00,C00254,E0207,External Drive,Electronics,9,799,0.2,Debit Card,Cancelled,STORE,203 Mabini St.,Urgent
O003721,2022-07-06 11:54:00,C00940,E0237,UPS,Electronics,3,19999,0,PayPal,Shipped,,977 Rizal St.,Gift order
O003722,2022-04-21 14:06:00,C00213,E0236,, office furniture,9,999,0,Bank Transfer,Pending,Online,"Unit 20, Building 22",Deliver after 5PM
O003723,2025-01-31 10:36:00,C00280,E0003,Webcam,Mobile Devices,4,7999,0.2,GCash,,Marketplace,941 Main St.,Gift order
O003724,2023-11-16 10:10:00,C00463,E0029,Mouse,Mobile Devices,6,499,0.1,bank transfer,Pending,Marketplace,96 Rizal St.,Deliver after 5PM
O003725,2024-10-27 06:40:00,C00876,E0066,Printer,Electronics,10,4999,,PayPal,Delivered,Store,"Unit 2, Building 11",
O003726,2023-12-17 05:34:00,C00906,E0193,Printer,Computer Accessories,8,4999,0.1,Cash,Returned,online,"Unit 20, Building 13",Urgent
O003727,2023-01-26 01:53:00,C00542,E0163,Laptop,Networking,7,2999,0.03, Bank Transfer ,Processing,Marketplace," Unit 3, Building 12 ",
O003728,2025-10-30 08:50:00,C00481,E0074,Router,Mobile Devices,2,999,0,PayPal,Pending,online,"Unit 11, Building 28",
O003729,2023-11-22 09:25:00,C00919,E0199,projector ,Office Furniture,9,9999,0.05,BANK TRANSFER,Cancelled,,608 Main St.,
O003730,2022-04-24 12:30:00,C00799,E0219,Office Chair,Computer Accessories,5,19999,0.03,Bank Transfer,Delivered,online,"Unit 5, Building 30",Gift order
O003731,2022-05-14 10:30:00,C00308,E0090,UPS,Networking,7,14999,0.05,Cash,Processing,Online,"Unit 12, Building 8",Call customer
O003732,2022-06-02 20:21:00,C00187,E0206,Tablet,Networking,2,999,,GCash,Pending,Online,871 Quezon St.,Call customer
O003733,2022-06-30 22:23:00,C00347,E0235, Printer,Computer Accessories,3,1499,0.15,Credit Card,Returned,,,
O003734,2023-07-10 04:07:00,C00611,E0020,Office Chair,Office Furniture,7,2999,0.03,Cash,Cancelled,Marketplace,502 Main St.,
O003735,2024-06-03 14:21:00,C00961,E0226,Desk,Networking,5,2999,0.1,Debit Card,Processing,Marketplace,618 Rizal St.,Call customer
O003736,2022-01-29 23:01:00,C00081,E0176,Printer,Networking,1,1999,0.1,GCash,Processing,online,469 Quezon St.,
O003737,2024-05-05 22:08:00,C00193,E0205,Tablet,Electronics,3,999,0.05,,Pending,,,Urgent
O003738,2024-02-18 05:53:00,C00525,E0179,Printer, Networking ,8,1499,0.1,GCash, Pending,Online,433 Rizal St.,
O003739,2025-05-03 11:38:00,C00966,E0198,Printer,Electronics,9,799,,Credit Card,Cancelled,online,595 Main St.,Deliver after 5PM
O003740,2024-01-25 03:45:00,C00129,E0062,Monitor,Mobile Devices,6,4999,0,Credit Card,Returned,,"Unit 11, Building 50",
O003741,2022-05-19 02:37:00,C00795,E0005,Webcam,Mobile Devices,,2999,0.15,Credit Card,Cancelled,,143 Mabini St.,
O003742,2022-09-29 18:41:00,C00040,E0235,Office Chair, Networking,2,1499,0.05,Credit Card,Delivered,,"Unit 1, Building 23",
O003743,2025-08-21 21:59:00,C00511,E0082,UPS,Electronics,2,14999,,Cash,Cancelled,STORE,"Unit 10, Building 25",
O003744,2022-10-19 23:04:00,C00483,E0207,Laptop,Electronics,2,1999,0.2,Debit Card,Returned,Marketplace,640 Quezon St.,
O003745,2024-03-24 15:19:00,C00860,E0130,Monitor,Office Furniture,5,9999,0.1,Credit Card,Delivered,STORE,36 main st. ,Gift order
O003746,2025-06-17 11:44:00,C00554,E0222, UPS, Electronics,2,1999,0.1, Debit Card,Shipped,Store,"Unit 5, Building 1",Gift order
O003747,2024-07-12 23:18:00,C00036,E0212,Keyboard,Office Furniture,3,799,0.2,PayPal,Delivered,STORE,"Unit 17, Building 29",Deliver after 5PM
O003748,2025-01-11 20:02:00,C00120,E0156,Desk,Office Furniture,10,999,0.15,GCash,Processing,Online,"Unit 6, Building 13",
O003749,2025-06-26 15:22:00,C00521,E0191,Laptop,Electronics,10,7999,0.03,Credit Card,cancelled,Store,231 Rizal St.,Deliver after 5PM
O003750,2024-12-04 06:04:00,C00896,E0135,Mouse,Electronics,9,999,,Cash,Processing,Marketplace,"Unit 9, Building 35",
O003751,2024-05-15 17:14:00,C00124,E0182,Mouse,Office Furniture,3,14999,0.1,gcash,Shipped,Store,271 Rizal St.,Urgent
O003752,2024-04-28 15:03:00,C00174,E0098,Laptop,Office Furniture,4,4999,0.2, DEBIT CARD,Returned,Marketplace,"Unit 18, Building 11",
O003753,2022-04-21 13:20:00,C00147,E0200,Laptop,Electronics,,499,0.05,Bank Transfer,Pending,Marketplace,521 Bonifacio St.,Deliver after 5PM
O003754,2022-12-13 05:47:00,C00244,E0033,Smartphone,Office Furniture,2,7999,0.03,PayPal,Delivered,online, 37 MAIN ST.,Urgent
O003755,2025-10-10 01:11:00,C00592,E0217, laptop,Networking,6,19999,,Bank Transfer,Pending,Marketplace,"Unit 19, Building 6",Urgent
O003756,2023-06-26 05:52:00,C00588,E0092,Monitor,Electronics,4,7999,0.03,PayPal,Returned,Marketplace,587 Mabini St.,
O003757,2023-05-09 05:06:00,C00250,E0172, tablet ,Networking,4,999,0.1, gcash ,Pending,,"Unit 4, Building 43",Call customer
O003758,2023-05-28 21:18:00,C00641,E0199,Router,Computer Accessories,5,19999,0.2,PayPal,Shipped,online," Unit 4, Building 36 ",Call customer
O003759,2024-05-21 11:14:00,C00898,E0031,External Drive,Computer Accessories,5,499,0,PayPal,Pending,STORE,739 Rizal St.,Call customer
O003760,2022-10-31 09:19:00,C00263,E0082,Webcam,Office Furniture,7,799,0.2,PayPal, Pending,Store,8 Mabini St.,Urgent
O003761,2023-02-22 08:30:00,C00311,E0146,Monitor,Mobile Devices,5,7999,0.03,PayPal,Delivered,STORE, 177 Quezon St.,
O003762,2025-01-24 23:16:00,C00315,E0044,PRINTER,Mobile Devices,8,799,0.03,Credit Card,Cancelled,Store,"Unit 1, Building 27",
O003763,2024-04-14 15:53:00,C00075,E0174, Router,Mobile Devices,,19999,0, debit card,Pending,,727 Main St.,Call customer
O003764,2023-01-07 08:15:00,C00135,E0167,Headset,Mobile Devices,8,499,0,Credit Card,Pending,online,949 Rizal St.,
O003765,2024-06-11 07:16:00,C00195,E0190,Tablet,ELECTRONICS ,4,4999,0,Bank Transfer, Delivered ,Marketplace,548 Mabini St.,Call customer
O003766,2023-08-11 02:36:00,C00202,E0222,LAPTOP ,Mobile Devices,7,9999,0,GCash, CANCELLED,Online,223 Quezon St.,Gift order
O003767,2024-03-15 04:36:00,C00652,E0240,,Electronics,10,19999,0,Debit Card,Processing,Marketplace,"Unit 17, Building 19",Deliver after 5PM
O003768,2022-07-12 23:30:00,C00825,E0043,printer,Office Furniture,9,499,0.1,Credit Card,Shipped,Store,314 Rizal St.,Gift order
O003769,2024-10-13 09:45:00,C00246,E0005,Router,Mobile Devices,2,799,0.1,Debit Card,Shipped,Online,"Unit 17, Building 6",Urgent
O003770,2024-02-05 09:12:00,C00397,E0035,Desk,Computer Accessories,10,,0.05,GCash,,Store,181 Main St.,
O003771,2025-06-08 14:39:00,C00640,E0084,Mouse,Computer Accessories,8,499,0.03,PayPal ,Delivered,Marketplace,285 Mabini St.,
O003772,2024-11-05 13:30:00,C00579,E0219,Webcam,Mobile Devices,8,14999,0.15,Cash,Shipped,,845 Mabini St.,
O003773,2024-07-01 02:18:00,C00322,E0008,Office Chair,Mobile Devices,5,19999,0,Cash,processing,Online,"Unit 12, Building 32",
O003774,2022-07-30 17:25:00,C00658,E0146,Tablet,Networking,10,19999,0.1,Bank Transfer,Processing ,Marketplace,"Unit 19, Building 6",Call customer
O003775,2022-05-27 08:20:00,C00801,E0111,Printer,,7,499,0.1,PayPal,Cancelled,STORE,"UNIT 10, BUILDING 39",
O003776,2023-07-19 17:50:00,C00971,E0149,Headset,Office Furniture,2,1499,0.2,GCash,Shipped,Marketplace,"Unit 3, Building 12",
O003777,2025-05-26 05:11:00,C00835,E0226,UPS,Mobile Devices,7,1499,0.03,Cash,Delivered,STORE,664 Rizal St.,Deliver after 5PM
O003778,2023-05-13 05:58:00,C00421,E0163,Desk, electronics ,3,1499,0.2,Debit Card,Cancelled,Online,864 Quezon St.,
O003779,2025-11-22 17:25:00,C00545,E0227,Projector,Office Furniture,9,999,0.1, BANK TRANSFER ,Returned,STORE,"Unit 6, Building 13",Deliver after 5PM
O003780,2024-08-10 05:31:00,C00063,E0124,EXTERNAL DRIVE ,Electronics,6,2999,0.2,GCash,Returned,online,"Unit 10, Building 50",Call customer
O003781,2025-02-13 00:51:00,C00207,E0052,Tablet, mobile devices,5,,0,PayPal,Pending,Store,158 Mabini St.,Gift order
O003782,2023-08-25 00:24:00,C00053,E0167,Printer, MOBILE DEVICES,10,9999,0.15,Credit Card,Shipped,Online," Unit 3, Building 27",Gift order
O003783,2024-08-20 05:55:00,C00224,E0091,Desk,Electronics,9,1499,0.15,PayPal,Pending,Store,664 Bonifacio St.,Deliver after 5PM
O003784,2023-05-07 16:29:00,C00822,E0055,Headset,Electronics,4,999,0.1,PayPal,Returned ,online,9 Mabini St.,Gift order
O003785,2025-12-20 11:11:00,C00975,E0079,Projector,Mobile Devices,3,499,0.1,Cash,Pending,,481 Main St.,Deliver after 5PM
O003786,2022-07-04 20:22:00,C00267,E0215,Office Chair,Networking,9,1499,0.03,Debit Card,,Store,"Unit 19, Building 7",
O003787,2025-01-24 20:01:00,C00839,E0159,Monitor,Mobile Devices,9,14999,0,bank transfer ,Cancelled,Marketplace,247 Bonifacio St.,Urgent
O003788,2024-09-17 00:46:00,C00732,E0061,Desk,Mobile Devices,6,9999,0.03,Cash,Cancelled,STORE,"Unit 20, Building 27",
O003789,2025-06-09 03:40:00,C00259,E0102,Office Chair,Mobile Devices,10,7999,0.2,Credit Card,Pending,Online,494 Bonifacio St.,Gift order
O003790,2023-11-13 19:37:00,C00518,E0111,Mouse, Electronics ,1,1999,0.15,Cash,Delivered,Online,787 Quezon St.,Call customer
O003791,2024-08-06 19:55:00,C00800,E0102,Printer,Computer Accessories,5,1499,0.03,PayPal,Delivered,STORE,526 Main St.,
O003792,2022-07-03 16:52:00,C00974,E0077,Webcam, electronics,8,14999,0.1,Bank Transfer,Returned,Marketplace,788 Rizal St.,Deliver after 5PM
O003793,2022-06-23 02:03:00,C00517,E0039,Tablet,Networking,2,2999,0.15,Cash,PROCESSING ,Online,"Unit 18, Building 41",Gift order
O003794,2025-05-03 13:06:00,C00422,E0121,Headset ,Mobile Devices,6,14999,0.1,Debit Card,Returned,Online,"Unit 18, Building 14",Call customer
O003795,2024-03-30 19:45:00,C00382,E0158,Laptop,Office Furniture,7,1999,0,PayPal,Processing,Store,77 Mabini St.,Gift order
O003796,2023-09-04 09:42:00,C00656,E0073,Mouse,Mobile Devices,,999,0.15,PayPal,Shipped,online,740 Main St.,
O003797,2024-01-23 14:54:00,C00570,E0032,Keyboard,Electronics,6,9999,0.05,Debit Card,Cancelled,online,135 Bonifacio St.,Urgent
O003798,2022-09-03 17:34:00,C00862,E0025,Laptop,Computer Accessories,6,2999,0.2,Cash,Cancelled,Online,"Unit 6, Building 41",Urgent
O003799,2024-10-30 13:48:00,C00303,E0226,Headset,Networking,5,1999,,Debit Card ,Processing,Online,591 Quezon St.,
O003800,2024-06-23 19:19:00,C00973,E0023,Projector,Computer Accessories,6,499,0,Credit Card,Shipped,,710 Rizal St.,Gift order
O003801,2024-02-12 07:45:00,C00293,E0091,Laptop,Mobile Devices,,7999,0, Bank Transfer ,Shipped,Store,826 Quezon St.,Gift order
O003802,2024-12-06 06:50:00,C00366,E0165,Webcam,Computer Accessories,10,7999,0.1,Credit Card,Returned,STORE,"Unit 14, Building 23",Deliver after 5PM
O003803,2022-04-28 01:37:00,C00009,E0076,Headset,Computer Accessories,10,9999,0.1,Cash,Returned,Marketplace,"Unit 4, Building 19",Deliver after 5PM
O003804,2022-12-24 19:28:00,C00801,E0242, webcam,Networking,3,19999,0.1,Credit Card,Pending,Online,"Unit 15, Building 5",Urgent
O003805,2022-05-25 11:25:00,C00682,E0036,Desk,Electronics,6,4999,0.05,cash ,Shipped,Marketplace,"Unit 19, Building 37",Gift order
O003806,2023-11-14 13:57:00,C00231,E0089,Desk,Electronics,9,7999,0.03,Cash,Pending,,420 Mabini St.,
O003807,2022-10-08 04:05:00,C00993,E0197,External Drive,NETWORKING ,10,1999,,Credit Card,Cancelled,Marketplace,847 Bonifacio St.,Gift order
O003808,2023-01-27 01:59:00,C00521,E0154,Keyboard,Mobile Devices,3,7999,,Credit Card,Shipped,Store,"Unit 13, Building 24",Call customer
O003809,2022-04-24 04:08:00,C00583,E0202,Monitor,Electronics,8,14999,0.15,PayPal,Delivered,STORE,"Unit 3, Building 12",Gift order
O003810,2023-04-29 20:34:00,C00445,E0088,Tablet,Networking ,8,7999,0.1,GCash,Processing,STORE,79 Quezon St.,Gift order
O003811,2024-05-01 16:05:00,C00416,E0077,External Drive,Computer Accessories,4,14999,0.1,Cash,Delivered,Store,882 Bonifacio St.,Deliver after 5PM
O003812,2025-08-30 09:02:00,C00339,E0092, Office Chair ,Electronics,10,9999,,GCash,Shipped,Marketplace,593 Mabini St.,Call customer
O003813,2025-05-18 06:29:00,C00540,E0036,Keyboard,Office Furniture,7,799,0.2,PayPal,Delivered,online,"Unit 6, Building 3",
O003814,2024-06-29 12:19:00,C00355,E0077,Webcam,Networking,8,999,0.05,GCash, processing ,Store,"Unit 8, Building 17",Urgent
O003815,2025-11-28 15:50:00,C00272,E0230, printer,Computer Accessories,3,,0.03,PayPal,Delivered,Store,,Gift order
O003816,2023-02-10 16:47:00,C00663,E0147,UPS,Networking,9,9999,0.05,CREDIT CARD ,Pending,Marketplace,,
O003817,2025-06-30 22:27:00,C00342,E0110,projector ,Computer Accessories,7,9999,,Bank Transfer,Shipped,Marketplace,"Unit 10, Building 4",Urgent
O003818,2023-11-24 08:14:00,C00627,E0045,Desk, MOBILE DEVICES,4,2999,,Bank Transfer,Delivered,,"Unit 16, Building 8",
O003819,2023-05-13 04:29:00,C00297,E0074,Keyboard,,8,19999,0,Credit Card,Pending,online,808 Rizal St.,Call customer
O003820,2023-11-20 20:26:00,C00028,E0077,Monitor, NETWORKING,2,2999,0.03,PayPal,Delivered,STORE,"Unit 11, Building 4",Deliver after 5PM
O003821,2023-04-15 14:04:00,C00273,E0165,Headset,Electronics,10,499,0,GCash,Shipped,online,509 Mabini St.,Call customer
O003822,2023-08-10 09:10:00,C00426,E0174,External Drive,Networking,5,2999,,Bank Transfer, pending ,Online,"Unit 5, Building 2",Call customer
O003823,2025-05-18 09:57:00,C00595,E0066,Mouse,Electronics,,799,0.2,Cash,Pending,online, 659 MABINI ST. ,
O003824,2022-12-07 09:19:00,C00191,E0162,Mouse,Mobile Devices,5,14999,0.15,GCash,Returned,Store,378 Bonifacio St.,Urgent
O003825,2022-02-02 06:26:00,C00366,E0034,Webcam,Electronics,5,799,0.1,Credit Card,Pending,,226 Rizal St.,
O003826,2024-05-22 16:34:00,C00102,E0094,Printer,Computer Accessories,2,19999,0.1,Bank Transfer,Pending,Online,"Unit 1, Building 4",Call customer
O003827,2023-09-02 13:08:00,C00288,E0245,Mouse,Office Furniture,6,1499,0.15,GCash,Processing,Online,472 BONIFACIO ST.,Deliver after 5PM
O003828,2023-01-12 02:01:00,C00936,E0140,Keyboard,Mobile Devices,2,1999,0.2,Cash, Shipped ,,"Unit 1, Building 27",Call customer
O003829,2024-10-09 07:38:00,C00864,E0132,Webcam,Networking,7,799,0,Cash,Delivered,Store,208 Bonifacio St.,Deliver after 5PM
O003830,2022-05-23 01:54:00,C00251,E0189,External Drive,Networking,10,14999,0.15,Bank Transfer,processing,,"unit 9, building 31 ",Urgent
O003831,2024-04-17 23:14:00,C00342,E0134,Desk,Electronics,5,9999,0,Bank Transfer,Pending,Marketplace,"Unit 2, Building 6",Call customer
O003832,2023-03-10 16:59:00,C00673,E0223,Printer,Networking,2,19999,0.1,PayPal,Returned,Marketplace,722 Main St.,Call customer
O003833,2024-12-29 14:44:00,C00461,E0042,Desk,Mobile Devices,1,499,0.15,Cash,Returned,online, 673 rizal st. ,
O003834,2022-06-30 19:12:00,C00416,E0104,Projector,Electronics,8,14999,0,PayPal,Cancelled,Online,45 Bonifacio St.,Gift order
O003835,2024-05-16 20:26:00,C00589,E0107,Monitor,Electronics,10,4999,0,Bank Transfer,Pending,,306 Rizal St.,Deliver after 5PM
O003836,2023-02-26 20:09:00,C00914,E0107,,mobile devices ,3,4999,0.1,Credit Card,Returned,Store,4 Main St.,Deliver after 5PM
O003837,2025-08-27 08:21:00,C00812,E0102,Desk,Office Furniture,7,7999,0.15,GCash,Processing,online,"Unit 11, Building 32",Call customer
O003838,2022-09-09 04:44:00,C00506,E0144,Router,Office Furniture,,1499,0,PayPal,,STORE,"Unit 1, Building 12",Call customer
O003839,2022-03-13 02:35:00,C00961,E0154,External Drive,Office Furniture,10,499,0.2,Bank Transfer,Returned,Marketplace,821 RIZAL ST.,
O003840,2022-03-04 23:55:00,C00004,E0230,Mouse,Networking,9,4999,0,Debit Card, processing,, 476 QUEZON ST.,Deliver after 5PM
O003841,2025-08-14 07:17:00,C00960,E0041,Laptop, Electronics ,5,4999,,Credit Card,Returned,online,446 Main St.,
O003842,2023-12-05 17:30:00,C00080,E0132,Desk,Networking,2,1499,0.05,Credit Card,Cancelled,Marketplace," unit 3, building 28 ",Gift order
O003843,2023-06-18 16:48:00,C00233,E0131,,Networking,3,19999,0.05,Bank Transfer,Delivered,Marketplace,"Unit 15, Building 6",Deliver after 5PM
O003844,2022-11-05 20:27:00,C00864,E0195,Projector, Electronics ,10,2999,,Cash,Processing,,447 Quezon St.,Call customer
O003845,2023-02-01 23:59:00,C00895,E0172,Router,Computer Accessories,3,1499,0.1,Credit Card,Delivered,Store,239 Mabini St.,Deliver after 5PM
O003846,2022-09-22 16:42:00,C00414,E0249,Laptop,Computer Accessories,5,14999,0.1,GCash,Shipped,Online,151 Mabini St.,Deliver after 5PM
O003847,2023-10-16 05:32:00,C00380,E0135,ROUTER ,Networking,7,14999,0.2, bank transfer,Processing,Store,"Unit 18, Building 46",
O003848,2025-01-14 05:25:00,C00822,E0214,MOUSE,Mobile Devices,9,2999,0.2,Debit Card,Cancelled,online,"Unit 4, Building 3",Urgent
O003849,2022-03-04 07:55:00,C00794,E0148,Router,Networking,7,499,,Credit Card,Shipped,Marketplace,"Unit 18, Building 17",Deliver after 5PM
O003850,2025-06-11 18:39:00,C00645,E0114, tablet,Office Furniture,9,4999,,Debit Card,Delivered,STORE,"Unit 17, Building 17",Call customer
O003851,2022-09-04 11:26:00,C00960,E0128,Office Chair,Computer Accessories,1,14999,0.2,Credit Card,Processing,Online,"Unit 15, Building 36",Deliver after 5PM
O003852,2022-09-11 00:30:00,C00900,E0151,,Office Furniture,9,4999,0.1,GCash,Shipped,Marketplace,"Unit 3, Building 8",Urgent
O003853,2023-04-26 15:27:00,C00138,E0220,Keyboard,Mobile Devices,10,14999,0.1,Credit Card,Processing,STORE,"Unit 3, Building 8",Urgent
O003854,2023-05-12 16:05:00,C00258,E0204,Laptop,Electronics,5,4999,0.03,Cash ,Cancelled,online,,
O003855,2023-08-10 21:36:00,C00790,E0008,Printer,Computer Accessories,5,4999,0.15,Credit Card,Returned,STORE,"Unit 9, Building 13",
O003856,2025-04-19 21:21:00,C00329,E0149,Webcam,Mobile Devices,6,1999,0.2,Credit Card,Cancelled,,623 Rizal St.,Gift order
O003857,2023-06-24 12:54:00,C00203,E0183,Keyboard, Office Furniture,9,7999,0,Bank Transfer,Cancelled,Marketplace,609 Quezon St. ,
O003858,2023-12-19 23:07:00,C00204,E0139,Printer,Networking,4,9999,0,Bank Transfer,Returned ,Marketplace,627 Mabini St.,
O003859,2022-10-24 04:45:00,C00062,E0044,Keyboard,Electronics,3,14999,0.05,Bank Transfer,Delivered,Online,"Unit 7, Building 29",Urgent
O003860,2024-10-26 13:19:00,C00772,E0019, UPS ,Office Furniture,7,999,0.1,Credit Card,Returned,Store,944 Bonifacio St.,Gift order
O003861,2023-07-09 18:07:00,C00368,E0241,Mouse,Mobile Devices,2,4999,0.05,Bank Transfer,Pending,STORE,"Unit 6, Building 23",Urgent
O003862,2024-06-04 09:47:00,C00923,E0094,Mouse,Computer Accessories,2,9999,0.05,GCash, processing,Marketplace,"Unit 9, Building 23",Gift order
O003863,2023-07-25 17:32:00,C00113,E0247,monitor ,networking,2,14999,0.05,DEBIT CARD ,Cancelled,,"Unit 4, Building 18",
O003864,2024-11-18 04:09:00,C00838,E0009,Tablet,Office Furniture,8,7999,0, Credit Card,Delivered,online,71 Bonifacio St.,Deliver after 5PM
O003865,2025-10-13 10:31:00,C00097,E0011,Projector,Computer Accessories,7,1499,0,PayPal,,Marketplace,"Unit 12, Building 24",Call customer
O003866,2023-04-22 22:50:00,C00068,E0029,Router,Office Furniture,3,799,0.15,GCash,Delivered,Marketplace,"UNIT 18, BUILDING 50 ",
O003867,2022-08-10 15:33:00,C00515,E0187,Router,Electronics,5,4999,0.03,Bank Transfer,Delivered,Store,63 Main St.,Call customer
O003868,2024-02-10 21:51:00,C00803,E0041,Headset, Computer Accessories,1,799,0.15,Bank Transfer,Cancelled,STORE,289 Bonifacio St.,
O003869,2025-09-28 17:55:00,C00470,E0082, Printer,Office Furniture ,5,4999,0,GCash,Shipped,STORE,719 Rizal St.,Urgent
O003870,2025-02-17 03:55:00,C00284,E0091,Desk,Computer Accessories,10,799,,Debit Card,shipped,STORE,22 Mabini St.,Gift order
O003871,2022-10-04 06:26:00,C00500,E0152,UPS,Computer Accessories,9,2999,,Debit Card,Delivered,STORE,694 Bonifacio St.,Deliver after 5PM
O003872,2025-02-23 05:06:00,C00288,E0186,,Networking,5,799,0.03,Credit Card,Returned,online, 567 quezon st.,
O003873,2022-03-15 04:09:00,C00851,E0107,Keyboard,Computer Accessories,10,999,0.1,Bank Transfer,Processing,online,124 Rizal St.,Urgent
O003874,2023-02-25 03:06:00,C00734,E0195,Office Chair,Electronics,1,499,0.2,PayPal,Cancelled,Online,698 Rizal St.,Deliver after 5PM
O003875,2024-05-16 03:27:00,C00156,E0181,Router,Office Furniture,6,7999,,GCash,Cancelled,STORE,"Unit 11, Building 50",
O003876,2025-08-14 00:13:00,C00397,E0074,,Networking,9,999,0,Bank Transfer,,Online,"Unit 1, Building 39",Deliver after 5PM
O003877,2023-09-09 09:46:00,C00529,E0131,Projector,Office Furniture,5,19999,0.1,GCash, Cancelled ,,492 Mabini St.,Call customer
O003878,2023-03-08 21:09:00,C00036,E0193,Keyboard,Office Furniture,2,2999,0.03,Bank Transfer,Cancelled,Marketplace,"Unit 14, Building 10",Call customer
O003879,2023-04-22 08:09:00,C00794,E0191,,Computer Accessories,7,799,,PayPal,Shipped,Store,628 Rizal St.,
O003880,2024-04-30 21:00:00,C00935,E0181,Webcam,Networking,4,4999,0.15,Debit Card,Returned ,STORE,"Unit 11, Building 5",Deliver after 5PM
O003881,2022-08-12 09:29:00,C00980,E0001,UPS,Electronics,3,19999,,PayPal,Pending,Store,477 Quezon St.,
O003882,2022-06-12 08:59:00,C00216,E0149,Smartphone,Networking,6,19999,0.15,Debit Card,Processing,Marketplace,369 Bonifacio St.,Call customer
O003883,2023-05-05 12:16:00,C00589,E0171,,Computer Accessories,1,19999,0,Bank Transfer,Shipped,Online,513 Bonifacio St.,Deliver after 5PM
O003884,2023-08-20 18:59:00,C00284,E0069,Keyboard,Electronics,1,7999,0.1,Debit Card,Pending,online,"Unit 8, Building 50",
O003885,2023-11-27 20:58:00,C00778,E0093,Mouse,Office Furniture,3,9999,0.03,GCash,Pending,online,770 Mabini St.,Deliver after 5PM
O003886,2022-09-01 00:24:00,C00733,E0059,Desk,Computer Accessories,10,2999,0.03, DEBIT CARD,Shipped,,"Unit 12, Building 42",Gift order
O003887,2022-02-06 20:43:00,C00103,E0046,Desk, computer accessories ,10,1499,0.2,PayPal, Shipped,Store,"Unit 7, Building 6",Gift order
O003888,2024-01-16 02:48:00,C00129,E0066,External Drive,Office Furniture,5,7999,0.2,GCash, Delivered,Online,"Unit 12, Building 1",
O003889,2022-08-10 21:55:00,C00697,E0211,UPS,Computer Accessories,9,499,0.03,DEBIT CARD ,Processing,online,"Unit 5, Building 15",Urgent
O003890,2023-01-24 15:08:00,C00520,E0066,Monitor,Electronics,6,7999,0.15, PayPal,Processing,STORE,,Call customer
O003891,2022-02-14 09:59:00,C00386,E0172,UPS,Computer Accessories,5,1999,0.1,Credit Card,Processing,,31 Bonifacio St.,
O003892,2024-12-15 01:37:00,C00811,E0213,UPS,Networking,1,999,0.03,Bank Transfer,Shipped,,713 RIZAL ST.,
O003893,2022-07-17 21:13:00,C00381,E0156,Office Chair,Networking,10,999,0,Credit Card,Shipped,,"unit 13, building 12",Urgent
O003894,2022-02-17 05:50:00,C00811,E0237,Keyboard, Electronics,5,1499,0.03, gcash,Cancelled,Marketplace,82 Mabini St.,Deliver after 5PM
O003895,2024-11-02 10:27:00,C00641,E0046,Printer,Computer Accessories,10,19999,,Credit Card,Shipped,STORE,177 Quezon St.,Deliver after 5PM
O003896,2022-11-13 21:38:00,C00477,E0221, headset ,Office Furniture,2,,0,Debit Card,,Marketplace,"Unit 4, Building 9",
O003897,2023-09-08 09:21:00,C00852,E0203,Router,ELECTRONICS,3,499,0,Bank Transfer,Processing,,392 Bonifacio St.,
O003898,2022-02-20 10:18:00,C00184,E0129,Mouse, Mobile Devices,8,9999,0.15,Credit Card,Pending,Marketplace,14 Quezon St.,Deliver after 5PM
O003899,2025-04-01 00:53:00,C00871,E0104,Keyboard,Computer Accessories,2,499,0.1,GCash,,Online,,Urgent
O003900,2024-04-26 16:20:00,C00609,E0034,Smartphone,Office Furniture,5,14999,0.05,Bank Transfer,Shipped,,"Unit 9, Building 19",
O003901,2023-08-09 17:56:00,C00305,E0097,Mouse,Electronics,10,499,0.05,GCash,Delivered,Marketplace,"Unit 12, Building 42",Gift order
O003902,2025-07-24 15:07:00,C00523,E0026, Router ,Networking,8,499,0,GCash,Processing,STORE,487 Main St.,Deliver after 5PM
O003903,2024-08-09 12:30:00,C00987,E0244,Office Chair,Electronics,5,799,0,PayPal,Shipped,Marketplace,409 Rizal St.,Call customer
O003904,2025-12-11 13:17:00,C00016,E0136,Monitor,Networking,10,9999,0.2,Credit Card, Returned ,Store,228 Main St.,Gift order
O003905,2023-06-09 12:32:00,C00419,E0233, Projector, mobile devices,,14999,0.05,Bank Transfer,CANCELLED ,online,"Unit 11, Building 39",Gift order
O003906,2025-06-24 13:56:00,C00753,E0009,Printer,Networking,6,9999,0.03,Bank Transfer,Cancelled,Online,234 Rizal St.,Gift order
O003907,2023-09-21 18:02:00,C00306,E0131,, computer accessories,9,7999,,GCash,Delivered,online,96 Main St.,Gift order
O003908,2022-09-09 13:28:00,C00764,E0017, ups ,,1,499,0.2,Credit Card,returned ,,973 Bonifacio St.,Call customer
O003909,2022-07-06 06:05:00,C00110,E0223,MONITOR ,Networking,2,799,0.03,GCash,Returned,Online, 685 quezon st. ,Urgent
O003910,2024-12-07 12:51:00,C00793,E0078,Keyboard,Networking ,,4999,, DEBIT CARD ,Shipped,STORE, 31 bonifacio st.,
O003911,2023-06-02 01:32:00,C00232,E0120,Office Chair,Electronics,10,799,0,Cash, PENDING,Marketplace,"Unit 7, Building 17",Deliver after 5PM
O003912,2023-08-17 15:29:00,C00140,E0127,UPS,Electronics,7,1499,0.03,Bank Transfer,Processing,Marketplace, 621 Rizal St. ,Urgent
O003913,2023-04-26 03:30:00,C00859,E0033,Smartphone,Mobile Devices,9,19999,,Debit Card,Shipped,Marketplace,230 Main St.,Gift order
O003914,2024-10-13 07:55:00,C00157,E0138,Monitor,Computer Accessories,1,14999,0.2,Debit Card,Processing,online,314 rizal st. ,
O003915,2024-12-10 21:51:00,C00476,E0077,Printer,Electronics,8,7999,0.2,PayPal,,Online,,
O003916,2025-12-19 03:20:00,C00044,E0054,Printer,Networking,3,999,0.2,GCash, cancelled ,,264 Mabini St.,Gift order
O003917,2024-08-14 05:33:00,C00356,E0072,Desk, mobile devices,3,499,0,Credit Card,Shipped,STORE,"Unit 3, Building 6",Call customer
O003918,2024-06-21 22:32:00,C00795,E0163,Office Chair,Networking,1,2999,,Cash,Returned,Store," Unit 16, Building 13 ",Deliver after 5PM
O003919,2025-05-28 11:34:00,C00091,E0169,Router,Computer Accessories,4,499,0.15,Cash,Cancelled,,985 Rizal St.,Gift order
O003920,2025-04-21 06:18:00,C00755,E0210,Projector,Mobile Devices,4,4999,0.2,Credit Card,Processing,,"Unit 17, Building 40",
O003921,2022-07-01 08:05:00,C00340,E0051,Smartphone,Networking,5,4999,0.05, Credit Card,,online,342 Quezon St.,Gift order
O003922,2024-03-27 02:16:00,C00620,E0198,Tablet,mobile devices,9,19999,0.1, GCASH,Delivered,Store,507 Main St.,Gift order
O003923,2025-10-24 20:05:00,C00643,E0233,Projector,Electronics,1,999,0.05,Cash,Shipped,STORE, 954 RIZAL ST. ,
O003924,2022-08-25 11:12:00,C00584,E0169,UPS,Mobile Devices,5,7999,,Bank Transfer,Pending,Online,"Unit 12, Building 35",
O003925,2023-09-18 04:08:00,C00819,E0123,Router, NETWORKING ,2,999,0,Cash,Pending,,"Unit 2, Building 12",
O003926,2024-10-25 04:52:00,C00057,E0226,Monitor,Electronics,4,9999,0.1, Credit Card,Delivered,online,803 Quezon St.,Urgent
O003927,2023-09-08 04:55:00,C00762,E0194,Projector,Office Furniture,10,7999,0.15,GCash,Cancelled,,493 Rizal St.,Gift order
O003928,2022-07-28 05:46:00,C00848,E0183,Tablet,Networking,10,9999,0.05,Bank Transfer,Returned,STORE,342 Quezon St.,Call customer
O003929,2024-05-17 02:17:00,C00068,E0023,Tablet,Networking,10,999,0.2,Credit Card,Returned,STORE,687 Mabini St.,Gift order
O003930,2024-05-06 07:38:00,C00587,E0042,Webcam,Networking,10,799,0.15,GCash,Pending,Online,"Unit 10, Building 50",Deliver after 5PM
O003931,2025-04-02 03:30:00,C00732,E0068,Smartphone,Computer Accessories,4,799,0.2,GCash,Cancelled,,628 Main St.,
O003932,2022-12-12 09:43:00,C00807,E0103,Mouse,electronics ,7,7999,0.03,Bank Transfer ,Delivered,online,543 Bonifacio St.,Urgent
O003933,2025-08-29 13:04:00,C00872,E0133, Laptop,Networking,9,799,0.03,Cash, Shipped,Online,"Unit 9, Building 18",
O003934,2022-04-22 19:34:00,C00762,E0238,Keyboard,Office Furniture,10,799,,Debit Card,Delivered,STORE," UNIT 11, BUILDING 20",Deliver after 5PM
O003935,2025-09-11 05:31:00,C00249,E0059,UPS,Networking,6,9999,,Debit Card,Returned,Marketplace," unit 11, building 24 ",
O003936,2023-08-28 19:53:00,C00327,E0104,Monitor,Electronics,6,999,0.2,Credit Card,Delivered,online,216 Bonifacio St.,Gift order
O003937,2023-06-11 00:29:00,C00639,E0250,Webcam,Mobile Devices,6,2999,0.03, Bank Transfer ,Pending,Store, 782 Mabini St.,Call customer
O003938,2023-12-24 20:28:00,C00233,E0062,Webcam,Computer Accessories,2,1999,,Cash,Shipped,STORE,"Unit 14, Building 48",
O003939,2024-11-10 21:56:00,C00322,E0141,Desk,Networking,8,4999,, CASH ,Pending,Online,"Unit 9, Building 24",
O003940,2023-07-23 17:06:00,C00728,E0171,UPS,Electronics,5,1999,,PayPal,Delivered,Marketplace,"Unit 5, Building 38",Urgent
O003941,2023-08-26 14:11:00,C00074,E0248,Laptop,Mobile Devices,1,9999,0.05,Credit Card,PENDING ,,997 Bonifacio St.,
O003942,2024-09-29 18:48:00,C00946,E0204,Laptop,Computer Accessories,4,799,,Debit Card,DELIVERED,Online,"Unit 4, Building 40",Call customer
O003943,2024-03-02 16:16:00,C00860,E0133,Projector,ELECTRONICS ,4,7999,0.15, Credit Card ,Returned,,"Unit 8, Building 15",Urgent
O003944,2024-11-30 19:39:00,C00990,E0245, Keyboard ,Electronics,9,999,0.1,Cash,Cancelled,Online,"Unit 9, Building 44",
O003945,2025-03-27 09:23:00,C00728,E0182,Printer,Mobile Devices,6,1499,0.2,GCash,Cancelled,Store,22 Main St.,Gift order
O003946,2022-01-09 10:08:00,C00598,E0043,Headset, Computer Accessories,5,2999,0.2, debit card ,Cancelled,Store,583 Bonifacio St.,Deliver after 5PM
O003947,2025-12-30 08:53:00,C00304,E0201,Printer,Office Furniture,8,1999,,PayPal,Returned,STORE,"Unit 8, Building 34",Urgent
O003948,2022-05-02 14:58:00,C00622,E0065,External Drive,Networking,1,999,0.15,Debit Card,Shipped,online,"Unit 8, Building 50",Call customer
O003949,2024-03-08 15:16:00,C00613,E0220,Desk,Office Furniture,1,999,,Cash,Delivered,STORE,398 Rizal St.,Gift order
O003950,2024-09-18 11:13:00,C00689,E0078,UPS,Office Furniture,,,, GCash ,Processing,online,258 Quezon St.,
O003951,2024-01-23 13:06:00,C00011,E0201,Smartphone,Electronics,9,1999,0.1,GCash,Pending,Store,"Unit 5, Building 40",
O003952,2023-03-29 08:40:00,C00550,E0229,Webcam,Electronics,,799,0.03,Cash,PROCESSING,Online,282 Bonifacio St.,Gift order
O003953,2023-01-06 07:49:00,C00950,E0149,Projector,Electronics,10,19999,0.1,Debit Card,Shipped,STORE,"Unit 7, Building 26",Gift order
O003954,2025-10-04 00:37:00,C00778,E0048,Mouse,Mobile Devices,4,799,,Bank Transfer,Returned,online,"Unit 9, Building 37",Deliver after 5PM
O003955,2023-08-20 05:45:00,C00415,E0126,Smartphone,Office Furniture,9,999,0.05,Cash,Processing,Marketplace,792 Mabini St.,Deliver after 5PM
O003956,2025-12-25 15:28:00,C00862,E0146,Headset,Computer Accessories,9,1499,0.05, Cash,Cancelled,Online, 267 Main St. ,Gift order
O003957,2022-06-05 10:27:00,C00403,E0153,UPS,Computer Accessories,7,2999,0.05,GCash,Processing,Store,"Unit 8, Building 15",Urgent
O003958,2024-11-19 00:33:00,C00184,E0102,Mouse,Computer Accessories,6,,0.1,PayPal,Processing,Online,"Unit 8, Building 29",Deliver after 5PM
O003959,2024-04-02 12:43:00,C00313,E0182,Tablet,Mobile Devices,4,999,0.05,Bank Transfer,Returned,,847 Quezon St.,
O003960,2025-09-12 11:45:00,C00936,E0099,Headset,Electronics,10,7999,0.05,GCASH,Processing,online,528 Bonifacio St.,Deliver after 5PM
O003961,2025-11-14 03:24:00,C00831,E0005,Webcam,Electronics,5,1999,,,Delivered,,387 Quezon St.,
O003962,2023-05-10 18:43:00,C00077,E0203,Smartphone,computer accessories ,1,499,0.03,PayPal,Returned,online,310 Quezon St.,Gift order
O003963,2022-04-13 08:47:00,C00094,E0118,Desk,Networking,7,799,0.1,Cash,Cancelled,Marketplace,347 Mabini St.,
O003964,2023-01-25 18:52:00,C00620,E0239,Printer,Mobile Devices,9,999,0,PayPal,Processing,Store,"Unit 9, Building 42",Urgent
O003965,2024-10-21 01:07:00,C00682,E0182,Webcam, Office Furniture ,9,1999,0.2,Credit Card,shipped ,Online,584 Main St.,Urgent
O003966,2024-06-21 21:06:00,C00122,E0019,Printer,Electronics,10,7999,0.05,GCash,returned,online,"Unit 6, Building 7",Urgent
O003967,2024-09-06 09:38:00,C00902,E0006,Office Chair,Electronics,8,799,0.03,Debit Card,Shipped,,"Unit 16, Building 16",
O003968,2025-06-03 15:31:00,C00862,E0107,Headset, OFFICE FURNITURE,2,999,0,Credit Card,Cancelled,Online,36 Main St.,Call customer
O003969,2024-03-04 12:28:00,C00569,E0026,Monitor,Office Furniture,9,1999,0.03,Bank Transfer, Delivered ,online,151 Main St.,Deliver after 5PM
O003970,2025-01-01 15:55:00,C00759,E0068,Tablet,Electronics,3,19999,0.2,Credit Card ,Cancelled,online,"Unit 3, Building 32",
O003971,2024-06-13 07:02:00,C00633,E0038, Router,Office Furniture,8,1999,,Credit Card,Shipped,,72 Rizal St.,Call customer
O003972,2023-05-30 20:17:00,C00035,E0239,,Computer Accessories,2,999,0.03,Debit Card,Delivered,Online,"Unit 10, Building 49",Call customer
O003973,2024-09-25 04:46:00,C00636,E0235,Monitor,Mobile Devices,1,7999,0.05,Credit Card,Cancelled,Online,,Deliver after 5PM
O003974,2022-03-18 08:53:00,C00748,E0110,,Computer Accessories,1,7999,0.1,Bank Transfer,Shipped,Online,400 quezon st.,
O003975,2025-02-21 12:49:00,C00159,E0235,Office Chair, Office Furniture,4,4999,0.1,PayPal,Pending,Store,"Unit 9, Building 6",Gift order
O003976,2025-08-25 05:33:00,C00643,E0085,Desk, electronics ,5,2999,0.03,PayPal,Returned,online,"Unit 17, Building 28",
O003977,2024-04-24 05:37:00,C00761,E0205,Tablet,Office Furniture,10,999,,,Processing,Online,"Unit 20, Building 32",Call customer
O003978,2025-03-28 12:29:00,C00156,E0080,Laptop, COMPUTER ACCESSORIES ,2,2999,0.03,Cash,Cancelled,Marketplace,746 rizal st. ,Deliver after 5PM
O003979,2023-04-15 19:46:00,C00838,E0106,EXTERNAL DRIVE ,Electronics,1,799,0.1,Debit Card,Shipped,Online,"Unit 9, Building 14",
O003980,2024-02-19 00:31:00,C00485,E0111,Mouse,Computer Accessories,4,799,0.03,Bank Transfer,Processing,,"Unit 20, Building 12",Call customer
O003981,2022-01-13 06:56:00,C00504,E0106,Headset ,Networking,2,499,0.2,Bank Transfer ,,Store, 11 Bonifacio St. ,
O003982,2023-01-12 15:21:00,C00900,E0230,Desk,Mobile Devices,4,4999,,Debit Card,Cancelled,Store,"Unit 15, Building 28",Gift order
O003983,2022-02-10 18:56:00,C00283,E0047,,Electronics,8,1999,0,Debit Card,Delivered,Marketplace,258 Rizal St.,Gift order
O003984,2024-01-06 07:39:00,C00106,E0173,External Drive,Computer Accessories,5,999,0.05, Cash ,Returned,Marketplace,204 Rizal St.,
O003985,2023-03-20 09:56:00,C00777,E0076,Keyboard, ELECTRONICS ,9,1499,0.03,GCash,Shipped,,861 Quezon St.,
O003986,2024-07-30 02:13:00,C00314,E0026,Keyboard,NETWORKING ,1,7999,0.15,PayPal,Processing,Online, 846 QUEZON ST. ,Gift order
O003987,2023-09-17 19:34:00,C00527,E0092,Printer,Electronics,7,7999,0.15,bank transfer ,Delivered,Marketplace,367 Quezon St.,
O003988,2024-01-31 01:12:00,C00744,E0209, UPS ,Electronics,2,499,0,Bank Transfer,Returned,online,772 quezon st. ,Call customer
O003989,2024-03-19 16:12:00,C00296,E0074,Projector,Mobile Devices,9,799,0.05,Bank Transfer ,Processing,STORE,746 Rizal St.,Call customer
O003990,2022-05-16 15:52:00,C00089,E0126,Laptop,Computer Accessories,3,1999,0,PayPal,Delivered,Online,497 Mabini St.,Call customer
O003991,2023-01-13 10:54:00,C00262,E0183,Monitor,Computer Accessories,4,799,0.2,GCash,Pending,Online,470 Quezon St.,Gift order
O003992,2025-05-17 22:40:00,C00814,E0226,Monitor,Mobile Devices,5,499,,Bank Transfer,Shipped,Marketplace,"Unit 8, Building 12",Call customer
O003993,2023-02-12 05:18:00,C00541,E0110,,Electronics,4,999,0.1,PayPal,,Store,"Unit 4, Building 36",Urgent
O003994,2022-01-24 05:43:00,C00777,E0133, monitor, Mobile Devices,2,9999,0.03,Credit Card,Cancelled,Online,"Unit 18, Building 13",Gift order
O003995,2023-03-30 07:30:00,C00999,E0250,External Drive,Office Furniture,5,1999,0.15,GCash,,Store,"Unit 8, Building 34",Urgent
O003996,2024-11-24 19:59:00,C00898,E0229,Printer,Networking,4,1499,0,Bank Transfer,Pending,online,"Unit 9, Building 4",Gift order
O003997,2024-08-09 08:31:00,C00921,E0152, monitor,Electronics,3,999,0.05,Credit Card,Shipped,Marketplace,428 Quezon St.,
O003998,2024-01-10 21:56:00,C00968,E0219,Laptop,Office Furniture,10,19999,,Cash,Returned,Online,893 Rizal St.,
O003999,2024-09-18 01:40:00,C00513,E0203,Tablet,Mobile Devices,5,19999,0.15,Cash, PROCESSING ,Marketplace,731 Rizal St.,
O004000,2025-04-03 02:25:00,C00527,E0045,Tablet,OFFICE FURNITURE,7,7999,0.15,Credit Card,Processing,Store,221 Rizal St.,
O004001,2025-05-09 05:16:00,C00401,E0039,External Drive,Mobile Devices,3,2999,0.1,GCash,Pending,online,980 Quezon St.,Deliver after 5PM
O004002,2024-04-13 22:00:00,C00285,E0222,Laptop,Mobile Devices,9,2999,,Credit Card,Pending,Online,"Unit 6, Building 38",Deliver after 5PM
O004003,2025-07-01 11:25:00,C00600,E0161,Laptop,Mobile Devices,10,999,0,,Pending,Marketplace,"Unit 16, Building 24",Urgent
O004004,2024-09-13 18:26:00,C00181,E0041,Laptop,Computer Accessories,2,999,0.03,Debit Card,Cancelled,Store,"Unit 14, Building 41",
O004005,2024-07-05 09:57:00,C00394,E0059,Webcam,Office Furniture ,9,799,,Credit Card,Pending,Online,783 Main St.,Deliver after 5PM
O004006,2022-05-17 22:15:00,C00836,E0004,Monitor,Electronics,2,9999,0.03,Debit Card,Pending,online,796 Quezon St.,Deliver after 5PM
O004007,2024-02-08 03:27:00,C00268,E0041,Keyboard,Office Furniture,1,999,0,PayPal,Pending,online,"Unit 4, Building 44",Deliver after 5PM
O004008,2024-01-01 06:33:00,C00817,E0247,Mouse,Mobile Devices,8,14999,0,GCash,Pending,Store,"Unit 3, Building 35",Urgent
O004009,2022-02-05 03:57:00,C00933,E0080,Keyboard,Office Furniture,7,2999,0.03,Bank Transfer,Pending,Store,759 Mabini St.,Call customer
O004010,2024-02-12 12:34:00,C00960,E0103,Tablet,Electronics,3,19999,0.03, PayPal,Processing,STORE,97 Main St.,
O004011,2023-02-22 05:45:00,C00208,E0074,Projector,mobile devices ,8,999,0.15, CREDIT CARD,Processing,STORE,416 Main St.,Urgent
O004012,2023-04-01 16:11:00,C00958,E0080,Router,Office Furniture,5,1999,0.05,Cash,Shipped,Store,"Unit 8, Building 31",Gift order
O004013,2025-08-24 02:11:00,C00553,E0241,UPS,Computer Accessories,7,999,0.1,Bank Transfer,Processing,,478 Bonifacio St.,Urgent
O004014,2025-02-06 14:14:00,C00232,E0238,Laptop,Computer Accessories,4,7999,0.2,Bank Transfer,Shipped,Store," Unit 12, Building 15 ",Call customer
O004015,2024-05-06 00:41:00,C00859,E0213,Laptop,Electronics,2,1499,0.05,Cash,Shipped,STORE,"Unit 2, Building 12",Urgent
O004016,2025-09-19 13:28:00,C00310,E0046,Laptop,Electronics,1,9999,0.2,,,,94 Quezon St.,
O004017,2022-12-21 02:26:00,C00706,E0092, Mouse,Office Furniture,2,1499,0.2,Bank Transfer,Shipped,online,452 Main St.,Gift order
O004018,2025-11-29 05:28:00,C00919,E0216, tablet,Networking,6,,0.2,PayPal,Delivered,Marketplace,"UNIT 7, BUILDING 6 ",
O004019,2024-01-17 18:58:00,C00296,E0217, MOUSE,,9,999,0.03,PayPal,Shipped,,"Unit 4, Building 32",Deliver after 5PM
O004020,2025-10-12 13:02:00,C00913,E0145,External Drive,electronics ,1,1499,0.03,GCash,Processing,online, 604 RIZAL ST.,Urgent
O004021,2023-03-27 11:24:00,C00212,E0160,Webcam, Mobile Devices,3,999,,Cash ,CANCELLED ,STORE, 594 QUEZON ST.,Call customer
O004022,2025-07-27 15:31:00,C00669,E0013,Router,Networking,9,2999,0.2,PayPal,,online,311 Main St.,Gift order
O004023,2024-02-19 09:54:00,C00177,E0012,External Drive,Computer Accessories,3,7999,0.15,Cash,Pending,STORE,585 Mabini St.,Deliver after 5PM
O004024,2022-02-11 09:55:00,C00086,E0116,Projector,Networking,7,7999,0.1,GCash,Delivered,," Unit 15, Building 3",Urgent
O004025,2023-09-09 21:16:00,C00328,E0202,Desk,Computer Accessories,4,7999,0.05,Credit Card,Shipped,Store,"Unit 16, Building 40",Call customer
O004026,2024-12-11 16:30:00,C00169,E0014,External Drive,Computer Accessories,5,1999,0.03,Bank Transfer,Shipped,STORE, 459 Quezon St. ,
O004027,2022-05-31 19:34:00,C00132,E0218,Monitor,Office Furniture,10,9999,,Bank Transfer,Cancelled,STORE,523 Bonifacio St.,Call customer
O004028,2024-07-05 23:25:00,C00947,E0002,Smartphone,Networking,2,9999,,Cash,Processing,,772 Rizal St.,Gift order
O004029,2022-06-15 20:27:00,C00180,E0087,Keyboard,Office Furniture,1,499,0,GCash,Returned,STORE,"UNIT 13, BUILDING 16",
O004030,2024-06-21 17:58:00,C00311,E0074,Printer,Networking,5,14999,0.2,Debit Card,Shipped,STORE,913 Mabini St.,Deliver after 5PM
O004031,2022-02-21 22:08:00,C00489,E0245,UPS,Mobile Devices,8,14999,0.2,GCash,Cancelled,online,76 Rizal St.,Urgent
O004032,2023-12-16 19:31:00,C00261,E0047,Headset,NETWORKING,3,19999,0.15,Cash,Cancelled,Marketplace,"Unit 8, Building 17",Deliver after 5PM
O004033,2024-03-05 09:35:00,C00048,E0174,Smartphone,Computer Accessories,6,799,0.03,Credit Card,Pending ,Online,329 Mabini St.,Deliver after 5PM
O004034,2025-01-18 19:48:00,C00540,E0032,Monitor,Computer Accessories,2,14999,0.05,PayPal,Delivered,Online,93 Main St.,Deliver after 5PM
O004035,2022-05-09 04:03:00,C00229,E0122,Router,Mobile Devices,10,499,0.15, Cash ,Processing,Online,472 Quezon St.,Urgent
O004036,2025-03-31 13:13:00,C00800,E0111, OFFICE CHAIR ,,8,999,0.15,Credit Card,Shipped,Online,644 Bonifacio St.,Deliver after 5PM
O004037,2023-10-20 03:48:00,C00302,E0124,Printer,Computer Accessories,6,1499,,GCash,shipped ,Online,"Unit 9, Building 12",Gift order
O004038,2023-05-12 17:11:00,C00029,E0158,External Drive,Electronics,8,7999,0.03,GCash,Pending,Marketplace,"Unit 18, Building 41",Gift order
O004039,2024-06-25 06:19:00,C00505,E0189,Smartphone,Electronics,3,19999,0.03,Debit Card,Shipped,Marketplace,"Unit 9, Building 23",Urgent
O004040,2022-07-04 06:12:00,C00632,E0138,Router,Networking,3,9999,0.03,Debit Card,Processing,online,"Unit 18, Building 20",
O004041,2025-02-07 04:05:00,C00496,E0164,Projector,Electronics,8,4999,0.2,Cash,returned ,Online,"Unit 19, Building 24",
O004042,2023-08-12 12:55:00,C00081,E0142,Headset,Mobile Devices,2,19999,,Bank Transfer,Pending,Store, 5 bonifacio st. ,Urgent
O004043,2025-05-30 03:21:00,C00598,E0187,Headset,Mobile Devices,1,9999,0.1,Debit Card,Pending,Online,"Unit 15, Building 42",Urgent
O004044,2023-08-23 21:39:00,C00991,E0093,Printer,Electronics,9,999,0.1,CREDIT CARD ,Pending,Store,"Unit 19, Building 48",Call customer
O004045,2023-09-18 09:27:00,C00354,E0112,Office Chair,Computer Accessories,6,2999,0.03,Cash,Processing,STORE,734 Quezon St.,Gift order
O004046,2023-04-07 06:33:00,C00984,E0155,Monitor,Computer Accessories,3,799,0.1,Debit Card,Shipped,,"Unit 7, Building 44",
O004047,2023-10-26 04:10:00,C00341,E0007,Smartphone,Networking,3,1499,0.03,GCash,Processing,Store,890 Rizal St.,
O004048,2024-03-22 14:59:00,C00696,E0031,Monitor,Electronics,1,499,,PayPal,Processing,,146 Bonifacio St.,Deliver after 5PM
O004049,2023-01-17 23:05:00,C00613,E0153,Printer,Electronics,6,2999,0.03,Credit Card,Processing,STORE,"Unit 1, Building 38",Call customer
O004050,2023-05-04 02:24:00,C00285,E0004,Printer,Networking,10,799,0.05,Cash,Delivered,STORE,431 Quezon St.,Call customer
O004051,2022-12-30 17:03:00,C00161,E0080,Headset,networking,6,7999,0.2,Debit Card,Returned,online,"Unit 20, Building 41",Gift order
O004052,2024-07-06 15:09:00,C00631,E0240,Webcam,Mobile Devices,3,14999,0.05,PayPal,Cancelled,Online,385 Quezon St.,
O004053,2022-06-19 19:52:00,C00579,E0041,Router,Computer Accessories,4,1499,0.15,Cash ,Delivered,Online,"Unit 18, Building 41",Deliver after 5PM
O004054,2025-12-11 13:42:00,C00797,E0160,Monitor,Mobile Devices,4,1499,0.15,credit card , delivered,STORE,238 Main St.,
O004055,2022-07-06 10:37:00,C00308,E0195,Headset,Mobile Devices,8,999,0.2,Cash,Delivered,Store,,
O004056,2025-12-29 12:41:00,C00122,E0045,UPS,Networking,7,7999,0.2,GCash,Cancelled,,"Unit 2, Building 34",Deliver after 5PM
O004057,2024-06-12 10:43:00,C00930,E0203,Monitor,Office Furniture,9,4999,0.15,GCash,Processing,STORE,147 Mabini St.,Call customer
O004058,2022-06-25 01:37:00,C00328,E0083,Projector,Mobile Devices,9,1499,0.1,Credit Card,Returned,STORE,230 Rizal St.,Urgent
O004059,2022-12-20 18:40:00,C00481,E0167,Projector,Computer Accessories,1,14999,0.2,Bank Transfer,Cancelled,,748 Bonifacio St.,Call customer
O004060,2022-05-09 05:31:00,C00182,E0016,Tablet,Mobile Devices,2,2999,0.15,Debit Card,Pending ,Store," UNIT 4, BUILDING 10",Deliver after 5PM
O004061,2024-04-14 03:47:00,C00596,E0234,Smartphone,Mobile Devices,1,7999,0,Bank Transfer,Pending,,"Unit 12, Building 3",Call customer
O004062,2023-10-04 00:05:00,C00397,E0196,Smartphone,Networking,6,7999,0.15,PayPal,Returned,online,"Unit 15, Building 34",Call customer
O004063,2023-05-22 21:48:00,C00886,E0124,Desk,Networking,2,,0.1,Cash,Delivered,Marketplace,"Unit 7, Building 24",Gift order
O004064,2024-02-07 12:42:00,C00489,E0214,Office Chair,Networking,6,999,0.2,Debit Card, Processing ,Store,310 Quezon St.,Deliver after 5PM
O004065,2022-07-06 20:20:00,C00098,E0065,Router, NETWORKING ,3,1999,0.03,GCash,Pending,STORE,64 Main St.,Call customer
O004066,2025-05-28 02:50:00,C00916,E0137,Monitor ,computer accessories,7,4999,,PayPal,Cancelled,Online,129 Mabini St.,Deliver after 5PM
O004067,2023-12-30 05:02:00,C00838,E0052,Office Chair, office furniture ,2,999,,GCash,Processing,," unit 19, building 2",Gift order
O004068,2025-07-05 09:04:00,C00956,E0208,Mouse, Computer Accessories ,,14999,0.2,Bank Transfer,Pending,,77 Main St.,Deliver after 5PM
O004069,2025-07-14 16:41:00,C00106,E0088,Keyboard,Electronics,,1999,0.1,Cash,Delivered,Marketplace,"Unit 1, Building 30",Deliver after 5PM
O004070,2025-09-07 04:00:00,C00923,E0164,Smartphone, ELECTRONICS ,7,499,0.1,GCash,Pending,online,"Unit 19, Building 5",Gift order
O004071,2024-01-19 13:06:00,C00241,E0121,External Drive,Mobile Devices,4,9999,0.1,Bank Transfer, Cancelled ,," Unit 15, Building 30 ",Call customer
O004072,2024-07-18 01:14:00,C00534,E0128,Smartphone,Mobile Devices,3,4999,0.2,Bank Transfer,Delivered,Store,"unit 14, building 50",Call customer
O004073,2024-06-04 14:24:00,C00637,E0004,Router ,Electronics,4,2999,0.15,Credit Card,Cancelled,Marketplace,190 Main St.,Gift order
O004074,2024-12-03 21:12:00,C00374,E0198,Smartphone,Computer Accessories,7,7999,0.2, GCash,Shipped,STORE,674 Main St.,
O004075,2022-07-01 08:12:00,C00383,E0043,Smartphone,,10,7999,0.05,Bank Transfer,Delivered,,"Unit 18, Building 10",Call customer
O004076,2022-03-04 01:59:00,C00103,E0056,Projector,Mobile Devices,6,2999,0.15,GCash,Shipped,online,910 Mabini St.,Call customer
O004077,2024-08-08 10:27:00,C00729,E0238,laptop ,Mobile Devices,8,2999,0.05,Bank Transfer,Delivered,STORE,507 Mabini St.,Urgent
O004078,2024-08-08 19:18:00,C00221,E0097,Keyboard,Networking,,19999,0.15,Credit Card,Shipped,online,"Unit 15, Building 32",Deliver after 5PM
O004079,2023-05-25 07:43:00,C00602,E0215,UPS, mobile devices,3,4999,0.1,Bank Transfer,Delivered,Store,"Unit 12, Building 2",Deliver after 5PM
O004080,2022-10-02 00:52:00,C00465,E0212,Headset,Mobile Devices,1,9999,0.03,Cash,Returned,,905 Rizal St.,Deliver after 5PM
O004081,2022-01-14 16:03:00,C00731,E0235,SMARTPHONE,Networking,2,14999,0.05,Bank Transfer,Shipped,Store,"Unit 5, Building 10",
O004082,2024-03-27 01:05:00,C00225,E0083,Printer,Computer Accessories,3,799,0,PayPal,Delivered,Online," Unit 19, Building 26",Deliver after 5PM
O004083,2023-09-18 05:31:00,C00045,E0112, Webcam ,Office Furniture,7,1499,0.05,Debit Card,Pending,STORE,"Unit 17, Building 36",Deliver after 5PM
O004084,2023-12-07 22:15:00,C00633,E0031,Monitor,Mobile Devices,5,19999,0.1,Bank Transfer,Cancelled,Marketplace,"Unit 6, Building 47",Gift order
O004085,2022-04-07 13:21:00,C00858,E0141,UPS,Mobile Devices,9,2999,, gcash ,Pending,,699 Mabini St.,Call customer
O004086,2023-06-12 04:06:00,C00427,E0214,Keyboard,Computer Accessories,5,1999,0.2,Cash,Delivered,STORE, 348 Rizal St. ,
O004087,2024-10-07 03:54:00,C00447,E0020,Webcam,Networking,8,999,0.2,Debit Card,Cancelled,Marketplace,136 Rizal St.,Deliver after 5PM
O004088,2025-03-24 06:50:00,C00734,E0114, mouse , Electronics,6,4999,0.2,GCash, PENDING,STORE, 344 MABINI ST. ,Urgent
O004089,2023-04-22 12:54:00,C00291,E0012,Smartphone,Mobile Devices,1,19999,0.03,Bank Transfer,Shipped,online,233 Main St.,Call customer
O004090,2022-06-24 20:33:00,C00766,E0111,Webcam,MOBILE DEVICES ,10,14999,0.1,Cash,Pending,online,470 Main St.,Deliver after 5PM
O004091,2022-11-16 21:05:00,C00288,E0166, Printer,Mobile Devices,2,14999,0.15,BANK TRANSFER,Shipped,Online,"unit 13, building 30",
O004092,2025-07-21 02:53:00,C00277,E0151,PROJECTOR,Networking,8,1499,0.1,GCash,Cancelled ,online,888 Bonifacio St.,Urgent
O004093,2025-07-03 07:36:00,C00677,E0029,Printer,Computer Accessories,6,14999,0,Credit Card,Cancelled,STORE,"Unit 19, Building 41",Urgent
O004094,2025-10-08 16:47:00,C00169,E0239, OFFICE CHAIR,Networking,3,,0.2,Bank Transfer,Cancelled,Marketplace,"Unit 11, Building 11",Deliver after 5PM
O004095,2025-03-16 11:21:00,C00181,E0016,Projector,office furniture ,4,1499,0.03,Debit Card,Shipped,Marketplace,217 Bonifacio St.,Deliver after 5PM
O004096,2024-02-21 17:41:00,C00177,E0197,Smartphone,Mobile Devices,6,7999,0.05, Cash,Pending,Store, 634 rizal st. ,Deliver after 5PM
O004097,2024-10-12 01:42:00,C00123,E0103,Projector,Office Furniture,2,1499,,Debit Card,Returned,STORE,"Unit 10, Building 50",Call customer
O004098,2022-09-11 16:49:00,C00763,E0022,Smartphone, Computer Accessories,3,499,0.15,,Shipped,Online,"Unit 13, Building 2",Call customer
O004099,2023-01-01 07:19:00,C00201,E0202,Router,Mobile Devices,10,19999,0.03,Bank Transfer,Delivered,Store,126 Mabini St.,
O004100,2025-01-25 19:27:00,C00420,E0121,Headset,Networking,7,4999,0.03,Credit Card,Cancelled,Store,"Unit 9, Building 3",
O004101,2023-12-18 19:25:00,C00181,E0239,Projector ,Mobile Devices,3,7999,0.15,GCash,Cancelled,Store,"Unit 16, Building 34",
O004102,2024-01-20 00:38:00,C00947,E0009, printer,Office Furniture,4,499,0.1,GCash,Processing,,"Unit 10, Building 15",Deliver after 5PM
O004103,2022-11-25 20:21:00,C00191,E0141,Webcam,Office Furniture,4,14999,0.1,GCash,Cancelled,Online,"Unit 11, Building 10",
O004104,2022-06-21 09:24:00,C00363,E0099,Webcam,Electronics,2,799,,Credit Card,Returned,,"Unit 8, Building 39",Deliver after 5PM
O004105,2023-03-17 10:24:00,C00850,E0123,Monitor,Networking,9,1999,,Cash,Shipped,Store,"Unit 18, Building 34",Call customer
O004106,2022-05-01 13:04:00,C00495,E0215,Smartphone,Office Furniture,10,9999,0.1,Debit Card,Shipped,,621 Rizal St.,Urgent
O004107,2024-01-31 12:46:00,C00113,E0204,Office Chair,Office Furniture,1,4999,0.05,,Cancelled,online,634 Main St.,
O004108,2024-11-02 23:56:00,C00492,E0152,Keyboard, networking ,2,1999,0.2,GCash,Pending,Marketplace,"Unit 9, Building 12",Urgent
O004109,2023-08-20 18:58:00,C00641,E0174,Projector,Networking,8,499,0.15,Debit Card,Returned,online,320 Main St.,Urgent
O004110,2023-04-24 13:12:00,C00251,E0133,Webcam, COMPUTER ACCESSORIES,6,7999,0,Credit Card,Cancelled,,592 Main St.,
O004111,2023-08-23 18:19:00,C00638,E0173, LAPTOP ,NETWORKING ,3,19999,,Credit Card,,online," UNIT 15, BUILDING 22 ",Urgent
O004112,2022-12-25 14:55:00,C00917,E0050,Router,Computer Accessories,6,1999,0, Credit Card,Processing,STORE, 700 Bonifacio St.,Urgent
O004113,2023-12-09 01:54:00,C00335,E0025,Headset, Mobile Devices ,2,7999,0.15,PayPal, pending ,,710 Mabini St.,Deliver after 5PM
O004114,2025-05-27 10:26:00,C00656,E0148,MOUSE ,Networking,7,999,0,Bank Transfer,Returned,Store," Unit 16, Building 40 ",Call customer
O004115,2022-06-08 02:14:00,C00001,E0217,UPS,Networking,10,499,0.05,Cash,Cancelled,Store,"Unit 2, Building 19",
O004116,2022-07-13 00:47:00,C00824,E0005,Router,Networking,10,,0.15,Cash,Shipped,,16 Bonifacio St.,
O004117,2024-02-12 03:03:00,C00041,E0025,Tablet,Office Furniture,1,999,0.05,Cash,Delivered,online,812 Mabini St.,Deliver after 5PM
O004118,2025-04-23 11:51:00,C00161,E0207,Monitor,Networking,6,999,0.1,Debit Card,Delivered ,Marketplace,895 Mabini St.,Urgent
O004119,2022-12-28 18:12:00,C00579,E0115,Desk,Computer Accessories,4,1499,0,Debit Card,Pending,STORE,970 Main St.,Call customer
O004120,2023-09-16 20:22:00,C00634,E0209,Headset,Office Furniture,8,7999,0.05, PayPal,Shipped,Store,"Unit 2, Building 35",
O004121,2022-03-05 03:10:00,C00849,E0222,Printer,Office Furniture,,4999,0.2,Debit Card,Cancelled,online,"Unit 15, Building 33",Call customer
O004122,2025-03-15 06:17:00,C00639,E0183,Laptop,Computer Accessories,1,14999,0.05,Credit Card,Pending ,online,267 Main St.,Urgent
O004123,2024-06-16 14:36:00,C00941,E0158,,Electronics,5,,0,Debit Card,Processing,Store,"Unit 2, Building 18",Deliver after 5PM
O004124,2023-05-20 03:25:00,C00511,E0087,Keyboard,Office Furniture,10,19999,,Credit Card,Returned,online,"Unit 6, Building 2",Urgent
O004125,2024-06-07 04:08:00,C00915,E0133,UPS,,10,1999,,PayPal,Cancelled,STORE,495 Rizal St.,
O004126,2023-07-29 07:43:00,C00702,E0162,Desk,Networking,6,799,0,Bank Transfer, Returned,Store,"UNIT 16, BUILDING 12 ",Gift order
O004127,2025-08-23 19:57:00,C00854,E0136,Router, Electronics,8,14999,0.03,Credit Card,Delivered,Store,"Unit 13, Building 21",Gift order
O004128,2023-08-15 22:53:00,C00392,E0064,Router,Networking,5,1999,0.15,Credit Card , cancelled ,Store,"Unit 14, Building 15",Gift order
O004129,2024-05-12 09:15:00,C00354,E0145,Projector,Computer Accessories,1,2999,0.05,Credit Card,Returned,,963 Main St.,Urgent
O004130,2022-01-10 11:00:00,C00342,E0025,Desk,Networking,7,799,0.15,Cash,Delivered,Store, 48 Bonifacio St. ,Call customer
O004131,2024-02-14 16:54:00,C00136,E0134,Mouse,Mobile Devices,3,1499,0,Debit Card,Cancelled,Marketplace,147 Mabini St.,Call customer
O004132,2025-05-29 14:54:00,C00084,E0077,Keyboard,Electronics,1,19999,0.1, credit card,CANCELLED ,STORE, 934 main st. ,Urgent
O004133,2023-03-08 13:21:00,C00959,E0179, Keyboard,Electronics,9,14999,0.1,Bank Transfer,Cancelled,online,238 Quezon St.,Urgent
O004134,2023-08-09 18:13:00,C00889,E0140,Office Chair,Office Furniture,9,999,0,Cash,Pending,,389 Main St.,Call customer
O004135,2024-01-06 00:16:00,C00311,E0235,Keyboard,Mobile Devices,1,1999,,Cash,Cancelled,,"Unit 11, Building 15",
O004136,2025-06-16 18:28:00,C00864,E0074,KEYBOARD,Office Furniture,3,7999,0.05,Credit Card,Shipped,Online,670 Bonifacio St. ,
O004137,2025-07-05 18:18:00,C00478,E0215,UPS,Computer Accessories,1,19999,0.05,Credit Card,Pending,,"Unit 12, Building 38",Gift order
O004138,2023-05-31 13:39:00,C00137,E0131,Webcam,Networking ,7,4999,0.03,Cash,Processing,Marketplace,857 Mabini St.,Gift order
O004139,2022-09-14 09:55:00,C00146,E0222,Keyboard,Office Furniture,2,1999,0.2,Credit Card,Shipped,STORE,729 Bonifacio St.,
O004140,2023-08-27 20:37:00,C00557,E0086,Headset,Office Furniture,2,1499,0,Bank Transfer ,Returned,Marketplace,173 Main St.,
O004141,2022-03-20 01:26:00,C00805,E0042,Webcam,Networking,9,799,0.05,GCash,Shipped,Online,63 Quezon St.,Call customer
O004142,2024-06-24 20:00:00,C00588,E0221,Tablet,Computer Accessories,2,1999,,Debit Card,Pending,online,"Unit 11, Building 23",Deliver after 5PM
O004143,2023-02-21 07:44:00,C00987,E0119,Office Chair,,10,799,0.15,Credit Card,Cancelled,Store,,Gift order
O004144,2024-06-18 08:53:00,C00565,E0206,UPS,Electronics,7,14999,0.2,GCash,Delivered,Marketplace,"Unit 11, Building 28",Deliver after 5PM
O004145,2025-01-31 11:09:00,C00482,E0078,Router,Computer Accessories,1,9999,0,Bank Transfer,Returned,Marketplace,905 Rizal St.,Gift order
O004146,2024-04-24 11:50:00,C00179,E0109,Monitor,Networking,9,999,,,Returned,STORE,"Unit 5, Building 10",Gift order
O004147,2025-07-12 00:37:00,C00718,E0123,Office Chair,COMPUTER ACCESSORIES,1,9999,0.03,Cash, Returned ,STORE,317 Rizal St.,Gift order
O004148,2022-08-31 20:37:00,C00267,E0237,Projector,Electronics,10,9999,0,DEBIT CARD ,Shipped,Online,"Unit 5, Building 27",Deliver after 5PM
O004149,2024-10-04 12:03:00,C00036,E0020,Headset,Networking,2,4999,,Bank Transfer,Returned ,Online,"Unit 17, Building 23",Gift order
O004150,2022-07-25 07:16:00,C00612,E0164,PRINTER,Networking,3,2999,0,credit card, Pending ,online,"Unit 3, Building 31",Gift order
O004151,2023-03-03 00:17:00,C00025,E0018,Monitor,Office Furniture,4,9999,,,Returned,,"Unit 11, Building 22",
O004152,2023-01-23 06:19:00,C00392,E0243,Printer,Electronics,1,1999,,DEBIT CARD,Processing,,188 Bonifacio St.,Gift order
O004153,2024-08-28 11:13:00,C00769,E0101, laptop ,Mobile Devices,10,499,0.15,Cash,Cancelled,online,112 Bonifacio St.,Deliver after 5PM
O004154,2025-11-01 03:17:00,C00011,E0116,Router,Computer Accessories,5,1499,0.05,PayPal,Pending,Marketplace, 878 Main St.,
O004155,2024-11-04 03:51:00,C00221,E0025,LAPTOP ,Computer Accessories,1,1999,0.1, GCASH ,Shipped,Store,"Unit 6, Building 3",
O004156,2023-02-02 20:08:00,C00258,E0035,Laptop,Mobile Devices,3,19999,0.1,Credit Card,Cancelled,Online,"Unit 5, Building 31",Deliver after 5PM
O004157,2022-08-23 06:47:00,C00755,E0094,Office Chair,Electronics,5,9999,0.05,Debit Card,delivered,Online,996 Mabini St.,Call customer
O004158,2024-02-08 22:37:00,C00294,E0172,Laptop,Computer Accessories,2,2999,0,GCash,Delivered,Marketplace,972 Main St.,Call customer
O004159,2022-10-05 11:14:00,C00943,E0162,Desk,Computer Accessories,2,9999,0.15,GCash, returned,Online,314 Mabini St.,Deliver after 5PM
O004160,2024-11-10 03:35:00,C00850,E0143,UPS,Office Furniture,7,19999,0.15, Debit Card,Delivered,STORE,"Unit 17, Building 4",
O004161,2024-06-14 13:41:00,C00412,E0153,External Drive,Networking,1,4999,,Credit Card,Shipped,Store,388 Rizal St.,Gift order
O004162,2025-12-20 21:40:00,C00025,E0232,Monitor,Computer Accessories,10,1499,0,Bank Transfer,Pending,STORE,"Unit 11, Building 46",Call customer
O004163,2025-10-03 17:14:00,C00769,E0182,Monitor,Electronics,5,1999,0.05,Debit Card,Pending,STORE,"Unit 10, Building 10",Gift order
O004164,2023-06-02 21:52:00,C00672,E0019, MOUSE,Electronics,3,9999,0.2,GCash,,online,35 Main St.,
O004165,2024-06-03 19:16:00,C00912,E0087,,Networking,2,1499,0.05,Cash,Returned,,"Unit 10, Building 42",Deliver after 5PM
O004166,2022-12-20 20:57:00,C00917,E0233, MOUSE, Mobile Devices,5,1999,0.15,Bank Transfer,Delivered,Store,"Unit 14, Building 9",Urgent
O004167,2023-03-03 16:42:00,C00229,E0107,External Drive,Computer Accessories,4,499,0.15,Debit Card,Shipped,,939 Rizal St.,Urgent
O004168,2023-11-13 23:34:00,C00573,E0180,Headset,Electronics,1,799,0.03,PayPal,Pending,Online,463 Mabini St.,Gift order
O004169,2025-03-15 19:27:00,C00456,E0200,Mouse,Mobile Devices,8,799,0,Bank Transfer,Returned,Marketplace,596 Main St.,Call customer
O004170,2023-05-16 05:41:00,C00867,E0202,Keyboard,Networking,10,19999,0,PayPal,PENDING,online,169 Rizal St.,Gift order
O004171,2025-05-16 12:22:00,C00364,E0139,External Drive,Office Furniture,5,9999,0.15,Cash,Processing,STORE,"Unit 6, Building 36",Gift order
O004172,2024-08-23 17:59:00,C00329,E0250, External Drive ,Computer Accessories,4,7999,,Bank Transfer,Processing,online,869 Main St. ,Deliver after 5PM
O004173,2022-03-16 04:33:00,C00301,E0073, tablet,office furniture ,5,7999,0.05,Cash,Pending,Online,"Unit 13, Building 8",Urgent
O004174,2025-12-28 20:50:00,C00859,E0111,Laptop,Networking,3,,,PayPal,Pending,online,835 Main St.,Deliver after 5PM
O004175,2023-01-24 01:23:00,C00651,E0181,Keyboard,Networking,7,7999,0.2,Bank Transfer,Shipped,,"Unit 2, Building 2",Gift order
O004176,2025-04-21 09:44:00,C00895,E0244,Headset, Mobile Devices ,7,19999,,GCash,Cancelled,online,"Unit 20, Building 31",
O004177,2025-07-10 09:44:00,C00243,E0238, printer,Office Furniture,8,1499,0.03,GCash,Delivered,STORE," UNIT 4, BUILDING 6 ",
O004178,2025-09-18 17:31:00,C00957,E0213,Projector,Office Furniture,9,2999,0.05,GCash,Pending,Marketplace,"unit 19, building 21",Gift order
O004179,2022-09-30 00:05:00,C00098,E0064,Monitor,Mobile Devices,6,1499,0.1,GCash,,Store,,Call customer
O004180,2025-10-24 20:00:00,C00212,E0217,Headset,,10,14999,0.1,Bank Transfer,Processing,Online, 146 Quezon St. ,Gift order
O004181,2025-09-04 03:40:00,C00731,E0184, UPS ,Computer Accessories,1,2999,0.2,Debit Card,Shipped,Marketplace,"Unit 19, Building 26",Urgent
O004182,2022-12-06 22:24:00,C00952,E0069,Projector,Electronics,9,19999,, Cash,Returned,,"Unit 12, Building 42",
O004183,2025-07-16 17:39:00,C00319,E0045,Webcam,,4,9999,0.03,Cash, Pending,,397 Main St.,Call customer
O004184,2024-10-28 19:50:00,C00221,E0151,Router,Mobile Devices,5,,0.2,BANK TRANSFER ,Pending,Online,"Unit 12, Building 5",Urgent
O004185,2022-01-13 21:57:00,C00170,E0196,Webcam,Networking,3,19999,0.15,PayPal,Pending,Store,"Unit 2, Building 24",
O004186,2022-04-23 08:09:00,C00415,E0170,Smartphone,Electronics ,2,7999,0.03,Credit Card,Returned,Store,"Unit 16, Building 17",Deliver after 5PM
O004187,2023-07-17 21:56:00,C00979,E0094,Tablet,Mobile Devices,8,,0,,Pending,online,854 Mabini St.,Call customer
O004188,2025-04-29 02:43:00,C00732,E0142,HEADSET,Electronics,7,1499,0.1,,Pending,Online,24 Mabini St.,
O004189,2023-05-11 22:03:00,C00408,E0075,Projector,Office Furniture,3,19999,0.05,Credit Card,Delivered,Marketplace,"Unit 10, Building 5",
O004190,2022-11-14 08:15:00,C00377,E0103,Router,Mobile Devices,3,7999,0.1,Bank Transfer,Returned,Online,885 Quezon St. ,
O004191,2025-02-13 14:46:00,C00982,E0092,Tablet,Mobile Devices,10,1999,0.05,Debit Card,Delivered,Marketplace,"Unit 10, Building 37",
O004192,2024-06-12 17:02:00,C00479,E0128,Monitor,Electronics,1,1999,0.05,Credit Card,Processing,,"Unit 10, Building 34",Gift order
O004193,2024-03-06 07:51:00,C00783,E0139,Office Chair,Mobile Devices,9,,0.1,Credit Card,Shipped,Marketplace,"Unit 2, Building 24",Gift order
O004194,2022-11-22 09:49:00,C00707,E0047,Laptop,Electronics,8,1999,0.1,PayPal,Pending,online,524 Mabini St.,Call customer
O004195,2022-12-26 11:01:00,C00716,E0055, Keyboard ,Electronics,5,14999,0.2,Cash,Returned,online,918 Quezon St.,
O004196,2023-10-26 20:45:00,C00495,E0113,Keyboard,Office Furniture,6,499,0.15,Credit Card,Cancelled,STORE,990 Rizal St.,Urgent
O004197,2022-12-13 01:18:00,C00270,E0138,Smartphone,Networking,6,14999,0.1,Debit Card,Delivered,online,628 Quezon St.,Gift order
O004198,2024-10-26 07:05:00,C00851,E0035,Router,Mobile Devices,10,14999,0.1,CREDIT CARD ,Processing,Store,"Unit 9, Building 15",
O004199,2022-12-05 01:27:00,C00800,E0206, Webcam,Mobile Devices,6,2999,0,Cash,Returned,Marketplace, 291 Bonifacio St.,Gift order
O004200,2023-09-23 04:29:00,C00956,E0242,Laptop,Office Furniture,6,1499,0.03,Bank Transfer,Pending,STORE,499 Mabini St.,Call customer
O004201,2024-06-03 02:32:00,C00984,E0156,Laptop,Office Furniture,2,2999,0.03,GCash,Processing,STORE,630 Rizal St.,
O004202,2022-12-16 20:18:00,C00418,E0182,Headset,Networking,9,7999,0,PayPal,Processing,online,"Unit 7, Building 19",
O004203,2022-06-17 06:17:00,C00814,E0044,DESK,Networking,8,999,0.03,GCash,,Store, 684 Quezon St. ,
O004204,2025-11-17 22:14:00,C00762,E0120,Headset,Office Furniture,9,4999,,Debit Card,Processing,Marketplace,3 Quezon St.,Deliver after 5PM
O004205,2023-05-04 17:10:00,C00908,E0176,Headset,Networking,6,1499,,Cash,Cancelled,online,912 Mabini St.,Urgent
O004206,2023-09-12 19:10:00,C00594,E0069,Keyboard,,4,9999,0.15,PayPal,Delivered,,351 Mabini St.,
O004207,2022-05-11 20:38:00,C00926,E0064,Webcam,Office Furniture,5,19999,0,Debit Card,Cancelled,,"Unit 4, Building 10",Urgent
O004208,2023-08-26 01:28:00,C00376,E0109,Printer,Networking,7,799,0.05,Cash,Processing,online,784 Bonifacio St.,Gift order
O004209,2022-04-29 15:00:00,C00722,E0117,Printer,Networking,4,499,0.2,Debit Card,Shipped,Online,661 Main St.,Deliver after 5PM
O004210,2024-02-26 02:13:00,C00537,E0205,Keyboard, computer accessories,4,1499,0.2,Debit Card,Returned,Marketplace,"Unit 1, Building 10",Deliver after 5PM
O004211,2025-07-23 00:00:00,C00591,E0162,External Drive,Mobile Devices,4,7999,,Cash, Pending,Store,95 Quezon St.,
O004212,2022-08-27 19:51:00,C00372,E0120,Smartphone,Office Furniture,6,14999,0.15,Credit Card,Pending,Marketplace,739 Bonifacio St.,
O004213,2023-07-18 05:47:00,C00079,E0163,Printer,Computer Accessories,,2999,,Cash,Processing,Store,"Unit 12, Building 16",Deliver after 5PM
O004214,2022-12-21 05:04:00,C00182,E0118,UPS, MOBILE DEVICES,3,19999,0.2,Cash,Delivered,,"Unit 19, Building 33",Call customer
O004215,2024-11-21 08:47:00,C00111,E0123,Router,Office Furniture,6,9999,0,GCash,Cancelled,Marketplace,"Unit 13, Building 16",
O004216,2024-02-22 05:50:00,C00082,E0142,Headset,Computer Accessories,6,1499,0.03,Credit Card,Pending,Store, 457 MAIN ST.,Call customer
O004217,2024-01-01 07:11:00,C00963,E0220, Mouse,Networking,6,9999,0.15,GCash,,Online,403 Rizal St.,Call customer
O004218,2024-06-28 14:20:00,C00422,E0150,Mouse,Computer Accessories,7,1999,,Bank Transfer,Shipped,,,Gift order
O004219,2023-05-16 02:41:00,C00793,E0196,UPS,Mobile Devices,1,7999,0,Credit Card,Processing,STORE,479 Main St.,
O004220,2023-06-09 09:41:00,C00924,E0122,Laptop,Networking,6,499,0,Cash,Delivered,, 169 BONIFACIO ST.,Urgent
O004221,2024-01-17 12:03:00,C00462,E0144,Smartphone,Networking,1,14999,0.1,Credit Card,Shipped,Marketplace,"Unit 9, Building 33",
O004222,2025-04-11 20:28:00,C00646,E0103,Headset,Mobile Devices,2,9999,0, DEBIT CARD,Shipped,STORE, 913 mabini st.,Deliver after 5PM
O004223,2025-01-12 20:05:00,C00073,E0207,Monitor,Electronics,9,2999,0.05,PayPal, DELIVERED ,STORE,"Unit 11, Building 6",Deliver after 5PM
O004224,2025-10-06 04:00:00,C00147,E0017,Laptop,Office Furniture,5,14999,0.2,PayPal,Processing,,561 Main St.,
O004225,2023-04-20 07:51:00,C00045,E0224,Webcam,Electronics,3,7999,0.15,Credit Card,Delivered,Store,"Unit 10, Building 11",
O004226,2024-04-06 07:09:00,C00102,E0025,Smartphone ,Electronics,1,1999,0.05, Cash,Delivered,STORE,"Unit 18, Building 21",
O004227,2025-12-12 02:40:00,C00601,E0019, printer ,Networking,1,7999,0.2,Bank Transfer,Returned,online,"Unit 20, Building 35",
O004228,2023-06-10 00:30:00,C00102,E0212,Mouse,Office Furniture,7,799,0.2,BANK TRANSFER,Cancelled,Marketplace,"Unit 19, Building 5",Urgent
O004229,2025-07-01 17:37:00,C00940,E0094,Router,Electronics ,7,799,0.2,Credit Card,Delivered,Store,"Unit 5, Building 46",Deliver after 5PM
O004230,2023-08-03 13:39:00,C00618,E0246,Router,Office Furniture,4,1499,0,Cash,Returned,STORE,285 Main St.,Deliver after 5PM
O004231,2023-12-17 13:42:00,C00801,E0162,Keyboard,Computer Accessories,10,499,0.05,Bank Transfer,Shipped,Online,"Unit 8, Building 25",Urgent
O004232,2024-12-26 08:17:00,C00935,E0143,Office Chair,Office Furniture,3,19999,0.03,Cash,Processing,,"Unit 6, Building 5",
O004233,2022-03-20 07:00:00,C00783,E0045,Webcam,Electronics,3,7999,0.2,Bank Transfer,Cancelled,Online,509 Mabini St.,Gift order
O004234,2023-03-02 05:21:00,C00391,E0006,Tablet,Mobile Devices,9,4999,0.1,Cash,Cancelled,Marketplace,"Unit 2, Building 24",Gift order
O004235,2023-07-08 15:30:00,C00846,E0039,Keyboard,Electronics,6,499,0.03,Debit Card,,STORE,852 Mabini St.,Call customer
O004236,2023-04-26 18:17:00,C00911,E0079,Router,Computer Accessories,9,799,0.15,Bank Transfer,Cancelled,online,440 Rizal St.,Gift order
O004237,2023-06-21 19:13:00,C00164,E0214,UPS,Mobile Devices,3,1499,0,Debit Card,Returned,Marketplace,"Unit 9, Building 7",
O004238,2024-04-02 16:37:00,C00270,E0164,Tablet,Office Furniture,7,9999,0,Credit Card,Cancelled,STORE,144 Quezon St.,Call customer
O004239,2024-10-05 17:18:00,C00746,E0100,Office Chair,Electronics,1,14999,0,PayPal,Cancelled,Online,"Unit 3, Building 7",Gift order
O004240,2023-12-17 01:28:00,C00928,E0210,Projector,Computer Accessories,8,1999,0.03, credit card,Processing,Online,127 Rizal St. ,
O004241,2023-10-18 23:13:00,C00983,E0127,Mouse,Electronics,4,19999,,Credit Card,Shipped,Marketplace,"Unit 16, Building 22",Urgent
O004242,2024-10-05 00:25:00,C00448,E0188,Monitor,Mobile Devices,5,2999,0.15,PayPal,,Online,"Unit 6, Building 9",Gift order
O004243,2024-05-15 08:55:00,C00705,E0107,Smartphone,Office Furniture,4,999,0.05,PayPal,Processing,STORE,966 Mabini St.,Call customer
O004244,2022-09-16 16:03:00,C00251,E0008,Keyboard,Computer Accessories,4,1999,0,Cash,Shipped,," UNIT 9, BUILDING 48 ",Deliver after 5PM
O004245,2025-11-14 09:39:00,C00447,E0141,Projector ,Office Furniture,4,499,0,Credit Card,Delivered,,"Unit 11, Building 30",Gift order
O004246,2025-07-10 00:04:00,C00935,E0207, desk,Mobile Devices,3,9999,,Bank Transfer,Returned,online,"Unit 12, Building 24",
O004247,2023-04-16 17:36:00,C00931,E0240,Laptop,Mobile Devices,10,14999,0, Debit Card ,Shipped,,658 Bonifacio St.,Call customer
O004248,2025-07-23 23:31:00,C00253,E0078,Mouse,Computer Accessories,2,1999,0.05,Credit Card,Pending,Online,905 Quezon St.,Urgent
O004249,2025-09-02 09:25:00,C00025,E0085,Tablet,Electronics,2,999,0.03,Bank Transfer,Shipped,,"Unit 16, Building 38",Call customer
O004250,2023-10-23 11:35:00,C00962,E0176,External Drive, ELECTRONICS,2,1499,0.15,,Shipped,Online,215 Rizal St.,Urgent
O004251,2024-10-29 20:58:00,C00842,E0178,Keyboard,Electronics,7,14999,0.15,Credit Card,Processing,Marketplace," UNIT 20, BUILDING 19 ",Gift order
O004252,2022-04-15 08:41:00,C00614,E0093,Mouse,Office Furniture,6,2999,0.03,PayPal,Shipped,Online,789 Main St.,Gift order
O004253,2023-02-08 13:37:00,C00269,E0033,Monitor,Electronics,8,19999,0.2,Cash,Delivered,Store,"Unit 7, Building 3",Urgent
O004254,2025-03-25 04:58:00,C00194,E0220,Webcam,Networking,8,4999,0.05,PayPal,Pending,Online,378 Rizal St.,
O004255,2022-08-04 19:36:00,C00295,E0207,Webcam,Mobile Devices,8,14999,,Credit Card,Cancelled,online,942 Rizal St.,Urgent
O004256,2023-12-11 20:28:00,C00151,E0138,External Drive,Office Furniture,4,9999,,PayPal,Processing,online,130 Bonifacio St.,
O004257,2022-10-26 06:09:00,C00502,E0193,Projector,Networking,3,799,0.15,PayPal,Processing,,"Unit 9, Building 50",
O004258,2023-08-18 07:57:00,C00707,E0124,Keyboard,Mobile Devices,2,7999,0.03,Credit Card,Pending,online,373 Bonifacio St.,
O004259,2023-10-28 22:43:00,C00460,E0055,Mouse,Office Furniture,7,999,0,Debit Card,Returned,online,81 Bonifacio St.,Urgent
O004260,2025-10-23 21:08:00,C00807,E0144,Projector,Electronics,9,999,0,Debit Card,Processing,STORE,"Unit 8, Building 7",
O004261,2024-09-15 10:51:00,C00798,E0212,Desk, COMPUTER ACCESSORIES,1,1499,0.05,GCash,,online,"Unit 10, Building 13",
O004262,2023-12-23 16:42:00,C00954,E0030,Keyboard,Office Furniture,9,1999,0.15,GCash,Returned,STORE,"Unit 16, Building 24",Urgent
O004263,2025-09-12 14:41:00,C00288,E0188,Keyboard,Electronics,2,19999,0.2,Credit Card,PROCESSING,,"Unit 19, Building 38",
O004264,2024-04-27 11:49:00,C00253,E0154,Router,Electronics,6,499,0.1,GCash,Delivered,Online,830 Rizal St.,Urgent
O004265,2025-12-14 20:22:00,C00774,E0095,UPS,Networking,6,2999,0,Credit Card,Shipped,STORE,"Unit 15, Building 26",Deliver after 5PM
O004266,2023-08-12 02:05:00,C00529,E0025,Smartphone, Electronics ,10,1499,0.03,PayPal,Cancelled,Store,154 Main St.,
O004267,2023-09-09 19:34:00,C00125,E0039,Router,,3,9999,0.15,GCash,Delivered,STORE,"Unit 16, Building 15",Call customer
O004268,2024-04-20 04:22:00,C00154,E0208,, OFFICE FURNITURE,7,14999,0.03,Bank Transfer,Processing,Online,"Unit 9, Building 25",Deliver after 5PM
O004269,2024-02-13 16:51:00,C00262,E0145,Headset,Electronics ,6,1999,0.15,Debit Card, processing,,141 Quezon St.,
O004270,2025-11-29 06:26:00,C00300,E0200,Office Chair, MOBILE DEVICES ,10,1499,0,Bank Transfer,Cancelled,," unit 6, building 31 ",Call customer
O004271,2025-09-03 00:18:00,C00371,E0003,Tablet,Networking,3,999,0.05,Cash,Returned,STORE,882 Mabini St. ,
O004272,2024-04-19 04:07:00,C00435,E0204,projector, computer accessories ,10,9999,0.2,Debit Card, Pending ,STORE,176 Quezon St.,Urgent
O004273,2025-11-16 07:57:00,C00994,E0211,Keyboard ,Mobile Devices,4,499,0,Bank Transfer,Processing,Marketplace,832 Main St.,Gift order
O004274,2022-05-14 17:12:00,C00287,E0077,Smartphone,Networking,7,1999,,PayPal,,Online,648 Rizal St.,Urgent
O004275,2023-04-09 12:54:00,C00425,E0192,External Drive,Office Furniture,6,499,0.2, Bank Transfer,Cancelled,Marketplace,"Unit 5, Building 13",
O004276,2022-12-12 06:35:00,C00610,E0239,Webcam,Office Furniture,10,799,,Bank Transfer, Delivered ,Online,"Unit 3, Building 17",
O004277,2022-04-02 08:47:00,C00961,E0034,Monitor,Computer Accessories,4,1999,0.05,Credit Card,Shipped,Online,665 Bonifacio St.,Deliver after 5PM
O004278,2024-03-15 09:44:00,C00222,E0140,Tablet,COMPUTER ACCESSORIES ,,,0.03,Debit Card,Processing,Marketplace,45 bonifacio st.,Call customer
O004279,2024-04-06 21:53:00,C00380,E0148,UPS,Mobile Devices,5,9999,0.2,PayPal,Pending,STORE,987 QUEZON ST. ,
O004280,2023-11-04 11:35:00,C00875,E0042,Webcam,Office Furniture,9,7999,,Debit Card,Delivered,Online,757 Bonifacio St.,Call customer
O004281,2022-09-07 07:07:00,C00561,E0128,Router,Electronics,6,999,0.1,Cash,Delivered,STORE,601 Mabini St.,
O004282,2023-09-13 21:50:00,C00035,E0189, Headset ,Mobile Devices,4,4999,0.05,Credit Card,Processing,Marketplace,"Unit 18, Building 23",
O004283,2023-02-07 17:39:00,C00371,E0112,Projector,Computer Accessories,5,1999,0.03,PayPal,PENDING,,969 Main St.,Deliver after 5PM
O004284,2022-06-08 01:30:00,C00715,E0221,Keyboard,Office Furniture,7,999,0.2,Cash,Delivered,online, 907 Bonifacio St. ,
O004285,2023-11-13 02:37:00,C00873,E0238,Keyboard,Networking,3,19999,0.1,PayPal,Shipped,Marketplace,"Unit 4, Building 12",
O004286,2025-07-11 02:42:00,C00955,E0107,Headset,Computer Accessories,9,4999,0.2,Cash,Delivered,Store,842 Main St.,Call customer
O004287,2025-02-13 07:52:00,C00140,E0172,Laptop,computer accessories,7,9999,0.03,Debit Card,Delivered,online,,Call customer
O004288,2024-05-04 14:11:00,C00621,E0128,Webcam,Office Furniture,10,999,0.2,Credit Card,pending ,STORE,983 Main St.,
O004289,2022-08-08 10:16:00,C00806,E0051, Smartphone,Mobile Devices,8,4999,0,Bank Transfer,Cancelled,Marketplace,,Urgent
O004290,2022-12-27 23:38:00,C00190,E0213,Webcam,Office Furniture,6,9999,0.05,Debit Card,Cancelled,Marketplace,828 Main St.,Urgent
O004291,2023-03-10 21:38:00,C00929,E0241,Webcam,Electronics,10,9999,0.05,Bank Transfer,Pending,Marketplace,,
O004292,2023-12-02 02:46:00,C00143,E0142,Office Chair,Electronics,10,499,,PayPal,PROCESSING,Online," UNIT 12, BUILDING 3",
O004293,2022-05-08 23:44:00,C00835,E0232,Keyboard,Office Furniture,2,1999,0.2,PayPal,Shipped,Marketplace,"Unit 12, Building 15",
O004294,2023-03-22 13:22:00,C00986,E0243,Laptop,Mobile Devices,7,4999,,GCash,Returned,STORE,"Unit 17, Building 4",Gift order
O004295,2023-08-05 02:39:00,C00735,E0249,Printer,Electronics,8,7999,0.1,,Returned,Store,"Unit 15, Building 48",Call customer
O004296,2025-09-17 03:55:00,C00187,E0024, Laptop,Electronics,10,9999,0.15,PayPal,Returned,,548 Rizal St.,Gift order
O004297,2025-07-07 15:51:00,C00040,E0039, Tablet ,Office Furniture,5,,0.03, GCash, PROCESSING,Store,556 Rizal St.,
O004298,2023-12-30 23:23:00,C00999,E0083,Office Chair,Mobile Devices,4,19999,0.03,PayPal,Returned,STORE,321 Rizal St.,Urgent
O004299,2024-11-01 06:03:00,C00307,E0023,Printer,Office Furniture,8,799,0.2,Debit Card,Processing,,955 Rizal St.,
O004300,2024-06-19 19:47:00,C00517,E0135,Desk,Office Furniture,4,799,,Bank Transfer,Cancelled,online,139 Bonifacio St.,Urgent
O004301,2025-03-25 02:00:00,C00924,E0237,Desk,Mobile Devices,9,4999,0.03,,Processing,,"Unit 18, Building 46",Deliver after 5PM
O004302,2023-10-10 15:06:00,C00731,E0223,webcam ,Electronics,2,,0.05,Cash, Pending,,"Unit 11, Building 34",
O004303,2023-05-17 06:23:00,C00401,E0154,Keyboard,Mobile Devices,3,14999,0.2,GCash, Delivered,STORE,198 Bonifacio St.,Urgent
O004304,2024-04-23 23:52:00,C00027,E0097,Tablet,Networking,2,2999,0.03, PayPal ,Pending,STORE,,Urgent
O004305,2025-10-15 10:50:00,C00234,E0172,Router ,Mobile Devices,8,9999,0,Bank Transfer ,Pending,online,"Unit 16, Building 21",Deliver after 5PM
O004306,2024-01-27 19:10:00,C00022,E0042,Smartphone,Mobile Devices,8,4999,0.15,Debit Card,RETURNED,STORE,"UNIT 20, BUILDING 6",Urgent
O004307,2024-09-29 14:34:00,C00042,E0055,Projector,,4,1499,0.05,PayPal,Cancelled,Online,"Unit 17, Building 46",Deliver after 5PM
O004308,2025-04-05 20:01:00,C00197,E0214,External Drive,Computer Accessories,8,19999,0.1,Cash,Returned,Online,709 Main St.,Urgent
O004309,2024-07-11 06:10:00,C00262,E0046,Laptop,Networking,7,999,0.2,Credit Card,,Online,"Unit 19, Building 16",Call customer
O004310,2025-07-28 14:24:00,C00208,E0167,Tablet,Office Furniture,8,999,0.1,Cash,Shipped,Store,"Unit 16, Building 16",Urgent
O004311,2025-01-05 18:02:00,C00161,E0147,Webcam,Computer Accessories,5,2999,0.03,Credit Card,Cancelled,Online,"Unit 1, Building 3",
O004312,2025-12-07 08:12:00,C00163,E0167,keyboard ,Electronics,3,9999,,Cash,Pending,Store,"Unit 8, Building 42",Deliver after 5PM
O004313,2025-12-27 01:34:00,C00742,E0010,Office Chair,Computer Accessories,4,19999,,GCash,Processing,online,"Unit 9, Building 47",Urgent
O004314,2025-07-10 13:49:00,C00732,E0145,Webcam,,4,1499,0.03,Bank Transfer,Pending,,175 Main St.,Deliver after 5PM
O004315,2023-07-14 16:29:00,C00566,E0034,Headset,Mobile Devices,6,7999,0, paypal,Returned,Online,"Unit 3, Building 43",
O004316,2023-11-17 11:21:00,C00784,E0029,Printer,networking,5,7999,0.05,Cash,Cancelled,Online,161 Bonifacio St.,
O004317,2023-04-24 06:25:00,C00376,E0010,Laptop,Mobile Devices,10,499,0,Debit Card,Pending,STORE,648 Mabini St.,Gift order
O004318,2022-06-24 04:06:00,C00031,E0184,Office Chair,Computer Accessories,5,999,0.2,Debit Card,Pending,Online,255 Bonifacio St.,Deliver after 5PM
O004319,2025-05-03 02:49:00,C00805,E0199,Printer,Office Furniture,6,19999,0.05,Debit Card,Returned,Online,749 Mabini St.,Call customer
O004320,2023-08-23 05:50:00,C00024,E0049,Headset,Office Furniture,4,1499,0.03, Debit Card,Delivered,online,708 Mabini St.,Deliver after 5PM
O004321,2025-04-25 20:49:00,C00724,E0138,Keyboard,Office Furniture,9,999,0.03,Credit Card,Pending,Store,129 Bonifacio St.,Urgent
O004322,2025-06-15 18:25:00,C00047,E0079,Office Chair,Mobile Devices,5,,0.05,GCash,,STORE,"Unit 2, Building 16",
O004323,2022-08-25 22:20:00,C00782,E0031,Monitor,Electronics,7,999,0.1,PayPal,Pending,Marketplace,910 Rizal St.,Urgent
O004324,2022-03-02 14:12:00,C00513,E0070,Router,Networking,9,2999,0.2,,cancelled ,STORE,"Unit 20, Building 26 ",Urgent
O004325,2025-10-30 22:20:00,C00295,E0224,Headset,Office Furniture,6,7999,0.05,Cash, RETURNED ,,203 Mabini St.,Call customer
O004326,2023-04-28 03:05:00,C00010,E0201,External Drive,Office Furniture,1,799,,Cash,,Store,"Unit 17, Building 21",Urgent
O004327,2024-12-26 14:41:00,C00603,E0209,Projector,Electronics,7,799,0.2,GCash, PENDING ,online,323 Bonifacio St.,Urgent
O004328,2025-09-03 01:15:00,C00266,E0074,Desk,Mobile Devices,9,999,0.1,Bank Transfer,Processing,Store,823 Main St.,
O004329,2023-09-15 04:09:00,C00123,E0042,Smartphone,Networking,9,9999,0.03,Cash,returned ,,"Unit 8, Building 45",Gift order
O004330,2024-01-10 12:06:00,C00732,E0203,External Drive,Office Furniture,4,799,,PayPal, Cancelled,STORE,881 Rizal St.,Deliver after 5PM
O004331,2022-09-10 08:02:00,C00525,E0132,,Computer Accessories,2,14999,,GCash,Returned,STORE,"Unit 5, Building 29",
O004332,2023-08-06 17:26:00,C00258,E0245,Printer,Office Furniture,1,1499,0.1,bank transfer,Pending,online,"Unit 11, Building 47",
O004333,2022-08-27 10:32:00,C00439,E0019,Projector,Office Furniture,9,7999,0, PAYPAL,Delivered,Store,,Gift order
O004334,2023-09-11 20:27:00,C00944,E0152,Tablet,Office Furniture,4,1499,0.05,GCash, pending,,"Unit 12, Building 7",
O004335,2023-03-12 11:45:00,C00228,E0049,Laptop, Computer Accessories ,1,1999,0.03,Debit Card,Processing,," Unit 20, Building 10 ",
O004336,2024-01-14 22:29:00,C00439,E0174,Router,Electronics,5,799,0.05,Cash,Pending,,471 Mabini St.,
O004337,2025-07-28 17:54:00,C00145,E0037,Headset,Computer Accessories,6,2999,0.03,PayPal,Returned,Marketplace,"Unit 3, Building 18",Urgent
O004338,2024-03-31 15:04:00,C00775,E0218,Headset, networking,2,7999,0,GCash,Processing,,"Unit 4, Building 33",
O004339,2024-08-27 16:05:00,C00368,E0048,Printer,Networking,8,799,0.03, DEBIT CARD,Shipped,STORE, 125 Quezon St.,Urgent
O004340,2024-12-23 23:21:00,C00913,E0216,Tablet,Mobile Devices,10,2999,0.1, bank transfer, returned ,online,"UNIT 13, BUILDING 39 ",Deliver after 5PM
O004341,2023-08-10 14:54:00,C00498,E0050,Monitor,Computer Accessories,1,19999,0,Bank Transfer,Returned,Online, 938 Main St. ,
O004342,2024-04-01 14:33:00,C00145,E0011,Monitor,Mobile Devices,4,9999,0.15,GCash,Delivered,Online,"Unit 8, Building 22",
O004343,2025-07-17 15:36:00,C00812,E0231,External Drive,Electronics,6,999,0.1,GCash,Pending,, 838 MABINI ST. ,Urgent
O004344,2024-06-23 16:45:00,C00375,E0245,UPS,Networking,4,14999,0.03,Cash,Processing,,885 Main St.,Urgent
O004345,2024-05-24 18:49:00,C00480,E0234,laptop,Networking,,1999,0.1,Bank Transfer,Shipped,Marketplace,189 Mabini St.,
O004346,2022-08-09 19:29:00,C00592,E0189,UPS,Networking ,10,1999,,GCash,Processing,Store, 489 rizal st. ,Call customer
O004347,2022-11-01 10:21:00,C00908,E0059,Mouse,Networking,3,,0.03,Credit Card,Cancelled,,"Unit 5, Building 18",
O004348,2023-01-13 14:43:00,C00900,E0249,Projector,Computer Accessories,7,799,0.1,Bank Transfer,PENDING,Store," Unit 12, Building 17",Deliver after 5PM
O004349,2025-01-18 22:19:00,C00628,E0231,External Drive,Office Furniture,5,2999,,bank transfer ,Delivered,Store,"Unit 7, Building 1",
O004350,2025-03-15 15:24:00,C00742,E0060,Router,Computer Accessories,6,499,0.1,PayPal,Delivered,,"Unit 19, Building 15",
O004351,2024-01-07 04:12:00,C00738,E0232,Router,Networking,6,1999,0.15,Debit Card,Cancelled,,385 Bonifacio St.,Gift order
O004352,2025-01-04 15:30:00,C00366,E0118,External Drive,Computer Accessories,10,999,0.03,,Shipped,Marketplace,898 Rizal St.,Call customer
O004353,2022-08-14 20:58:00,C00354,E0105,Desk,Electronics,10,7999,0.2,Cash,Cancelled,STORE,"Unit 16, Building 24",Urgent
O004354,2025-02-14 22:00:00,C00107,E0165,Printer,Office Furniture,7,,0.2,GCash,Pending,,419 bonifacio st. ,
O004355,2023-11-20 13:58:00,C00414,E0197,Laptop,Office Furniture,8,1999,0.15, cash ,Processing,online,"Unit 14, Building 34",Call customer
O004356,2023-12-01 23:22:00,C00459,E0058,Keyboard,Mobile Devices,2,499,0.03,Cash,Processing,Marketplace,"Unit 7, Building 42",Call customer
O004357,2024-01-26 14:50:00,C00566,E0165, router,Office Furniture,5,4999,0,Bank Transfer,Delivered,Online,217 Rizal St.,Urgent
O004358,2022-02-09 21:56:00,C00035,E0177,UPS,Office Furniture,8,1499,0,Debit Card,Processing,STORE,"Unit 20, Building 48",Urgent
O004359,2022-12-28 08:18:00,C00708,E0005,External Drive,Computer Accessories,6,799,0.15,GCash, Processing ,Store,151 Main St.,Urgent
O004360,2025-08-15 18:14:00,C00443,E0039, smartphone,COMPUTER ACCESSORIES ,8,499,0.15, Debit Card, Cancelled,STORE,2 Main St.,Deliver after 5PM
O004361,2022-05-03 09:24:00,C00619,E0248,,,10,2999,0.1,Debit Card,Shipped,,"Unit 8, Building 20",Call customer
O004362,2023-01-17 00:43:00,C00077,E0051,Monitor,Electronics,5,1999,0.2,PayPal,Pending,Marketplace,750 Mabini St.,Deliver after 5PM
O004363,2025-06-16 16:52:00,C00181,E0018,,Networking,10,799,0.15,GCash,Returned,online,796 Bonifacio St.,Urgent
O004364,2024-03-10 19:33:00,C00622,E0077, Smartphone ,Mobile Devices,3,799,0.05,Cash,Shipped,Store,54 Mabini St.,
O004365,2024-01-16 17:35:00,C00671,E0104,Projector,Networking,2,14999,0.03,Cash,Shipped,Marketplace,"Unit 7, Building 15",Call customer
O004366,2025-07-06 14:50:00,C00267,E0002,Tablet,Mobile Devices,10,19999,0.15,PayPal,Processing,,81 Quezon St.,Gift order
O004367,2025-05-24 23:11:00,C00035,E0210,Office Chair,Electronics,1,1499,0.2, GCash ,Processing,STORE,"Unit 12, Building 35",Call customer
O004368,2025-11-14 03:38:00,C00351,E0249, OFFICE CHAIR,Mobile Devices,8,7999,0.15,Bank Transfer,Processing,Marketplace,"Unit 5, Building 36",Gift order
O004369,2022-11-09 19:14:00,C00285,E0148,Laptop,Networking,7,9999,0.05,GCash,Processing,,"Unit 18, Building 21",
O004370,2023-08-16 05:02:00,C00829,E0244,Desk,Computer Accessories,4,1499,,PayPal,Cancelled,,"Unit 11, Building 1",Call customer
O004371,2024-01-03 00:40:00,C00981,E0125,Mouse,Office Furniture,4,1499,,GCash,Returned,Store,706 Quezon St.,
O004372,2022-08-29 22:55:00,C00230,E0028,Printer,Mobile Devices,4,19999,0.05,Debit Card,Cancelled,STORE,509 Rizal St.,Urgent
O004373,2023-01-09 20:54:00,C00087,E0071,Smartphone,Office Furniture,1,4999,,Bank Transfer,Processing,Marketplace,"Unit 15, Building 28",Gift order
O004374,2023-12-25 12:31:00,C00842,E0069,Mouse,Networking,10,4999,0,Debit Card,Returned,Store,481 Bonifacio St.,
O004375,2025-02-25 21:03:00,C00260,E0073,Printer,Networking,10,19999,0.15,GCash,Processing,online,"Unit 10, Building 48",Call customer
O004376,2025-07-20 21:02:00,C00372,E0029,Printer,Electronics,7,499,0.05,Debit Card, Delivered,,"Unit 20, Building 29",Deliver after 5PM
O004377,2022-10-03 12:34:00,C00900,E0040,Webcam,Computer Accessories,6,1499,0.15,Cash,Shipped,online,"Unit 12, Building 26",
O004378,2022-07-15 12:54:00,C00858,E0138,Mouse,Mobile Devices,1,7999,0.05, CASH ,Cancelled,Store,"Unit 3, Building 32",Call customer
O004379,2023-07-18 10:01:00,C00843,E0091,Headset,Office Furniture,3,9999,0,Credit Card,Pending,Marketplace,119 Rizal St.,Urgent
O004380,2025-11-02 08:58:00,C00088,E0019,Headset,Computer Accessories,5,999,,GCash,Returned,,519 Quezon St.,Call customer
O004381,2025-03-06 19:23:00,C00288,E0154,Printer,Electronics,6,1999,,Credit Card,Cancelled,online,130 Mabini St.,Gift order
O004382,2022-06-18 12:48:00,C00662,E0052,Router,Networking,8,9999,0.2, Bank Transfer,Delivered,Online,385 Quezon St.,
O004383,2023-10-23 10:55:00,C00441,E0064,LAPTOP,Office Furniture,4,1999,,PayPal,Pending,Marketplace,"Unit 1, Building 45",
O004384,2022-07-22 17:24:00,C00979,E0220,Tablet ,Electronics,5,7999,,PayPal, RETURNED,Marketplace,477 Bonifacio St.,Urgent
O004385,2025-01-26 19:45:00,C00714,E0131,Webcam,Networking,5,4999,,Credit Card,Cancelled,Store,906 Quezon St.,
O004386,2025-02-06 03:26:00,C00305,E0192, MOUSE, mobile devices,2,799,,Bank Transfer, Shipped,online,399 Quezon St.,Gift order
O004387,2023-09-07 01:53:00,C00805,E0190,Router, Mobile Devices,5,,0.1,Debit Card,Shipped,online,"Unit 12, Building 27",
O004388,2022-04-04 08:55:00,C00831,E0135,UPS,Electronics,3,2999,0.2,Credit Card,Pending,STORE,"Unit 11, Building 23",Deliver after 5PM
O004389,2022-09-29 02:15:00,C00338,E0229,Router,Computer Accessories,4,999,0.1,Credit Card,Pending,Store,"Unit 16, Building 18",Deliver after 5PM
O004390,2024-03-01 02:41:00,C00998,E0133,Keyboard,Computer Accessories,3,499,0.15,Debit Card,Cancelled,Store,"Unit 3, Building 50",Gift order
O004391,2024-08-25 14:40:00,C00639,E0216,Office Chair,Electronics,5,799,0.15,Debit Card,Returned,Marketplace, 922 MABINI ST. ,Deliver after 5PM
O004392,2022-01-08 07:04:00,C00970,E0197,Webcam, Office Furniture,7,,0.05,Credit Card,Shipped,Marketplace,"Unit 10, Building 37",Call customer
O004393,2023-10-28 12:41:00,C00797,E0165,Printer,Electronics,4,7999,0.15,Debit Card,Pending,Store,"Unit 10, Building 23",Deliver after 5PM
O004394,2023-04-07 15:15:00,C00154,E0204,Office Chair,Office Furniture,7,1999,0.03,PayPal,Delivered,Marketplace,414 Rizal St.,Urgent
O004395,2025-10-04 19:00:00,C00835,E0225,mouse ,Electronics,1,2999,0.1,Cash,Returned,online,"Unit 6, Building 37 ",Call customer
O004396,2023-12-19 16:47:00,C00669,E0199,Laptop,Mobile Devices,4,7999,,PAYPAL ,Returned,Store,91 Main St.,Deliver after 5PM
O004397,2024-01-30 07:41:00,C00364,E0242,Mouse,office furniture,9,799,,Debit Card,PROCESSING ,online,"Unit 1, Building 33",Call customer
O004398,2022-01-29 14:39:00,C00640,E0231, Monitor,Electronics,6,14999,0.1,PayPal,Cancelled,online,"Unit 4, Building 2",Urgent
O004399,2023-07-27 02:24:00,C00233,E0164,Mouse,Computer Accessories,8,2999,0.1,PayPal,Pending,Marketplace," UNIT 6, BUILDING 25 ",Gift order
O004400,2024-03-08 20:13:00,C00698,E0197,Tablet,Office Furniture,,2999,,Debit Card,Pending,online,970 Rizal St.,Urgent
O004401,2025-02-13 02:52:00,C00730,E0169,Headset,Electronics,9,499,0.05,Cash,Cancelled,Marketplace,138 Main St.,Gift order
O004402,2023-03-05 10:57:00,C00013,E0161,Tablet,Mobile Devices,3,499,0.2,Credit Card,Delivered,online,378 Quezon St.,
O004403,2025-11-27 20:21:00,C00022,E0024,Projector,Electronics,5,4999,0.1,Credit Card,Returned,online,30 Mabini St.,
O004404,2022-10-15 02:58:00,C00925,E0127,Projector,Mobile Devices,5,9999,0.2,GCash,Returned,Online,,Urgent
O004405,2023-10-17 23:10:00,C00963,E0084,Laptop,Mobile Devices,2,19999,,PayPal,Shipped,Marketplace,403 Mabini St.,
O004406,2025-01-16 23:45:00,C00821,E0151,Projector,Electronics,8,,0.2,Cash,Cancelled,Store,"Unit 5, Building 30",Urgent
O004407,2023-03-08 23:47:00,C00992,E0205,Printer,Mobile Devices,4,2999,0.03,GCash,Shipped,Store,32 Mabini St.,
O004408,2025-08-23 09:25:00,C00125,E0097,external drive ,Mobile Devices,,799,0.2,Bank Transfer,Shipped,Marketplace,"Unit 4, Building 20",Urgent
O004409,2024-10-02 20:40:00,C00358,E0051,Tablet, Networking,1,999,0.1,PayPal,Processing,Store,"Unit 15, Building 41",Gift order
O004410,2023-12-14 11:24:00,C00459,E0002,Printer,Office Furniture,2,1999,,PayPal,returned,STORE,"Unit 5, Building 31",
O004411,2022-01-13 08:10:00,C00304,E0151,Headset,Computer Accessories,9,1999,0.2,Bank Transfer,Processing,online,,
O004412,2023-04-23 10:52:00,C00268,E0194,Webcam,Computer Accessories,7,999,0, CASH ,Delivered,Marketplace,"Unit 2, Building 41",Deliver after 5PM
O004413,2024-12-19 07:55:00,C00689,E0025,Laptop,Networking,4,499,,,Shipped,Online,"Unit 10, Building 38",Call customer
O004414,2022-03-17 02:29:00,C00812,E0144,Smartphone, NETWORKING ,6,7999,0.15,Credit Card,returned ,Marketplace,"Unit 16, Building 42",Deliver after 5PM
O004415,2023-12-26 00:26:00,C00566,E0028,Projector,Electronics,1,4999,0.15,Debit Card,Shipped,online,"Unit 1, Building 3",
O004416,2024-01-09 17:54:00,C00855,E0067,Smartphone,Electronics,2,1499,0.03,Bank Transfer,Shipped,STORE," Unit 11, Building 43",Deliver after 5PM
O004417,2022-05-20 19:45:00,C00850,E0212,Printer,Mobile Devices,3,1999,0.2,GCash,Delivered,Online,232 Quezon St.,
O004418,2023-05-16 05:11:00,C00556,E0113,External Drive,Office Furniture,8,799,,GCash,Pending,Online,"Unit 5, Building 43",Deliver after 5PM
O004419,2025-03-27 10:23:00,C00048,E0025,Desk,Networking,6,1999,0,PayPal,Delivered,Marketplace,936 Rizal St.,Call customer
O004420,2025-06-30 09:52:00,C00995,E0136,Webcam,Mobile Devices,9,14999,0.15,Bank Transfer,Returned,Marketplace,761 Mabini St. ,Call customer
O004421,2023-02-01 04:19:00,C00817,E0233,,Office Furniture,9,999,0.05,Debit Card,Pending,Online,"Unit 7, Building 11",Urgent
O004422,2025-01-02 05:22:00,C00968,E0062,Office Chair,Office Furniture,6,799,0.2,Cash,returned,online,"UNIT 18, BUILDING 15 ",Gift order
O004423,2023-02-13 12:09:00,C00518,E0230,EXTERNAL DRIVE,Office Furniture,6,2999,0.15,Debit Card,Cancelled,STORE,584 Bonifacio St.,
O004424,2023-12-18 12:05:00,C00318,E0112,Smartphone,Mobile Devices,1,19999,0.03,Cash,Delivered,Store,411 Bonifacio St.,
O004425,2023-01-06 01:06:00,C00554,E0247,Projector,Networking ,1,999,0.1, Bank Transfer ,Cancelled,online,638 Bonifacio St.,Gift order
O004426,2024-08-02 18:06:00,C00701,E0132,Desk,Computer Accessories,5,799,0,,Returned,Online," UNIT 14, BUILDING 6",Urgent
O004427,2023-09-23 21:31:00,C00706,E0150,Smartphone,Mobile Devices,3,1499,0.05,PayPal,Cancelled,Marketplace,112 Quezon St.,Gift order
O004428,2025-07-31 12:26:00,C00879,E0102,Keyboard,Networking,9,7999,0.2,BANK TRANSFER,Shipped,Store,"Unit 1, Building 23",Urgent
O004429,2023-03-22 06:24:00,C00418,E0188,Smartphone ,Networking,4,7999,0.03,Cash, Shipped,STORE,681 Bonifacio St.,Gift order
O004430,2025-03-07 10:24:00,C00199,E0034,Mouse,Mobile Devices,5,,0.05,Debit Card,Shipped,STORE,270 Bonifacio St.,
O004431,2024-03-30 03:18:00,C00868,E0010,Mouse,Networking,2,2999,,Debit Card,Processing,online,"Unit 2, Building 3",
O004432,2024-05-05 21:11:00,C00503,E0242,Smartphone, Mobile Devices ,4,14999,0.15,PayPal,Cancelled,,"Unit 4, Building 21",Urgent
O004433,2025-09-13 19:29:00,C00042,E0227,Laptop,Electronics,9,4999,,Debit Card,Processing,STORE,366 mabini st.,
O004434,2025-08-25 13:29:00,C00381,E0175,Desk,Networking,2,14999,0.05,Cash,Cancelled,Online," unit 2, building 48 ",Call customer
O004435,2023-12-13 17:38:00,C00205,E0110,Laptop,Office Furniture,8,19999,0.2,Cash,Delivered,Store,"Unit 2, Building 18",Gift order
O004436,2025-05-02 18:06:00,C00314,E0026,Desk,Networking,6,499,, DEBIT CARD,CANCELLED ,online, 961 Quezon St. ,Urgent
O004437,2024-07-14 15:33:00,C00918,E0083,Webcam,Networking,2,14999,0.1,CREDIT CARD ,Processing,STORE,"Unit 20, Building 3",
O004438,2025-01-03 01:33:00,C00672,E0058,Webcam,Computer Accessories,,7999,0.05,Bank Transfer,Cancelled,online,"Unit 14, Building 32",Deliver after 5PM
O004439,2023-03-18 09:44:00,C00690,E0243,Desk,Electronics,9,1499,0.05,Credit Card, Returned,STORE,779 Bonifacio St.,
O004440,2024-08-16 12:05:00,C00536,E0066,Keyboard,Networking,5,4999,0.03,GCash,Processing,Online,477 Bonifacio St.,Gift order
O004441,2025-12-19 11:28:00,C00985,E0011,Printer,Electronics,3,799,0.1,Bank Transfer,Returned,Store,"Unit 17, Building 26",Deliver after 5PM
O004442,2024-06-11 22:13:00,C00218,E0132,DESK,Office Furniture,9,7999,0,Bank Transfer,Processing,STORE, 614 Quezon St. ,Call customer
O004443,2024-12-01 17:20:00,C00183,E0017,Mouse,Electronics,9,4999,0,Debit Card,Shipped,Online,320 Main St.,Deliver after 5PM
O004444,2023-08-02 20:12:00,C00915,E0065,Tablet,Electronics ,3,999,0.1,Debit Card,Processing,Online,"Unit 18, Building 10",Urgent
O004445,2025-01-01 01:22:00,C00624,E0033,Monitor,Mobile Devices,3,499,0.2,PayPal,Returned,Online,996 Main St.,Urgent
O004446,2022-08-04 16:45:00,C00474,E0020,Smartphone,Office Furniture,7,9999,,Cash,Returned,online,833 Rizal St.,Call customer
O004447,2022-11-07 10:07:00,C00298,E0113,UPS,Computer Accessories,3,1999,0.2,GCash,Processing,,561 Quezon St.,
O004448,2023-08-14 16:10:00,C00714,E0204,Laptop,Computer Accessories,10,19999,0.2,Credit Card,Processing,online,"Unit 7, Building 26",Urgent
O004449,2025-10-21 06:39:00,C00388,E0030,Router,Electronics,9,1499,0.2,Credit Card,Pending,,95 Rizal St.,
O004450,2024-09-14 22:56:00,C00698,E0021,Mouse,Office Furniture,9,1499,0,Cash,Cancelled,STORE,276 Bonifacio St.,Call customer
O004451,2023-12-01 18:43:00,C00714,E0027,Desk,Mobile Devices,3,499,0.2,Bank Transfer ,Returned,online,788 Main St.,
O004452,2024-07-02 19:18:00,C00727,E0193,Smartphone, office furniture,1,14999,,GCash,Delivered,, 393 Bonifacio St.,
O004453,2024-10-22 00:16:00,C00267,E0180,Keyboard, computer accessories,8,2999,,Debit Card,Processing,Online,995 Quezon St.,Call customer
O004454,2022-05-14 08:48:00,C00856,E0192,Webcam, COMPUTER ACCESSORIES,4,499,,Bank Transfer,Pending,Online,818 Rizal St.,Urgent
O004455,2023-07-07 07:25:00,C00749,E0089,DESK,Computer Accessories,5,19999,,Debit Card,Cancelled,Online,"Unit 12, Building 43",
O004456,2023-06-05 03:29:00,C00858,E0073,Laptop,NETWORKING ,10,799,0.05,Cash,Processing,,963 Main St.,Gift order
O004457,2023-12-14 05:18:00,C00443,E0003,External Drive,Office Furniture,8,499,0.1,,Delivered,online,605 Main St.,
O004458,2025-10-31 09:48:00,C00445,E0221,Keyboard,Electronics,7,499,0.15,Debit Card,Cancelled,Store,100 Rizal St.,Deliver after 5PM
O004459,2025-05-03 01:03:00,C00303,E0187,UPS,Office Furniture,8,19999,0.03,Cash,Delivered,Store,44 Rizal St.,Gift order
O004460,2022-07-26 16:28:00,C00278,E0100,Smartphone,Mobile Devices,10,14999,0.1,Cash,Cancelled,Online,87 Mabini St.,
O004461,2025-06-08 05:24:00,C00699,E0106,,Mobile Devices,4,7999,0.05, gcash , Delivered ,online,627 Main St.,Gift order
O004462,2023-05-28 10:05:00,C00012,E0227,Desk,Computer Accessories,1,1999,0.1,Credit Card,Cancelled,Store,"Unit 15, Building 45",Call customer
O004463,2022-10-03 10:21:00,C00392,E0179,Tablet,,1,14999,0.03,PayPal,Pending ,Marketplace,895 RIZAL ST. ,Gift order
O004464,2022-09-07 01:57:00,C00056,E0238,Headset,Computer Accessories,1,499,0.15,PayPal,Pending,,730 Main St.,
O004465,2024-08-21 14:25:00,C00760,E0092,Smartphone,Electronics,,2999,,PayPal, Delivered,Marketplace,"Unit 13, Building 26",Deliver after 5PM
O004466,2024-03-16 21:48:00,C00129,E0225,Mouse,Mobile Devices,,1999,0.1,Cash,Pending,Online,662 Rizal St.,
O004467,2023-01-21 16:43:00,C00243,E0114,External Drive,Office Furniture,4,799,0,GCash,Pending,Store,315 Rizal St.,Call customer
O004468,2024-11-26 13:00:00,C00818,E0009,UPS,Office Furniture,2,999,0,GCash,Delivered,,815 Bonifacio St.,
O004469,2024-03-31 14:52:00,C00083,E0078,WEBCAM,mobile devices ,6,2999,0.15,GCash,Shipped ,online,162 Bonifacio St.,Urgent
O004470,2023-08-10 07:43:00,C00909,E0107,router,Networking,5,2999,0.05,GCash,Delivered,Store, 565 Mabini St.,
O004471,2024-06-05 00:01:00,C00653,E0230,Keyboard,Electronics,8,1999,0.15,Cash,Cancelled,STORE, 270 BONIFACIO ST.,
O004472,2025-11-28 18:31:00,C00260,E0047,Mouse,,10,499,0.03,PayPal,Returned,online,,
O004473,2023-06-19 16:46:00,C00308,E0244,UPS,Networking,1,4999,0.2,Cash, Cancelled ,,"Unit 5, Building 1",Call customer
O004474,2023-12-16 06:09:00,C00823,E0204,Smartphone,Networking,5,1999,0.15,Debit Card,Pending,Online," Unit 1, Building 7",Gift order
O004475,2022-07-14 02:51:00,C00868,E0093,Printer,Computer Accessories,5,,0,,Returned,,"Unit 8, Building 12",Urgent
O004476,2022-07-13 14:06:00,C00531,E0225,Projector, Office Furniture ,6,1499,,DEBIT CARD,Shipped,Online,"Unit 20, Building 38",Gift order
O004477,2023-06-21 18:54:00,C00067,E0218,Printer, Mobile Devices,2,4999,0.05, Cash,Delivered,online,181 Main St.,Deliver after 5PM
O004478,2022-04-12 19:06:00,C00605,E0127,Desk,Electronics,4,2999,0.15,GCash,Shipped,Online,478 Bonifacio St.,Gift order
O004479,2022-08-11 21:49:00,C00805,E0241,Monitor,Networking,7,9999,, Credit Card,Returned,,801 Bonifacio St.,Call customer
O004480,2023-06-02 14:27:00,C00361,E0240, Keyboard ,Computer Accessories,10,499,0.05,Bank Transfer,Delivered,online," Unit 5, Building 4",
O004481,2024-05-14 09:59:00,C00119,E0006,Desk,Office Furniture,1,4999,0,Cash,Delivered,Marketplace, 573 Rizal St. ,Deliver after 5PM
O004482,2024-06-26 11:01:00,C00314,E0001,Monitor,Electronics,4,2999,0,Cash, processing ,STORE,815 Rizal St.,
O004483,2025-10-28 00:06:00,C00922,E0184,Webcam,Electronics,5,799,0.05,GCash, SHIPPED ,online,"Unit 12, Building 21",Deliver after 5PM
O004484,2024-07-05 09:08:00,C00431,E0230,Webcam,Networking,8,2999,0.2,Bank Transfer,Cancelled,Online,"Unit 20, Building 16",
O004485,2023-07-26 11:25:00,C00604,E0152,UPS,Mobile Devices,2,999,0.15,GCash,Processing,Marketplace,537 Rizal St.,Gift order
O004486,2025-06-11 10:39:00,C00246,E0013,Tablet,NETWORKING ,4,999,0.2,GCash,Shipped,Marketplace,"UNIT 11, BUILDING 44",
O004487,2024-10-17 00:58:00,C00488,E0052,Printer,Computer Accessories,2,1499,0, PayPal,Delivered,online,515 Rizal St.,
O004488,2024-01-02 17:46:00,C00470,E0225,Headset,Office Furniture,1,,0.1, PayPal ,Returned,online,"Unit 12, Building 17",Deliver after 5PM
O004489,2023-06-20 17:22:00,C00193,E0083,UPS, Networking,8,19999,0.1,Bank Transfer,Shipped,Online,416 Mabini St.,Deliver after 5PM
O004490,2024-11-02 20:55:00,C00970,E0092,Router,Mobile Devices ,8,1499,0.05, Debit Card ,Processing,STORE,"Unit 3, Building 45",Urgent
O004491,2023-11-26 23:12:00,C00652,E0119,Tablet,Office Furniture,4,499,0.05,PayPal ,Shipped,online,"Unit 5, Building 28",Deliver after 5PM
O004492,2024-06-13 01:34:00,C00567,E0005,Projector,Computer Accessories,3,2999,0.15,GCash, Processing,Online,"Unit 15, Building 24",
O004493,2025-02-24 02:54:00,C00035,E0120,Headset,Electronics,2,14999,0.03, BANK TRANSFER,Pending,STORE, 415 MABINI ST. ,Gift order
O004494,2022-02-13 02:23:00,C00094,E0003,laptop ,Networking,3,9999,0.1,PayPal,Processing,,"Unit 20, Building 31",Urgent
O004495,2024-09-28 18:06:00,C00240,E0195,Keyboard,Computer Accessories,3,499,0.1,Debit Card,Processing,Online,"unit 7, building 33",Deliver after 5PM
O004496,2025-11-13 03:46:00,C00369,E0092,Mouse,,8,,0.05,Debit Card,Shipped ,Online,"Unit 20, Building 31",Urgent
O004497,2024-12-06 07:54:00,C00767,E0200,Smartphone, Computer Accessories,1,9999,0.1,Debit Card,Shipped,Marketplace,623 Quezon St.,Gift order
O004498,2025-08-31 01:34:00,C00305,E0216,Mouse,Computer Accessories,2,2999,0.15,PayPal,Returned,Online," UNIT 3, BUILDING 6",Call customer
O004499,2025-03-07 20:00:00,C00936,E0174, Laptop,Electronics,10,19999,0.2,GCash,Cancelled ,Store,272 Main St.,
O004500,2025-04-22 09:51:00,C00003,E0158,Printer,Mobile Devices,4,999,0.15,Credit Card,Processing,,176 Quezon St.,
O004501,2024-10-16 12:30:00,C00122,E0066,Webcam,Computer Accessories,3,4999,0.1,GCash, Shipped ,Online,"Unit 3, Building 15",
O004502,2024-11-29 17:32:00,C00846,E0187,Smartphone,Computer Accessories,,14999,0.1,Bank Transfer,Shipped,online,436 Quezon St.,Call customer
O004503,2022-09-03 01:56:00,C00046,E0165,Smartphone,Computer Accessories,2,19999,, gcash,Shipped,online,"Unit 10, Building 48",Urgent
O004504,2022-09-01 05:59:00,C00669,E0113,Mouse,Mobile Devices,2,19999,0.05,PayPal ,Delivered,Marketplace,751 Rizal St.,Call customer
O004505,2024-07-25 04:05:00,C00577,E0062, SMARTPHONE,Computer Accessories,2,4999,0.2,Debit Card, DELIVERED ,Marketplace,"Unit 11, Building 8",Deliver after 5PM
O004506,2024-10-29 10:01:00,C00327,E0028,External Drive,Office Furniture,4,1999,,GCash, Pending,,14 Rizal St.,Urgent
O004507,2025-11-26 08:23:00,C00557,E0008,Tablet,Mobile Devices,4,799,0,Debit Card,Pending,Marketplace,"Unit 13, Building 9",
O004508,2023-09-14 00:34:00,C00927,E0017,Smartphone,Computer Accessories,5,2999,0.15,GCash,Delivered,online,"Unit 19, Building 40",Gift order
O004509,2024-06-19 22:32:00,C00430,E0194, Laptop,Electronics,10,799,0.2,Bank Transfer,Processing,,89 Quezon St.,
O004510,2023-06-23 08:31:00,C00445,E0157,Mouse,COMPUTER ACCESSORIES ,5,9999,0.03,Debit Card,Shipped,Online,"Unit 10, Building 19",
O004511,2023-10-16 21:49:00,C00146,E0005, MONITOR ,Office Furniture,5,7999,0.03,Bank Transfer,Pending,STORE,906 Quezon St.,Call customer
O004512,2023-07-15 23:45:00,C00514,E0042,Office Chair,office furniture ,4,7999,0.03,Credit Card,Shipped,online,858 Main St.,Gift order
O004513,2023-02-17 09:53:00,C00448,E0003,Tablet,Electronics,7,4999,0,GCash,Cancelled,Online,994 RIZAL ST.,
O004514,2024-06-17 22:52:00,C00795,E0158,Laptop,Networking,9,1999,0.15,Cash,Delivered,,390 Bonifacio St.,Call customer
O004515,2025-11-18 01:50:00,C00518,E0057,Router,Computer Accessories,10,799,0.2,Bank Transfer,Delivered,STORE,"Unit 5, Building 44",Call customer
O004516,2025-10-30 22:54:00,C00892,E0007,Keyboard,Computer Accessories,8,19999,,Debit Card,Processing,Marketplace,,
O004517,2023-10-09 02:28:00,C00875,E0133,External Drive,Electronics,,19999,0.2,Bank Transfer,Delivered,Store,,
O004518,2022-12-22 22:46:00,C00454,E0128,Office Chair, office furniture ,4,,0.1,Bank Transfer,Returned,STORE,390 Quezon St.,Deliver after 5PM
O004519,2023-12-15 08:02:00,C00805,E0066,Monitor,Electronics,9,999,0,Credit Card,Cancelled,Online, 161 QUEZON ST. ,Deliver after 5PM
O004520,2023-08-01 18:12:00,C00932,E0014,UPS,Computer Accessories,3,799,0.15,Debit Card,Delivered,Store, 541 RIZAL ST.,Deliver after 5PM
O004521,2025-05-28 00:50:00,C00171,E0140,Laptop,networking,9,499,0.05,Cash,Cancelled,,552 Quezon St.,Gift order
O004522,2025-03-02 05:31:00,C00172,E0062,Projector,Office Furniture,5,1499,0.1,CREDIT CARD,Returned,Marketplace,"Unit 20, Building 45",Urgent
O004523,2025-06-13 12:54:00,C00533,E0250,UPS,Office Furniture,7,7999,0.1,,Shipped,STORE,510 Rizal St.,Deliver after 5PM
O004524,2023-09-12 06:43:00,C00860,E0147,Mouse,Office Furniture,3,9999,0.15,,Pending,Store,"Unit 6, Building 1",Call customer
O004525,2022-04-18 05:12:00,C00472,E0024,Office Chair,Mobile Devices,5,7999,0.05,Debit Card,Returned,Store,592 Main St.,Urgent
O004526,2025-02-04 00:51:00,C00245,E0030,Router,Electronics,7,14999,,Credit Card,Shipped,Online,"Unit 2, Building 2",
O004527,2024-11-19 02:05:00,C00944,E0043,Keyboard,Networking,4,9999,0.15,PayPal,Shipped,Store,692 Rizal St.,Urgent
O004528,2024-03-18 20:11:00,C00143,E0119, ROUTER,Office Furniture,10,9999,0,PayPal,Pending,STORE,"Unit 18, Building 41",Urgent
O004529,2022-09-15 19:19:00,C00352,E0188,Smartphone,Mobile Devices,6,14999,,Debit Card,,, 523 MAIN ST. ,Urgent
O004530,2022-07-03 01:35:00,C00777,E0073,Office Chair,Electronics,,499,0.2,Debit Card,Shipped,Store,"Unit 12, Building 23",
O004531,2022-11-23 09:19:00,C00980,E0046,Monitor, networking,6,9999,0.15,PayPal, Pending ,,859 Main St.,Deliver after 5PM
O004532,2024-02-21 07:26:00,C00679,E0246,,Office Furniture,2,2999,0,GCash,Cancelled,,901 Quezon St.,Gift order
O004533,2025-07-08 06:51:00,C00474,E0070,External Drive,Networking,10,799,0.03,GCash,Returned,Online,416 Mabini St.,Urgent
O004534,2025-08-29 02:07:00,C00283,E0186,Desk,Computer Accessories,4,4999,0.15,PayPal, DELIVERED,Online,214 Quezon St.,
O004535,2024-02-16 04:22:00,C00955,E0154,Headset,Mobile Devices,4,,0.15,Credit Card,Delivered,,823 Rizal St.,
O004536,2024-01-05 22:20:00,C00255,E0067,Office Chair,Office Furniture,3,499,0.2,Bank Transfer,Processing,online,"Unit 5, Building 45",
O004537,2022-11-11 05:58:00,C00641,E0167,Office Chair,Office Furniture,8,499,0.2,GCash,Cancelled,,620 Rizal St.,
O004538,2024-09-12 19:36:00,C00796,E0034,Mouse,Networking,9,14999,,, returned ,STORE,"Unit 14, Building 12",Urgent
O004539,2023-08-17 01:08:00,C00256,E0154,Headset,Office Furniture,7,499,0.1,Credit Card,Processing,, 932 mabini st.,Call customer
O004540,2022-12-14 05:36:00,C00139,E0037,printer,Computer Accessories,8,9999,0,Debit Card,Pending,Marketplace,"UNIT 1, BUILDING 3",Urgent
O004541,2022-01-20 03:49:00,C00935,E0087,External Drive,Mobile Devices,4,19999,0.15,PayPal,Cancelled,,836 Rizal St.,
O004542,2022-02-06 09:01:00,C00816,E0223,Monitor, COMPUTER ACCESSORIES,10,999,0.1,PayPal,Shipped,STORE,"Unit 8, Building 41",Gift order
O004543,2025-06-30 20:13:00,C00881,E0198,,Computer Accessories,6,799,0.03,GCash,Delivered,STORE,974 Mabini St.,Call customer
O004544,2023-03-20 03:33:00,C00399,E0039,headset,Computer Accessories,8,9999,0.2,PayPal,Processing,,259 Main St.,Call customer
O004545,2024-11-10 12:53:00,C00436,E0109, Mouse,Networking,10,14999,0,Credit Card,Delivered,Online,42 Mabini St.,Call customer
O004546,2023-04-04 08:07:00,C00720,E0238,Smartphone,Computer Accessories,3,7999,0.2,Bank Transfer,Returned,Marketplace,763 Rizal St.,Gift order
O004547,2024-04-20 22:14:00,C00921,E0146,Projector,computer accessories,7,19999,,PayPal,Pending,Marketplace,91 Quezon St.,
O004548,2023-10-31 18:32:00,C00543,E0126,Laptop,,7,14999,0.05,,Cancelled,, 204 main st.,Gift order
O004549,2024-04-02 20:36:00,C00128,E0110, EXTERNAL DRIVE,Mobile Devices,9,2999,0,BANK TRANSFER,Delivered,Store,547 Quezon St.,Call customer
O004550,2022-02-18 08:30:00,C00523,E0187,Laptop,Electronics,9,499,0,Credit Card,Returned,Store,"Unit 2, Building 5",Urgent
O004551,2023-01-15 13:49:00,C00161,E0078,Router,Office Furniture ,7,1999,0.2,Debit Card,Pending,STORE, 162 RIZAL ST. ,Gift order
O004552,2025-07-12 21:44:00,C00689,E0190,Desk,Computer Accessories,8,1999,0.1,GCash,Delivered,Online," Unit 6, Building 40",
O004553,2023-03-08 01:47:00,C00699,E0185, Keyboard,Computer Accessories,9,1999,0.05,Debit Card,Pending,online,"Unit 17, Building 34",Deliver after 5PM
O004554,2022-12-18 03:43:00,C00314,E0111,Printer,ELECTRONICS,4,14999,0.15,PayPal,,,627 Main St.,Gift order
O004555,2025-11-18 08:12:00,C00788,E0035,Printer,Electronics,4,1499,0.1,Debit Card,Delivered,,"Unit 9, Building 31",Urgent
O004556,2023-02-11 17:49:00,C00071,E0003,Mouse, NETWORKING,9,9999,0.03,PayPal,Processing,online,"Unit 16, Building 37",
O004557,2023-02-08 22:30:00,C00162,E0248,Keyboard,,10,1499,0.05,Debit Card,delivered ,online,392 Mabini St.,
O004558,2022-03-05 04:39:00,C00757,E0093,,Office Furniture,3,799,0.15,Credit Card,Processing,online,411 Rizal St.,Deliver after 5PM
O004559,2024-05-29 23:45:00,C00486,E0193,Router,Mobile Devices,4,499,0,PayPal,Pending,STORE,"Unit 9, Building 11",Deliver after 5PM
O004560,2022-12-10 15:16:00,C00042,E0137,Monitor,Electronics,2,499,0.1,PayPal,Processing,STORE,"Unit 4, Building 24",
O004561,2022-09-23 10:51:00,C00856,E0120,UPS,Mobile Devices,9,,0.03,Bank Transfer,Cancelled,Online,540 Mabini St.,
O004562,2022-08-05 21:49:00,C00858,E0214,Smartphone,Networking,10,1999,0.03,Bank Transfer,Shipped,online,384 Quezon St.,
O004563,2022-08-07 12:58:00,C00473,E0080,UPS, networking,3,2999,, BANK TRANSFER , DELIVERED,Marketplace,"Unit 10, Building 25",Deliver after 5PM
O004564,2022-08-13 02:50:00,C00841,E0028,Laptop,Office Furniture,1,2999,0,PayPal,Delivered,STORE,"Unit 16, Building 43",Call customer
O004565,2023-05-09 00:36:00,C00174,E0114,Laptop,Computer Accessories,1,14999,,Debit Card,,,"Unit 17, Building 1",
O004566,2022-07-21 17:06:00,C00873,E0248,MOUSE ,Computer Accessories,10,1499,0.1,Cash,Delivered,Store,"Unit 1, Building 40 ",Urgent
O004567,2023-06-27 22:18:00,C00424,E0171,Smartphone,Mobile Devices,8,499,0.15,Credit Card,Pending ,Marketplace,867 Quezon St.,Deliver after 5PM
O004568,2023-05-17 02:45:00,C00534,E0062, Desk ,Computer Accessories,7,799,0.2,Cash,Processing,STORE,"Unit 7, Building 29",Call customer
O004569,2024-11-09 14:25:00,C00854,E0024,Router,Electronics,7,1499,0.2,GCash,Shipped,online,923 MAIN ST. ,Deliver after 5PM
O004570,2025-08-21 06:14:00,C00251,E0113,Webcam,Electronics,8,1999,0.15,PayPal , PENDING ,Marketplace,634 Mabini St.,Deliver after 5PM
O004571,2025-10-04 14:44:00,C00938,E0231,Headset, OFFICE FURNITURE ,6,1499,0.15,Cash,Processing,Marketplace,381 Main St.,Gift order
O004572,2025-03-02 13:39:00,C00618,E0001, UPS,Networking,6,14999,0.05,Credit Card,,Store,783 RIZAL ST. ,Gift order
O004573,2023-04-08 13:22:00,C00681,E0077,Webcam,Mobile Devices,9,9999,0.15,Bank Transfer,Processing,online,"Unit 8, Building 18",
O004574,2023-10-20 01:37:00,C00971,E0080,Headset,networking ,7,799,0.1,Credit Card,Pending,,408 Bonifacio St.,Gift order
O004575,2023-08-29 03:11:00,C00587,E0191,Mouse,Office Furniture,7,1499,0.03,Bank Transfer,Shipped,STORE, 283 RIZAL ST.,Call customer
O004576,2024-12-19 04:50:00,C00910,E0098,Mouse,Office Furniture,5,19999,0,cash ,Returned,,"Unit 8, Building 22",Gift order
O004577,2025-03-02 21:26:00,C00991,E0078,Webcam,Networking,3,7999,0.15, cash,Processing ,STORE,311 Mabini St.,
O004578,2023-03-16 09:17:00,C00494,E0109,Laptop,Computer Accessories,9,7999,,Cash,Pending,Online,837 Quezon St.,
O004579,2025-09-30 22:20:00,C00285,E0224,Desk,Networking ,5,19999,0,Debit Card,Returned,Store,"Unit 6, Building 37",Deliver after 5PM
O004580,2025-01-01 14:36:00,C00100,E0068,UPS,Office Furniture,10,1499,0.03,Debit Card,Processing,online,40 Rizal St.,Urgent
O004581,2022-04-29 17:43:00,C00812,E0143,Projector,Networking,10,4999,0.15,Debit Card,Pending,online,"Unit 2, Building 15",Deliver after 5PM
O004582,2023-06-08 09:33:00,C00347,E0149, WEBCAM ,Electronics,6,9999,,GCash, cancelled ,,850 Mabini St. ,
O004583,2024-12-10 00:38:00,C00753,E0179,Mouse,Computer Accessories,7,1999,0.1,Credit Card,Pending,STORE,"Unit 2, Building 4",
O004584,2023-09-05 19:36:00,C00196,E0241,UPS,Mobile Devices,8,7999,,Bank Transfer,Pending,online,623 Main St.,
O004585,2023-08-01 06:45:00,C00736,E0086,Headset,Networking,8,2999,0.15,GCash,Shipped,Marketplace,528 Rizal St.,Gift order
O004586,2024-07-09 04:06:00,C00150,E0139,Webcam, Electronics,1,999,0.15,Bank Transfer,Shipped,Online,118 Quezon St.,
O004587,2025-03-22 20:20:00,C00907,E0073,Smartphone,Office Furniture,8,1999,0.05,Debit Card,Pending,,,Deliver after 5PM
O004588,2022-11-25 00:31:00,C00128,E0216,Headset, Office Furniture,1,7999,0.03,GCash,shipped ,Marketplace,168 Rizal St.,
O004589,2023-01-21 06:40:00,C00125,E0236,Keyboard,Computer Accessories,6,2999,0.05,Debit Card,Cancelled,Store,676 Quezon St.,Urgent
O004590,2025-04-13 00:25:00,C00487,E0191,UPS,Mobile Devices,8,19999,,Cash,Shipped,Online,"Unit 10, Building 42",Call customer
O004591,2022-05-04 20:20:00,C00922,E0043,Tablet,Electronics,5,499,0.05,CASH,Processing,online,"Unit 7, Building 46",Call customer
O004592,2025-04-30 15:42:00,C00011,E0248,Mouse,Networking,6,999,0.2,Debit Card,Delivered,,482 Rizal St.,
O004593,2024-10-25 04:48:00,C00306,E0240,PROJECTOR ,Office Furniture,,799,0.2, paypal ,Shipped,STORE,745 Rizal St.,Gift order
O004594,2022-09-15 00:55:00,C00024,E0093,Monitor,Mobile Devices,1,19999,0.05,Bank Transfer,Processing,Online,"Unit 6, Building 11",Gift order
O004595,2025-03-09 10:20:00,C00535,E0164,Headset,Networking,2,7999,0.1,Cash,shipped,Store,303 Rizal St.,Gift order
O004596,2023-10-22 00:21:00,C00622,E0113,Tablet,Mobile Devices,2,1499,0.03,Debit Card,Cancelled,Store,455 Quezon St.,Gift order
O004597,2022-08-29 08:56:00,C00784,E0051,Printer,Office Furniture,7,1499,0,Cash, processing ,Marketplace,884 Quezon St.,Gift order
O004598,2023-05-11 22:08:00,C00381,E0003,UPS,Office Furniture,6,799,0.1,Cash,Processing,Store,36 Rizal St.,
O004599,2023-12-15 19:21:00,C00533,E0219,Headset,Office Furniture,2,999,0.05,, Shipped,Marketplace,27 Mabini St.,
O004600,2024-01-20 04:33:00,C00869,E0002,TABLET,Mobile Devices,2,799,0.1,PayPal,Pending,,"Unit 15, Building 19",Gift order
O004601,2024-11-09 07:59:00,C00357,E0123,,Networking,6,499,,PayPal,Shipped,Store,"Unit 13, Building 29",Deliver after 5PM
O004602,2023-11-08 23:03:00,C00826,E0056, Desk,Computer Accessories,1,799,0.1,Cash,Pending,Store,391 Quezon St.,
O004603,2025-09-05 12:50:00,C00871,E0113,Laptop,Electronics,3,9999,0.1,GCash,Cancelled,," Unit 5, Building 41",Urgent
O004604,2024-05-07 11:41:00,C00034,E0057,External Drive,Office Furniture,7,2999,0,Cash,Pending,Store,,Deliver after 5PM
O004605,2024-01-06 19:45:00,C00188,E0215,UPS,Computer Accessories,7,2999,0,PayPal,,Marketplace,,Gift order
O004606,2022-10-18 11:20:00,C00015,E0072,Office Chair,Mobile Devices,9,9999,0,Credit Card, CANCELLED ,Online,623 Mabini St.,Call customer
O004607,2023-08-16 00:48:00,C00767,E0064,Headset, OFFICE FURNITURE,3,14999,,Cash,,STORE,"Unit 9, Building 28",
O004608,2023-02-27 18:39:00,C00053,E0206,Tablet,Electronics,6,499,0,Cash ,Cancelled,Marketplace,481 Mabini St.,
O004609,2024-03-27 20:30:00,C00222,E0008,Desk,Networking,2,2999,0.15,Debit Card,Delivered,STORE,166 Bonifacio St.,Call customer
O004610,2025-08-05 12:42:00,C00466,E0043,Smartphone,Computer Accessories,3,19999,0.05,Cash,Cancelled,Marketplace,362 Mabini St.,
O004611,2023-11-22 09:51:00,C00938,E0112,Projector,Computer Accessories,8,499,0,PayPal,Delivered,online, 992 MABINI ST.,Deliver after 5PM
O004612,2024-03-16 13:03:00,C00974,E0212,Smartphone,Computer Accessories,4,19999,0.1,Bank Transfer,Pending,,"Unit 14, Building 41 ",Call customer
O004613,2024-02-02 21:36:00,C00276,E0126,UPS,Computer Accessories,2,799,0.03,Cash,,online,"Unit 6, Building 48",Urgent
O004614,2023-01-03 14:43:00,C00068,E0159,,Mobile Devices,9,7999,0.1,Cash,Shipped,Store,"Unit 15, Building 37",
O004615,2023-08-26 07:30:00,C00246,E0184,Monitor,Office Furniture,7,7999,0.1,Bank Transfer,Delivered,online,330 Mabini St.,
O004616,2022-01-07 06:29:00,C00123,E0029,MOUSE ,Mobile Devices,5,1999,0.1,Debit Card,Returned,online, 17 RIZAL ST.,Call customer
O004617,2025-10-09 05:38:00,C00975,E0182,Desk, Electronics,8,2999,0.03,Bank Transfer, pending,STORE,"Unit 19, Building 50",Gift order
O004618,2024-01-13 12:44:00,C00785,E0239,UPS,Computer Accessories,4,7999,0.05,Credit Card,Returned,STORE,"Unit 15, Building 5",Call customer
O004619,2022-10-22 16:32:00,C00593,E0064, Router,ELECTRONICS ,1,9999,0.03,Debit Card,Delivered,Online,415 Bonifacio St.,Call customer
O004620,2025-11-24 22:06:00,C00338,E0134,Printer,Networking,1,19999,0.1,,Shipped,STORE,"Unit 18, Building 33",
O004621,2025-08-11 23:37:00,C00059,E0013,Monitor,Networking,8,799,0.05,PAYPAL ,SHIPPED,Store,569 Mabini St.,Gift order
O004622,2025-10-19 00:42:00,C00152,E0155,Monitor,Computer Accessories,2,499,0.2,Debit Card,Pending,Store,337 Bonifacio St.,Gift order
O004623,2025-11-08 18:38:00,C00170,E0194,Projector,Electronics,,499,0.15,PayPal,Delivered,Store,,
O004624,2025-12-07 19:13:00,C00893,E0207,Keyboard,Networking,9,14999,0.05,Cash,Processing,STORE,969 Bonifacio St.,Call customer
O004625,2022-09-30 22:44:00,C00280,E0189,Headset,Networking,6,9999,0,GCash, cancelled,Store, 131 bonifacio st. ,
O004626,2023-04-08 18:21:00,C00023,E0037, Keyboard ,Electronics,6,4999,0.2, Bank Transfer,SHIPPED ,Online,37 Bonifacio St.,Deliver after 5PM
O004627,2025-01-17 23:35:00,C00762,E0124,Tablet,OFFICE FURNITURE,7,7999,,Debit Card,Pending,Online,282 Mabini St.,
O004628,2023-10-10 11:44:00,C00516,E0159,,Networking,7,799,0.03,GCash,Shipped,Online,"Unit 12, Building 40",
O004629,2024-06-23 18:14:00,C00300,E0189,Office Chair,Computer Accessories,9,1999,0.2,Debit Card,Processing,Marketplace,"Unit 20, Building 12",Call customer
O004630,2023-06-04 19:42:00,C00145,E0181, Desk ,Electronics,8,2999,0,Credit Card,Processing,STORE,"Unit 5, Building 43",Call customer
O004631,2023-11-21 20:56:00,C00372,E0090,Headset,,3,9999,0.05,Bank Transfer,Cancelled,Online, 488 RIZAL ST. ,Call customer
O004632,2022-05-28 04:36:00,C00297,E0106,headset ,Computer Accessories,5,499,0.2,Credit Card,delivered,STORE,387 Bonifacio St.,
O004633,2023-05-22 07:11:00,C00516,E0128,Tablet,ELECTRONICS,4,19999,0,Debit Card,Delivered,STORE, 570 Bonifacio St.,Gift order
O004634,2024-11-01 10:45:00,C00636,E0157,Projector,Office Furniture,7,7999,,Bank Transfer, DELIVERED,STORE," unit 6, building 1 ",
O004635,2025-09-21 10:26:00,C00447,E0063, Monitor,Computer Accessories,10,799,0.1,GCash,Processing ,,557 Rizal St.,
O004636,2025-12-21 13:26:00,C00790,E0065,Printer,Computer Accessories,10,499,0.05,Credit Card,Shipped,Online,453 Main St.,
O004637,2022-05-19 15:24:00,C00702,E0128, webcam,Electronics,4,999,0.15,Bank Transfer,Cancelled,,631 Quezon St.,Urgent
O004638,2022-03-16 00:18:00,C00332,E0137,External Drive,Office Furniture,8,19999,0.15,PayPal, returned ,,"Unit 4, Building 46",Urgent
O004639,2023-03-16 22:52:00,C00315,E0002,Keyboard,Mobile Devices,7,4999,0.05, gcash ,Cancelled,Store,"Unit 18, Building 29",Deliver after 5PM
O004640,2022-07-01 05:35:00,C00963,E0120, HEADSET,Electronics,4,7999,,Debit Card,Delivered,online,759 Rizal St.,Urgent
O004641,2025-11-03 20:46:00,C00917,E0179,Printer,Electronics,3,1499,0.1,PayPal,Cancelled,online,"Unit 6, Building 45",
O004642,2022-04-25 19:11:00,C00188,E0217,UPS,Networking,6,2999,0.1,Bank Transfer,Returned,Marketplace,"Unit 16, Building 17",
O004643,2024-09-01 15:10:00,C00018,E0099,Office Chair, office furniture ,5,2999,0.15,PayPal,Shipped,Store,"Unit 10, Building 19",Call customer
O004644,2022-12-27 17:30:00,C00365,E0219,Monitor,Mobile Devices,7,499,0.03,CASH ,returned,Online,651 Rizal St.,Call customer
O004645,2022-01-10 22:09:00,C00353,E0039, Office Chair, Mobile Devices ,3,799,0.2,PayPal,Returned,Store," UNIT 16, BUILDING 50",Call customer
O004646,2022-05-03 06:30:00,C00667,E0226,Headset ,Electronics,2,7999,0.15,PayPal, Pending,STORE,97 Quezon St.,
O004647,2024-12-20 19:15:00,C00464,E0070,Mouse,Computer Accessories,4,9999,0.03,Credit Card,Pending,Online,"Unit 6, Building 3",Gift order
O004648,2024-08-16 05:07:00,C00496,E0248,Mouse,Mobile Devices,,799,0.05,PayPal, processing,,568 Rizal St.,Urgent
O004649,2023-04-05 03:13:00,C00453,E0139, PROJECTOR,Computer Accessories,9,4999,0.03,Bank Transfer,Delivered,STORE,78 Mabini St.,Deliver after 5PM
O004650,2022-01-18 11:47:00,C00645,E0072,UPS,Mobile Devices,1,,0.1,Debit Card,Cancelled,Store,435 Rizal St.,Deliver after 5PM
O004651,2025-07-31 21:03:00,C00529,E0078,PROJECTOR,Networking,8,1499,0,Bank Transfer,Shipped,STORE,"Unit 17, Building 13",
O004652,2024-01-17 19:29:00,C00976,E0038,Mouse,Networking,10,499,0.15,GCash, Delivered,Marketplace,878 quezon st. ,Gift order
O004653,2023-10-19 22:53:00,C00849,E0238,UPS,Electronics,1,19999,0.03,Bank Transfer,Returned,Store,"Unit 13, Building 5",Deliver after 5PM
O004654,2025-01-12 02:09:00,C00362,E0102,Keyboard,Networking,8,4999,0.05,GCash,Cancelled,Store,"Unit 12, Building 41",
O004655,2025-04-22 15:53:00,C00810,E0172,Router,Networking,3,7999,0.05,Bank Transfer,Delivered,Online," unit 18, building 6 ",Urgent
O004656,2025-12-14 18:31:00,C00989,E0238,Smartphone,Computer Accessories,9,7999,0,Bank Transfer,Delivered,STORE,"Unit 4, Building 3",Urgent
O004657,2022-08-14 20:04:00,C00760,E0166,Projector,Electronics,7,499,0.1,Debit Card,Pending,,126 Mabini St.,Urgent
O004658,2024-02-05 15:41:00,C00087,E0240,Desk, OFFICE FURNITURE ,7,1499,0.2,Cash,Cancelled,Store,763 Bonifacio St.,Urgent
O004659,2023-11-11 03:28:00,C00338,E0013,,Electronics,4,4999,,GCash,Cancelled,Marketplace,437 Main St.,
O004660,2022-10-13 03:01:00,C00512,E0038, ROUTER,Computer Accessories,1,9999,0.2,Bank Transfer,Cancelled,Marketplace,389 Main St.,Deliver after 5PM
O004661,2023-06-20 18:23:00,C00724,E0091,Keyboard, Electronics,10,1999,0.2,Debit Card, SHIPPED ,Online,426 Mabini St.,
O004662,2024-10-25 09:12:00,C00707,E0236,KEYBOARD ,Mobile Devices,5,999,0.2, Credit Card,Cancelled,Marketplace,"Unit 18, Building 42",Gift order
O004663,2024-06-24 08:14:00,C00834,E0140,Tablet,Office Furniture,1,499,0.03,PayPal,Cancelled,,"Unit 13, Building 24",
O004664,2024-05-10 08:36:00,C00136,E0203,Router,Office Furniture,8,7999,0.1,GCash,Cancelled,," Unit 20, Building 37",
O004665,2024-12-15 12:29:00,C00530,E0098, DESK, MOBILE DEVICES ,3,2999,0.05,Debit Card,Cancelled,Store,884 Rizal St.,Call customer
O004666,2024-06-29 04:52:00,C00183,E0019,Webcam,Mobile Devices,5,9999,0.15,Credit Card,Pending,,950 Mabini St.,Urgent
O004667,2024-12-24 03:58:00,C00071,E0170,Webcam,Mobile Devices,10,1499,0.1,Bank Transfer,Returned,online,887 Bonifacio St.,
O004668,2023-03-29 18:57:00,C00123,E0019,UPS,Networking,5,499,, bank transfer , Shipped ,Marketplace,718 Main St.,
O004669,2025-08-09 12:20:00,C00528,E0200,printer ,Mobile Devices,3,7999,0.2,GCash,Processing,STORE,"Unit 6, Building 18",Deliver after 5PM
O004670,2023-07-11 00:20:00,C00239,E0082,Smartphone,Computer Accessories,7,14999,0.2,Debit Card,Delivered,Online,"Unit 19, Building 21",
O004671,2024-11-26 04:34:00,C00448,E0054,Desk,Electronics,4,499,0.05,PayPal,Delivered,Store,506 Quezon St.,Call customer
O004672,2022-11-28 22:42:00,C00926,E0076,Router,Networking,6,499,0.03,Debit Card,Shipped,Store, 646 Quezon St. ,
O004673,2022-09-28 12:34:00,C00279,E0080,,Computer Accessories,8,2999,0,Credit Card,Cancelled,,"Unit 9, Building 48",Deliver after 5PM
O004674,2024-01-24 06:12:00,C00651,E0177,Tablet,Networking,2,9999,0.2,GCash,Cancelled,online,832 Rizal St.,
O004675,2025-02-05 12:44:00,C00635,E0032,Laptop ,Networking,7,9999,0.1,Cash,Processing,online,354 Main St.,
O004676,2023-05-17 15:48:00,C00154,E0119,Webcam, Electronics,5,999,0,Debit Card,Delivered,Store,969 Main St.,
O004677,2025-12-08 09:10:00,C00254,E0206,Keyboard,Electronics,8,1499,0.03,GCash,Shipped,STORE,810 Mabini St.,Gift order
O004678,2022-12-30 03:40:00,C00899,E0241,Office Chair,Mobile Devices,3,1499,0.15,GCash,Cancelled,STORE,644 Rizal St.,
O004679,2025-07-10 18:48:00,C00040,E0244,Laptop,Mobile Devices,8,14999,0,Cash,Processing,Store,859 Rizal St.,
O004680,2023-11-01 23:32:00,C00774,E0190,Keyboard,Office Furniture,8,499,0.03,Cash, pending,Marketplace,"Unit 12, Building 6",
O004681,2023-01-19 12:38:00,C00440,E0147,Desk,Computer Accessories,10,7999,0.1,Bank Transfer,Shipped,Marketplace,42 Quezon St.,Deliver after 5PM
O004682,2023-08-02 16:07:00,C00343,E0043,Laptop,Office Furniture,2,2999,0.03,GCash,Pending,,645 Bonifacio St.,Urgent
O004683,2025-08-11 15:39:00,C00710,E0018,,Office Furniture,5,7999,0.15,Bank Transfer,Delivered,Store,"Unit 12, Building 29",Gift order
O004684,2022-10-05 03:47:00,C00025,E0188,Printer,Electronics,5,1999,0.15,Debit Card,RETURNED ,STORE," unit 20, building 45",
O004685,2024-06-18 16:51:00,C00307,E0150,Smartphone,Electronics,8,4999,0.2,DEBIT CARD,Pending,Marketplace,"Unit 8, Building 4",Deliver after 5PM
O004686,2022-05-07 01:18:00,C00674,E0040,Laptop,Networking,5,999,,GCash,SHIPPED ,online,888 Mabini St.,Gift order
O004687,2023-10-11 10:25:00,C00460,E0107,Keyboard,Mobile Devices,2,2999,0.1,,Cancelled,Marketplace,801 Bonifacio St.,
O004688,2022-04-06 09:27:00,C00697,E0125,Headset,office furniture,2,799,0,Debit Card,Cancelled,online,656 Rizal St.,Call customer
O004689,2025-08-24 21:25:00,C00022,E0134,UPS,Networking,1,1499,0.03,PayPal,SHIPPED ,Store,443 Mabini St.,Call customer
O004690,2025-07-20 12:00:00,C00501,E0028,Smartphone,Computer Accessories,10,799,0.1,PayPal,Pending,,"Unit 15, Building 39",Gift order
O004691,2022-02-01 17:36:00,C00115,E0191,Mouse,Computer Accessories,4,799,0.05,GCash,Shipped,,28 Main St.,Call customer
O004692,2023-12-27 15:04:00,C00758,E0058,Headset,Mobile Devices,8,1999,0.03,Bank Transfer,Processing,Store,399 Quezon St.,Urgent
O004693,2024-07-05 15:15:00,C00189,E0039,Headset,Networking,6,9999,0.1,Cash,Returned,Marketplace,563 Mabini St.,Urgent
O004694,2023-12-07 15:53:00,C00945,E0148,UPS,ELECTRONICS,1,19999,0.15,GCash,Delivered ,online,93 Mabini St.,Gift order
O004695,2022-09-30 09:05:00,C00043,E0169,External Drive,Office Furniture,1,499,0,Bank Transfer,Delivered,,713 Mabini St.,Urgent
O004696,2025-06-11 08:55:00,C00481,E0090,Projector,Computer Accessories,8,999,0.03,Credit Card,Pending,,409 Rizal St.,Deliver after 5PM
O004697,2022-11-01 23:51:00,C00827,E0183,External Drive,Mobile Devices,4,7999,0.05,Bank Transfer, Shipped,,615 Mabini St. ,
O004698,2024-02-14 10:21:00,C00730,E0043,Webcam,Computer Accessories,8,1499,0.05,Credit Card,Delivered,Store,"Unit 4, Building 33",
O004699,2024-04-23 13:13:00,C00218,E0138,Laptop,Networking,9,1999,0.1,PAYPAL,Cancelled,STORE,"Unit 9, Building 10",
O004700,2022-07-31 07:07:00,C00171,E0239,External Drive,Electronics,6,999,0.1,Bank Transfer,Pending,Store,289 Quezon St.,
O004701,2025-10-27 10:08:00,C00009,E0039,Laptop,Computer Accessories,8,9999,0.2,Cash,Returned,Store,"Unit 8, Building 32",
O004702,2025-10-22 01:35:00,C00919,E0217,Headset, Office Furniture ,2,2999,,Bank Transfer,Returned,Marketplace,893 Mabini St.,Urgent
O004703,2025-03-24 05:19:00,C00775,E0065,Office Chair, Mobile Devices,7,19999,0.05,Bank Transfer, SHIPPED ,Store,539 Rizal St.,
O004704,2022-09-23 22:59:00,C00119,E0029,Mouse, ELECTRONICS ,2,7999,0.03,Credit Card,Pending,STORE,895 quezon st.,Call customer
O004705,2025-04-26 05:12:00,C00430,E0243,Projector,,10,,0.1, PAYPAL ,Pending,Online,116 Rizal St.,Gift order
O004706,2022-03-19 02:20:00,C00485,E0039,,Office Furniture,3,19999,0.03,GCash,Pending,Marketplace,"Unit 15, Building 5",
O004707,2025-10-18 16:05:00,C00102,E0212, UPS,mobile devices,5,1499,0.15,Debit Card,Cancelled,Store,"Unit 19, Building 4",Urgent
O004708,2025-12-15 05:40:00,C00434,E0183, office chair , NETWORKING,10,1999,0.2,Cash,Delivered,,480 Quezon St.,
O004709,2022-05-26 20:43:00,C00721,E0026,Tablet,Mobile Devices,10,14999,0.2,Bank Transfer,Delivered,online,655 Main St.,Deliver after 5PM
O004710,2023-10-10 18:28:00,C00636,E0238,External Drive,Computer Accessories,4,1999,0,Cash,Delivered,online,367 Mabini St.,Deliver after 5PM
O004711,2025-10-10 05:54:00,C00590,E0207,Tablet,Networking,3,799,0,PayPal, Returned ,Marketplace,474 Quezon St.,Gift order
O004712,2023-11-24 20:37:00,C00494,E0043,Projector,Computer Accessories,9,1499,0.1,Cash,Shipped,Online,"Unit 9, Building 40",
O004713,2024-11-24 10:17:00,C00726,E0134,Webcam,Computer Accessories,6,1999,0.2,PayPal,Shipped,STORE,"Unit 11, Building 34",Call customer
O004714,2025-08-14 15:59:00,C00505,E0196,Tablet,Mobile Devices,4,999,0.15,Cash,Processing ,,"Unit 9, Building 33",Deliver after 5PM
O004715,2025-06-16 08:19:00,C00797,E0041,Office Chair ,Office Furniture,7,19999,0.05,debit card ,Cancelled,STORE,"Unit 20, Building 41",
O004716,2022-04-08 13:15:00,C00554,E0038,Office Chair,Computer Accessories,9,7999,0.03,PayPal,Cancelled,,"Unit 17, Building 38",Gift order
O004717,2023-04-28 03:08:00,C00509,E0128,Printer, mobile devices,4,9999,0.03,Credit Card,Pending,Online,"Unit 20, Building 31",Urgent
O004718,2023-03-01 15:11:00,C00567,E0133,Keyboard,Office Furniture,6,1499,,Bank Transfer,Pending,online,"Unit 8, Building 3",
O004719,2022-03-22 21:08:00,C00147,E0005,router,Networking,10,999,,Cash,Pending,Marketplace,"Unit 6, Building 36",Gift order
O004720,2024-04-16 15:09:00,C00420,E0115, smartphone,Office Furniture,3,999,0.15,PayPal,Pending,Marketplace,"Unit 10, Building 19",Urgent
O004721,2023-04-27 13:25:00,C00317,E0062, DESK,Computer Accessories,10,1999,0.05,Debit Card,Pending,Store,"UNIT 12, BUILDING 13 ",Urgent
O004722,2024-05-18 13:34:00,C00025,E0126,Webcam,Computer Accessories,3,19999,0.1,Debit Card,Pending,STORE,"Unit 1, Building 23",Gift order
O004723,2025-10-24 03:07:00,C00216,E0010,Printer,Mobile Devices,7,14999,0,PayPal, PENDING,STORE,"Unit 20, Building 11",
O004724,2025-01-18 22:07:00,C00774,E0062,Tablet,Electronics,6,9999,0.2,Cash,Returned,Store," Unit 19, Building 46",
O004725,2025-06-07 16:40:00,C00885,E0097,Router,Office Furniture,8,4999,0.05,Debit Card,Shipped,STORE,"Unit 17, Building 18",
O004726,2024-10-16 09:40:00,C00634,E0064,UPS,Computer Accessories,4,999,0.1,PayPal,Cancelled,online,"Unit 5, Building 13",Deliver after 5PM
O004727,2025-05-28 07:28:00,C00257,E0093,UPS,Electronics,6,19999,,Credit Card,Pending,STORE,675 Bonifacio St.,
O004728,2025-11-14 13:10:00,C00977,E0073,Headset,Computer Accessories,3,7999,0.05,PayPal,Processing,online,"Unit 17, Building 3",
O004729,2023-06-15 12:38:00,C00059,E0225,Keyboard,Electronics,4,799,0.05,Debit Card,Shipped,,121 Mabini St.,
O004730,2024-04-26 19:17:00,C00816,E0236,Smartphone,Networking,1,19999,0.05,CREDIT CARD ,Processing,Store,"Unit 13, Building 27",Deliver after 5PM
O004731,2023-12-28 04:32:00,C00711,E0225,Smartphone,Office Furniture,5,19999,, BANK TRANSFER,Cancelled,Marketplace,"Unit 12, Building 38",
O004732,2024-07-11 21:38:00,C00811,E0023,Office Chair,Office Furniture,5,499,0.05,Debit Card ,Pending,online,"Unit 17, Building 35",
O004733,2025-09-12 07:35:00,C00697,E0063,Router,office furniture,,19999,0.15,GCash,Delivered,Online,181 mabini st.,Urgent
O004734,2024-07-09 23:24:00,C00510,E0208,Webcam,Office Furniture,5,1499,0.1,GCash,Pending,Marketplace,"Unit 16, Building 47",
O004735,2022-08-16 23:06:00,C00937,E0057,UPS,Electronics,6,7999,0.03,gcash ,Cancelled,Marketplace,"Unit 19, Building 12",Urgent
O004736,2025-07-05 23:07:00,C00854,E0106,Headset,Computer Accessories,5,,0.15,Cash,Returned,,,Call customer
O004737,2022-08-04 20:51:00,C00712,E0065,Desk,Office Furniture,5,14999,0.15,PayPal,Shipped,Online,"Unit 5, Building 22",Deliver after 5PM
O004738,2024-03-02 11:23:00,C00207,E0200,Keyboard,Networking,6,499,0.05,GCash,Processing,Marketplace,898 Rizal St.,Gift order
O004739,2024-08-03 04:44:00,C00214,E0222,Laptop,Mobile Devices,7,999,0.05,BANK TRANSFER,Returned,online,,
O004740,2022-01-27 05:34:00,C00450,E0086,Mouse,networking ,,1999,0.15,Bank Transfer,Delivered,STORE,"Unit 2, Building 2",Call customer
O004741,2025-09-19 01:30:00,C00934,E0180,Desk,,7,1499,0.1,GCash,Returned ,," UNIT 7, BUILDING 30 ",Deliver after 5PM
O004742,2025-01-06 23:38:00,C00046,E0239,Router,Office Furniture,3,499,0.1,Debit Card,Shipped,,190 Main St.,
O004743,2024-06-15 08:32:00,C00947,E0100,External Drive,Mobile Devices,2,14999,0.15,Debit Card, Processing ,Online," Unit 12, Building 26",Call customer
O004744,2023-10-15 04:20:00,C00086,E0060,Smartphone,Computer Accessories,10,499,0.1,Cash,Processing,Online,"Unit 5, Building 42",Gift order
O004745,2022-01-24 17:47:00,C00704,E0214,Headset,Mobile Devices,1,1999,,Credit Card,Cancelled,Marketplace,"Unit 16, Building 34",
O004746,2023-07-26 17:21:00,C00074,E0051,Projector,Office Furniture,7,4999,0.2,Credit Card,Shipped,STORE,"UNIT 8, BUILDING 3 ",Deliver after 5PM
O004747,2022-07-31 15:27:00,C00342,E0063,Laptop, computer accessories,4,999,0.15,GCash,,STORE,2 Main St.,Urgent
O004748,2024-01-05 19:47:00,C00810,E0173, External Drive,Office Furniture ,8,7999,0.2, bank transfer ,Shipped,Online,23 Rizal St.,Call customer
O004749,2022-09-28 10:43:00,C00984,E0219,UPS,Networking,3,999,0.03,Cash,Returned,online,29 Main St.,
O004750,2025-06-25 06:01:00,C00152,E0070,Headset,Office Furniture,3,7999,0.03, PAYPAL,Delivered,Marketplace,"unit 16, building 21",Deliver after 5PM
O004751,2022-07-28 01:22:00,C00298,E0086, PROJECTOR,Networking,3,19999,0.15,PayPal, delivered ,Marketplace,498 Quezon St.,Urgent
O004752,2025-08-22 09:22:00,C00283,E0244, External Drive ,Networking,10,7999,0,CREDIT CARD,Delivered,, 846 Quezon St.,Urgent
O004753,2022-06-28 13:22:00,C00366,E0170,Desk,Office Furniture,7,799,0.2,Cash, DELIVERED,Store,58 Rizal St.,
O004754,2022-08-15 14:42:00,C00133,E0202,UPS,Electronics,4,7999,0.2,,DELIVERED,online,32 Quezon St.,Deliver after 5PM
O004755,2025-01-11 05:10:00,C00510,E0217,Keyboard,,6,14999,0.15,,Cancelled,online, 629 bonifacio st.,Deliver after 5PM
O004756,2023-01-09 01:10:00,C00154,E0105, desk ,ELECTRONICS ,6,1499,0.1,Credit Card,Cancelled,,"Unit 7, Building 46",
O004757,2024-03-06 18:26:00,C00084,E0006,External Drive,Networking,9,9999,0.03, Debit Card,Shipped,online,84 Bonifacio St.,Urgent
O004758,2022-04-07 21:47:00,C00619,E0143,External Drive,Office Furniture,10,999,0,Bank Transfer,Delivered,online,811 Quezon St.,Call customer
O004759,2024-02-26 01:23:00,C00939,E0212,Keyboard, Electronics ,9,14999,0.15,Cash,Returned,STORE,"Unit 11, Building 18",
O004760,2023-10-19 23:22:00,C00543,E0217, laptop ,Networking,10,499,0.05,GCash,Cancelled,STORE,"Unit 11, Building 25",Urgent
O004761,2022-07-20 17:43:00,C00981,E0036,Office Chair,Office Furniture,7,1499,0.03,GCash,Cancelled,,"Unit 6, Building 44",Deliver after 5PM
O004762,2023-01-30 07:18:00,C00666,E0052,,Office Furniture,8,2999,0.2,Bank Transfer,processing ,Marketplace,"Unit 9, Building 15 ",
O004763,2024-09-29 00:28:00,C00013,E0096,Mouse,Office Furniture,3,19999,0.2, Cash,Processing,Online,"Unit 11, Building 43",Urgent
O004764,2025-12-17 23:51:00,C00989,E0177,Desk,Computer Accessories,2,999,0.05,Bank Transfer,Delivered,Store,"Unit 2, Building 15",Deliver after 5PM
O004765,2024-06-16 05:48:00,C00250,E0225,Router ,Networking,8,9999,0.2,Credit Card,Pending,online,,Call customer
O004766,2023-12-19 13:13:00,C00918,E0101,Tablet,Office Furniture,4,19999,,Debit Card,Shipped,,"Unit 16, Building 37",
O004767,2025-08-25 02:26:00,C00317,E0174,Tablet, electronics ,1,1999,0.03,Cash,processing,online,317 Main St.,
O004768,2022-04-28 04:51:00,C00218,E0054, Webcam ,Computer Accessories,3,999,0.05,Cash,Cancelled,Store,837 Rizal St.,Deliver after 5PM
O004769,2023-07-18 17:38:00,C00566,E0250,,Mobile Devices,6,499,0.05,Bank Transfer,Pending,,976 Main St.,Gift order
O004770,2025-05-19 09:15:00,C00922,E0172,Projector,Networking,7,799,0,Credit Card,processing ,Online, 592 Quezon St. ,
O004771,2023-01-21 19:18:00,C00644,E0091,Tablet,Office Furniture,8,4999,,, PENDING,Marketplace,"Unit 13, Building 19",Urgent
O004772,2024-02-16 22:09:00,C00413,E0023,Printer,Networking,2,19999,0.05,GCash,Cancelled,Store,645 Bonifacio St.,
O004773,2025-08-31 01:33:00,C00632,E0063,Desk,Electronics,5,14999,0,CREDIT CARD,Shipped ,Marketplace,"Unit 5, Building 34",Call customer
O004774,2022-04-20 20:40:00,C00157,E0065,Keyboard,Office Furniture,5,499,0.2, bank transfer,Returned,STORE,681 Mabini St.,
O004775,2024-10-19 00:35:00,C00176,E0185, KEYBOARD ,Networking,5,1999,0.05, Cash,Pending,STORE,"Unit 7, Building 7",
O004776,2025-12-16 19:02:00,C00327,E0248,Smartphone,Computer Accessories,3,2999,,Cash,Processing,online,,
O004777,2022-06-29 14:23:00,C00792,E0181,Office Chair,Electronics,2,4999,0,,Processing,Store,"Unit 17, Building 9",Gift order
O004778,2023-01-02 16:38:00,C00840,E0109,Desk ,Electronics,7,19999,0.05,Credit Card,Returned,,245 Bonifacio St.,Call customer
O004779,2023-06-04 16:56:00,C00501,E0244,Keyboard,Computer Accessories,9,799,0.05,GCash,pending ,Online,567 Bonifacio St.,Gift order
O004780,2024-08-03 06:37:00,C00960,E0151, Laptop,Mobile Devices,3,4999,0.05,PayPal,Pending,Store,225 Mabini St.,
O004781,2022-03-16 02:15:00,C00243,E0208,Mouse,Electronics,2,14999,0.1,Bank Transfer,Pending,STORE,600 Rizal St.,Call customer
O004782,2022-06-27 16:16:00,C00782,E0130,UPS,Computer Accessories,5,499,,Credit Card,CANCELLED ,online,173 Mabini St.,Call customer
O004783,2024-11-09 04:41:00,C00094,E0044,UPS,Mobile Devices,2,1999,0.03,credit card ,Shipped,STORE,,Deliver after 5PM
O004784,2024-08-27 02:59:00,C00496,E0076,Headset,Mobile Devices,6,1499,0.2,Debit Card,Returned,Marketplace,"Unit 8, Building 19",
O004785,2023-05-23 03:17:00,C00143,E0147,Monitor,NETWORKING ,4,19999,0.1, Credit Card ,Cancelled,STORE,"Unit 20, Building 44",
O004786,2022-05-10 08:00:00,C00412,E0206,Desk,Electronics,1,1499,0,Credit Card,Returned,STORE," Unit 18, Building 40 ",Gift order
O004787,2024-06-11 15:30:00,C00214,E0141,Office Chair ,Networking,3,499,,Bank Transfer,Delivered,online,35 Bonifacio St.,Deliver after 5PM
O004788,2024-06-13 02:14:00,C00045,E0045,Desk,Office Furniture,8,999,0.15,PayPal,Returned,,"Unit 3, Building 3",
O004789,2024-12-09 18:21:00,C00896,E0160,External Drive,Office Furniture,2,9999,0.05,GCash,Processing,Marketplace,"Unit 20, Building 21",
O004790,2022-05-24 23:51:00,C00595,E0197,Laptop,mobile devices,8,1999,0.05,Credit Card,Delivered ,Marketplace,837 Bonifacio St.,Urgent
O004791,2024-12-03 21:20:00,C00225,E0118,Laptop,Electronics,4,1999,0.2,PayPal,Cancelled,online,"Unit 10, Building 44",Call customer
O004792,2024-03-05 22:51:00,C00620,E0041,Keyboard, computer accessories ,8,19999,0.05,,Returned,,"Unit 7, Building 47",Urgent
O004793,2022-09-12 06:29:00,C00374,E0205,Desk,Mobile Devices,3,9999,0.15,PayPal,DELIVERED ,STORE,287 Main St.,Call customer
O004794,2023-08-25 20:54:00,C00119,E0100,External Drive,Computer Accessories,10,19999,0.15,PayPal,Shipped,Store,435 rizal st.,
O004795,2022-08-26 20:12:00,C00887,E0019,Router,Office Furniture,,499,,PayPal,Shipped,online,960 Rizal St.,
O004796,2022-09-06 03:31:00,C00923,E0101, Smartphone ,Networking,1,19999,0.03,Cash,Pending,,"Unit 4, Building 17",Deliver after 5PM
O004797,2022-04-18 08:39:00,C00289,E0022,Desk,Computer Accessories,4,14999,0.05,Credit Card,Delivered,,624 Mabini St.,Deliver after 5PM
O004798,2025-05-25 13:54:00,C00356,E0035,Mouse,Electronics,8,4999,0.1,GCash,Shipped,Online,"Unit 12, Building 24",Urgent
O004799,2022-05-18 09:05:00,C00555,E0182,Headset,Office Furniture,3,2999,0.15,Bank Transfer,Cancelled,,456 Quezon St. ,Gift order
O004800,2022-07-09 09:17:00,C00116,E0228,Mouse,Computer Accessories,4,1499,0.03, BANK TRANSFER,returned,STORE,"unit 20, building 21 ",Call customer
O004801,2024-08-27 23:02:00,C00980,E0234,,ELECTRONICS ,1,2999,0.03,Cash,Pending,Online,820 Mabini St.,
O004802,2023-03-19 18:09:00,C00584,E0198,Mouse,Networking,3,14999,0.2,PayPal,Delivered,Online,745 Rizal St.,Urgent
O004803,2022-10-09 09:43:00,C00924,E0249,Mouse,Mobile Devices,7,1999,0.1,Credit Card,Cancelled,Store,901 Rizal St.,
O004804,2024-07-29 04:58:00,C00386,E0167,Monitor, Electronics ,1,2999,0.1,Debit Card,Returned,Store,578 Main St.,Urgent
O004805,2025-06-22 16:07:00,C00931,E0124,External Drive,Networking,2,4999,,PayPal,Cancelled,Marketplace,694 Bonifacio St.,Urgent
O004806,2024-08-19 03:19:00,C00366,E0214,Keyboard,Networking,2,1499,0.1,PayPal, Returned,,172 Rizal St.,
O004807,2023-01-17 04:11:00,C00488,E0141,Printer,Networking,5,799,0.15,Cash,Shipped,Marketplace,"Unit 12, Building 24",
O004808,2024-06-27 10:37:00,C00009,E0157,Monitor,Electronics,8,7999,,Debit Card,Processing,Online,261 Mabini St.,
O004809,2025-12-28 09:33:00,C00333,E0114,Monitor,Mobile Devices,8,1499,0.2,Bank Transfer, cancelled,Store,"UNIT 19, BUILDING 11 ",Gift order
O004810,2024-08-05 01:06:00,C00343,E0186,Laptop,Mobile Devices,10,1499,0,PayPal,Cancelled,Marketplace,"Unit 13, Building 44",Call customer
O004811,2024-05-29 22:21:00,C00726,E0194,Tablet, ELECTRONICS ,7,1999,0.2,Bank Transfer,Pending,STORE,980 Bonifacio St.,Deliver after 5PM
O004812,2022-04-08 08:48:00,C00050,E0146,Smartphone, electronics,,799,0.03,gcash ,Returned,STORE,134 Mabini St.,Call customer
O004813,2022-02-24 16:57:00,C00953,E0193,Tablet,Computer Accessories,4,1499,0.05, PAYPAL ,Processing,online,49 Quezon St.,Call customer
O004814,2023-06-10 17:02:00,C00368,E0168, Office Chair,,9,7999,0.15,Cash,Returned,online,"Unit 2, Building 4",
O004815,2025-05-13 09:18:00,C00662,E0149,Laptop,Office Furniture,6,499,0,Cash,Cancelled,STORE,"Unit 4, Building 39",
O004816,2023-06-28 15:26:00,C00179,E0014,Office Chair, Mobile Devices ,3,14999,0.03,Debit Card,Processing,online,227 Rizal St.,Call customer
O004817,2023-09-25 22:12:00,C00185,E0098,Webcam,Mobile Devices,5,14999,0.05,Bank Transfer,Cancelled,Online, 707 Rizal St. ,Deliver after 5PM
O004818,2023-05-27 20:30:00,C00908,E0021,Laptop,Computer Accessories,7,1999,, debit card ,Delivered,online,"Unit 20, Building 18",Deliver after 5PM
O004819,2022-01-10 00:52:00,C00533,E0060,External Drive,Office Furniture,4,799,0.2,Cash,Shipped,online,"Unit 9, Building 46",Urgent
O004820,2022-02-26 06:21:00,C00404,E0203,UPS,Office Furniture,5,1999,0,Cash,Returned,Store," Unit 2, Building 41 ",Gift order
O004821,2024-04-20 05:37:00,C00748,E0086,Desk,Computer Accessories,6,499,0.15,Cash,Pending,,187 Mabini St.,
O004822,2024-10-15 04:20:00,C00511,E0081,Keyboard,Office Furniture,8,9999,,PayPal,Delivered,online,"Unit 1, Building 40",
O004823,2023-12-22 18:49:00,C00605,E0152,Smartphone,Computer Accessories,5,7999,0,PayPal,Delivered,online,"Unit 4, Building 28",Deliver after 5PM
O004824,2022-01-07 16:21:00,C00451,E0199,Mouse,Networking,5,799,,GCASH,Pending,online,,Gift order
O004825,2025-09-27 14:10:00,C00637,E0238,Desk ,Office Furniture,10,7999,0.1,Credit Card,Cancelled,online,292 Main St.,Urgent
O004826,2024-02-18 08:10:00,C00634,E0197,Webcam,Mobile Devices,7,499,0.2,Cash,Shipped,STORE,948 Mabini St.,Call customer
O004827,2025-11-22 16:19:00,C00973,E0168,Laptop,Networking,9,1999,0.05,Bank Transfer,Shipped,Marketplace,586 Bonifacio St.,
O004828,2022-10-04 09:40:00,C00159,E0108,Router,Computer Accessories,7,999,0.2,GCash,Shipped,Online,204 Mabini St.,
O004829,2024-10-10 15:38:00,C00797,E0033, UPS,Networking,,499,0.03,Bank Transfer,Shipped,Marketplace,"Unit 20, Building 44",Gift order
O004830,2022-04-07 00:04:00,C00042,E0123,,Networking,9,799,0,PayPal,Returned,Marketplace,"UNIT 6, BUILDING 37",Gift order
O004831,2025-11-23 17:20:00,C00100,E0065,Monitor,Mobile Devices,9,999,0.03,PayPal,Cancelled,online,"Unit 14, Building 50",Urgent
O004832,2022-07-12 15:09:00,C00968,E0061,TABLET,Computer Accessories,,799,0,Debit Card,Returned,Online,"Unit 17, Building 10",
O004833,2022-10-03 07:51:00,C00681,E0014,UPS,Office Furniture,,14999,0.2,Debit Card,Returned,online,"Unit 10, Building 33",Deliver after 5PM
O004834,2023-04-14 00:20:00,C00530,E0004,External Drive,Office Furniture,9,9999,,PayPal,CANCELLED ,Store," Unit 5, Building 50",Gift order
O004835,2023-08-19 07:41:00,C00379,E0010,Desk,Office Furniture,7,2999,0.03,Bank Transfer,Shipped,,901 Mabini St.,Gift order
O004836,2022-09-11 15:01:00,C00656,E0010,UPS,Networking,4,4999,0.1,Credit Card,Pending,Marketplace,679 Quezon St.,Urgent
O004837,2022-10-01 01:51:00,C00638,E0072, Webcam,Networking,8,1999,0.03,Bank Transfer, Returned,Online,"Unit 12, Building 12",Call customer
O004838,2023-03-07 19:55:00,C00948,E0025,Laptop,Mobile Devices,8,499,0.15,GCash,Pending,Online,631 Mabini St.,Gift order
O004839,2023-01-07 07:23:00,C00840,E0042,Office Chair,Computer Accessories,1,14999,0.05,Debit Card,Cancelled,,"Unit 19, Building 35",Call customer
O004840,2023-02-11 17:57:00,C00025,E0207,Office Chair,Mobile Devices,6,999,0.1,GCash,Pending,,189 Main St.,Urgent
O004841,2024-05-03 03:04:00,C00588,E0084,Tablet ,Electronics,7,14999,0.2, Debit Card ,Returned,STORE,"Unit 5, Building 35",Gift order
O004842,2022-02-26 09:13:00,C00842,E0148,Laptop,Mobile Devices,8,2999,0.15, PayPal,Delivered,online,810 Main St.,Call customer
O004843,2025-12-20 21:18:00,C00437,E0029,Printer,Mobile Devices,8,7999,0.1,Credit Card,Processing,Online,287 Rizal St.,Call customer
O004844,2025-09-11 17:50:00,C00265,E0072,Tablet,Mobile Devices,2,9999,0.05,Debit Card,Delivered,Marketplace,925 Main St.,
O004845,2022-04-28 20:40:00,C00955,E0170,Desk,Electronics,9,999,0.05,Debit Card,Pending,STORE,"Unit 15, Building 19",Call customer
O004846,2025-07-16 01:17:00,C00202,E0217,Office Chair ,Electronics,6,999,,Debit Card,Returned,Marketplace,385 Rizal St.,
O004847,2024-03-09 12:27:00,C00504,E0209,External Drive,Electronics,10,2999,0.15,PayPal,Shipped ,Store,137 Mabini St.,Urgent
O004848,2023-01-16 10:37:00,C00933,E0175,Webcam,Networking,6,799,0.2,GCash,SHIPPED,,794 Quezon St.,Urgent
O004849,2022-06-02 04:40:00,C00221,E0188,Laptop,Mobile Devices,10,4999,0.03,Cash,Cancelled,STORE,"Unit 15, Building 18",
O004850,2022-01-22 19:26:00,C00253,E0041,External Drive,Networking,2,4999,0.2,Debit Card,Delivered,STORE,644 Bonifacio St.,
O004851,2023-12-17 07:29:00,C00387,E0051,Tablet,Office Furniture,2,9999,0.15,Credit Card,Returned,STORE,"Unit 15, Building 25",Call customer
O004852,2025-03-08 12:49:00,C00539,E0028,office chair ,Computer Accessories,8,4999,0.2,PayPal,Processing,, 566 MABINI ST.,
O004853,2023-04-04 09:07:00,C00402,E0241,Mouse,Computer Accessories,7,499,0.2,Credit Card,Returned,, 426 main st.,Deliver after 5PM
O004854,2023-03-18 04:45:00,C00435,E0185,Mouse,Networking,9,799,0.03,Credit Card,Shipped,STORE,"Unit 9, Building 15",Gift order
O004855,2025-04-02 02:33:00,C00751,E0086,Router,Mobile Devices,2,499,,GCash,Delivered,STORE,"Unit 6, Building 49",Gift order
O004856,2025-01-29 10:33:00,C00087,E0238,UPS,Office Furniture,7,799,0.2,Credit Card,Cancelled,Marketplace,"unit 9, building 31",
O004857,2025-09-19 20:42:00,C00519,E0063,Mouse,Networking,5,2999,0.1, PayPal ,Pending,Store,"Unit 10, Building 5 ",Deliver after 5PM
O004858,2025-10-24 05:58:00,C00701,E0154,Mouse,Office Furniture,9,1999,0,Cash,Pending,Store,"Unit 7, Building 47",Call customer
O004859,2022-10-17 04:06:00,C00020,E0172,Desk,Electronics,1,7999,0.03,Cash,Returned,online,"Unit 16, Building 29",Gift order
O004860,2023-10-11 06:14:00,C00459,E0145,External Drive,Electronics,8,19999,0.2,GCash,Delivered,,"Unit 1, Building 43",Call customer
O004861,2024-08-22 12:16:00,C00324,E0092,Router,Computer Accessories,,9999,0.03,Credit Card,Shipped,Marketplace,446 Main St.,
O004862,2025-05-17 08:19:00,C00528,E0010,Mouse,Office Furniture,9,14999,0.15, GCash ,Shipped,online,845 Rizal St.,Urgent
O004863,2024-03-05 22:13:00,C00941,E0038,Projector,Electronics,1,1999,0,Cash,Returned,Online,602 Main St.,
O004864,2022-11-13 12:09:00,C00477,E0064,Webcam,Computer Accessories,1,799,,PayPal,Pending,Marketplace,"Unit 10, Building 4",Deliver after 5PM
O004865,2023-08-07 01:18:00,C00447,E0006,Mouse,Networking,8,1499,0.2,Cash ,Pending,Online,157 Rizal St.,
O004866,2024-02-23 00:12:00,C00526,E0145,Webcam,Mobile Devices,9,999,0.2,Credit Card,Delivered,Online,"Unit 9, Building 14",
O004867,2023-04-05 14:08:00,C00542,E0174,Smartphone,Office Furniture,2,1499,0.2,GCash,Shipped,Online," Unit 1, Building 35",Urgent
O004868,2023-06-09 21:33:00,C00762,E0093,External Drive,Mobile Devices,1,1999,0.1,Credit Card,,STORE,147 Rizal St.,Urgent
O004869,2022-08-30 00:03:00,C00763,E0187,Printer,Mobile Devices,6,7999,0.1,Credit Card ,Shipped,Store,166 Rizal St.,
O004870,2023-01-07 17:54:00,C00481,E0161,Keyboard,Mobile Devices,9,4999,0.05,PayPal,Processing,online,639 Rizal St.,Urgent
O004871,2022-09-10 02:00:00,C00452,E0001,Webcam,COMPUTER ACCESSORIES ,2,19999,0.2,Cash,Delivered,Store,382 Bonifacio St.,
O004872,2024-11-06 11:52:00,C00762,E0185,Headset,Computer Accessories,7,,,Debit Card,Processing,Online," UNIT 1, BUILDING 10 ",Deliver after 5PM
O004873,2022-08-03 06:00:00,C00754,E0066,Headset, Office Furniture,9,499,0.03,bank transfer,Cancelled,online," Unit 13, Building 43 ",Urgent
O004874,2022-05-15 04:17:00,C00744,E0072,UPS,Networking,5,14999,0.03,Debit Card,Delivered,STORE,"Unit 6, Building 14",Call customer
O004875,2022-05-03 09:28:00,C00726,E0099,Mouse,Mobile Devices,8,9999,0.03,Bank Transfer,,,589 Main St.,Call customer
O004876,2022-06-07 02:37:00,C00278,E0129,Mouse,Office Furniture,7,999,0.03,Cash,Processing,Online,288 Main St.,
O004877,2024-12-26 01:18:00,C00996,E0160,Smartphone,Electronics,5,19999,0.03,Credit Card,Delivered,,878 Mabini St.,Deliver after 5PM
O004878,2024-03-20 10:11:00,C00051,E0143,EXTERNAL DRIVE ,Networking,3,14999,0.2, GCASH,processing,Marketplace,105 Rizal St.,Deliver after 5PM
O004879,2025-06-06 15:11:00,C00264,E0233,Keyboard,Mobile Devices,4,7999,,Debit Card,Cancelled,online,535 Rizal St.,Urgent
O004880,2023-11-13 18:08:00,C00239,E0173,Mouse,Networking,8,14999,0.05,,Returned,,"Unit 2, Building 50",Call customer
O004881,2022-11-06 16:44:00,C00524,E0013,Smartphone,Mobile Devices,5,499,0.1,GCash,Cancelled,online,"Unit 20, Building 23",Urgent
O004882,2024-07-03 05:44:00,C00280,E0184,Smartphone,,4,2999,0.05,PayPal,Returned,online,281 Main St.,Gift order
O004883,2025-10-27 21:19:00,C00328,E0151,Mouse,Office Furniture,2,1999,0.03, Debit Card ,Pending,Marketplace,"Unit 20, Building 17",
O004884,2023-03-20 05:55:00,C00487,E0229,Monitor,Office Furniture,2,1499,0.05,GCash,Processing,,"Unit 17, Building 43",Urgent
O004885,2022-02-08 15:02:00,C00988,E0233,Monitor,Networking,2,19999,0.03,Debit Card,Cancelled,Online,"Unit 14, Building 22",
O004886,2023-04-07 19:47:00,C00811,E0179, keyboard,Office Furniture,5,4999,0.15,PayPal,Pending,Store,"Unit 4, Building 2",
O004887,2025-02-05 12:03:00,C00807,E0235,UPS,Computer Accessories,9,19999,0.2,Credit Card,Cancelled,Online,795 Bonifacio St.,Deliver after 5PM
O004888,2024-12-31 09:36:00,C00761,E0009,External Drive,Office Furniture,4,499,0.2,Bank Transfer,Pending,Marketplace,"Unit 18, Building 17",Call customer
O004889,2025-02-20 11:19:00,C00641,E0197,Laptop,NETWORKING,7,9999,0.15,PayPal,Returned,Store,"Unit 3, Building 1",Deliver after 5PM
O004890,2022-12-02 02:10:00,C00565,E0173,Webcam,Office Furniture,6,4999,0.03,Cash,Pending,Store,696 Mabini St.,
O004891,2023-05-10 20:03:00,C00511,E0166,Projector,Office Furniture,6,2999,0.15,PayPal,Cancelled,Marketplace,"Unit 5, Building 2",Deliver after 5PM
O004892,2024-10-16 00:25:00,C00814,E0092,Printer,Office Furniture,2,2999,0,PayPal,Shipped,online,33 Rizal St.,Deliver after 5PM
O004893,2025-11-27 00:44:00,C00616,E0171,Monitor,Computer Accessories,7,9999,0.15,Bank Transfer,Processing,Online,485 RIZAL ST.,
O004894,2025-09-19 03:45:00,C00456,E0118,Webcam ,Electronics,2,499,0.1,Credit Card,Shipped,,"Unit 8, Building 48",Gift order
O004895,2024-04-24 15:49:00,C00443,E0036,Desk, Networking,7,1499,0.1,Debit Card,,online,861 Mabini St.,
O004896,2023-02-18 06:42:00,C00804,E0218,Smartphone,Electronics,2,19999,0.05,PayPal,Pending,online,529 Main St.,Urgent
O004897,2024-10-02 09:31:00,C00841,E0248,Office Chair,Networking,6,19999,0.15,Debit Card,Processing,Online,"Unit 5, Building 30",Urgent
O004898,2025-07-08 04:56:00,C00806,E0150,Smartphone,Computer Accessories,3,999,0.2,GCash,Shipped,online,,Urgent
O004899,2023-11-11 04:44:00,C00953,E0241,Router,Networking,8,14999,0.1, Bank Transfer , pending,STORE,960 Main St.,
O004900,2025-04-14 04:59:00,C00995,E0051,Webcam,Networking,6,799,,Cash,Delivered,online,26 Quezon St.,Gift order
O004901,2023-11-23 14:28:00,C00135,E0155,Tablet,Electronics,4,9999,0,GCash,Returned,,,Urgent
O004902,2025-11-05 06:20:00,C00023,E0022,Tablet,Mobile Devices,5,499,0.03,Cash, returned,STORE,428 Mabini St.,Gift order
O004903,2023-03-28 19:53:00,C00396,E0186,Projector, NETWORKING ,3,,0,Credit Card,Pending,,"Unit 12, Building 31",
O004904,2025-12-26 03:46:00,C00726,E0174,Printer,Office Furniture,4,,0.1,PayPal,Delivered,,299 Main St.,Urgent
O004905,2024-11-26 11:55:00,C00826,E0009, Mouse, computer accessories ,2,1999,0.03,PayPal,Delivered,STORE,519 Main St.,Gift order
O004906,2025-02-17 00:26:00,C00576,E0020,Keyboard,Mobile Devices,5,2999,0.15,Debit Card,Pending,,285 Rizal St.,
O004907,2025-12-30 12:30:00,C00513,E0167,Desk,Mobile Devices,4,1499,0,GCash,Processing,Marketplace,985 Main St.,
O004908,2022-02-03 13:56:00,C00142,E0140,Tablet,Electronics,3,9999,0.15,GCash,Shipped,Store,"Unit 8, Building 36",Urgent
O004909,2022-01-20 15:46:00,C00942,E0237,UPS,ELECTRONICS ,2,799,0.15,Bank Transfer,Pending,Store,790 Rizal St.,Urgent
O004910,2025-12-18 07:13:00,C00673,E0214,UPS ,Office Furniture,9,799,0, bank transfer,Shipped,Marketplace,823 Main St.,
O004911,2025-03-30 12:21:00,C00543,E0056,Laptop,Mobile Devices,7,1499,0.03,Debit Card,,online,"Unit 2, Building 12",
O004912,2025-06-04 12:59:00,C00013,E0046,Headset,,5,9999,0.05,GCash,pending,Marketplace,637 Rizal St.,Gift order
O004913,2022-05-16 00:42:00,C00899,E0052,Mouse, NETWORKING,6,2999,0.03,Cash,Returned,,184 Main St.,Urgent
O004914,2022-02-22 15:41:00,C00073,E0124,Office Chair,Office Furniture,5,1499,0.15,GCash,Processing,STORE,"Unit 12, Building 15",Urgent
O004915,2022-05-22 22:17:00,C00018,E0145, Keyboard ,Computer Accessories,8,2999,0.03,PayPal, SHIPPED,,"UNIT 12, BUILDING 25",Urgent
O004916,2024-04-07 02:11:00,C00850,E0033,Mouse,Office Furniture,8,4999,0.05,Cash,Returned,," Unit 18, Building 43",Urgent
O004917,2024-12-22 20:22:00,C00392,E0181,Printer,Office Furniture,1,14999,0.2,Bank Transfer,Delivered,STORE,479 Rizal St.,
O004918,2023-01-29 15:01:00,C00184,E0097,Router,Electronics,5,1999,0.2,Debit Card,Returned,STORE,85 Rizal St.,Call customer
O004919,2025-02-18 11:27:00,C00983,E0008,Smartphone,Networking,6,4999,,,Pending,Marketplace,"Unit 14, Building 30",Call customer
O004920,2023-06-01 07:41:00,C00875,E0191,Office Chair,Networking,10,14999,,PayPal,Returned,Online, 197 Quezon St.,
O004921,2024-01-02 22:47:00,C00590,E0052,monitor ,Electronics,6,7999,0.05,Debit Card,Delivered,STORE,316 Mabini St.,Deliver after 5PM
O004922,2024-07-28 03:09:00,C00807,E0045,Printer,Office Furniture,8,9999,0.05,Credit Card,Processing,,"Unit 17, Building 30",
O004923,2022-11-06 04:32:00,C00717,E0183,UPS,Computer Accessories,4,1999,0.03,Cash,Returned,,"Unit 8, Building 1",Urgent
O004924,2022-03-10 05:06:00,C00520,E0065,Keyboard,Mobile Devices,1,7999,, credit card,Returned,,743 Quezon St.,Urgent
O004925,2022-10-14 22:41:00,C00897,E0201,UPS,Mobile Devices,4,2999,0,Bank Transfer,Returned,online,622 Bonifacio St.,Call customer
O004926,2023-04-16 22:10:00,C00788,E0060,UPS,Electronics,10,2999,,Bank Transfer,Shipped,STORE,296 Bonifacio St.,Call customer
O004927,2022-12-17 21:02:00,C00793,E0243,Mouse,Office Furniture,9,2999,0.05,Credit Card,Pending,online,900 Mabini St.,Gift order
O004928,2024-12-30 06:43:00,C00331,E0109,Webcam,Computer Accessories,4,1999,0.2,Cash,Delivered,STORE," unit 8, building 25 ",Urgent
O004929,2022-09-08 09:18:00,C00435,E0250,Monitor,Computer Accessories,8,1499,0.2,GCash,Returned,online,974 Rizal St.,
O004930,2024-12-24 21:14:00,C00927,E0220,Webcam,Networking,7,9999,0.15,GCash,,online,"Unit 1, Building 38",Deliver after 5PM
O004931,2023-12-03 05:06:00,C00163,E0201,Tablet,Electronics,2,499,,GCash,Processing,Marketplace,185 Rizal St.,Gift order
O004932,2023-06-23 14:09:00,C00839,E0199,PRINTER,Mobile Devices,3,999,0.15,Bank Transfer ,Shipped,,"Unit 11, Building 22",Call customer
O004933,2025-09-25 12:19:00,C00866,E0003,Office Chair, computer accessories,5,2999,0.2,Bank Transfer,Delivered,online,"UNIT 18, BUILDING 11 ",Deliver after 5PM
O004934,2022-06-22 01:15:00,C00367,E0004,Mouse,Mobile Devices,10,4999,0.05, debit card ,Processing,STORE,"Unit 4, Building 18",Deliver after 5PM
O004935,2023-10-20 22:36:00,C00957,E0109, HEADSET ,Electronics,10,2999,0.15,PayPal, Returned,Store,208 Quezon St.,Deliver after 5PM
O004936,2024-11-14 18:05:00,C00820,E0175, MOUSE ,Computer Accessories,,499,0.15,Debit Card,Cancelled,Store,"Unit 10, Building 4",Deliver after 5PM
O004937,2025-01-13 18:57:00,C00571,E0086,,Computer Accessories,7,1499,0.05,GCash,Returned,Online,,
O004938,2025-06-09 04:26:00,C00904,E0077,Smartphone,Networking,6,4999,,GCash,Pending,Marketplace,450 Quezon St.,
O004939,2024-11-20 15:34:00,C00821,E0194,Router,Computer Accessories,10,19999,,PayPal ,Pending,Marketplace,994 Main St.,Deliver after 5PM
O004940,2024-02-23 04:51:00,C00674,E0027,Headset,Computer Accessories,3,799,0.1,Bank Transfer,Returned,online,"Unit 14, Building 9",Deliver after 5PM
O004941,2022-06-12 21:44:00,C00268,E0219,Headset,Networking,,9999,0.03,Bank Transfer,Pending,Online,32 Quezon St. ,Call customer
O004942,2025-05-17 08:49:00,C00188,E0095,Webcam,Office Furniture,1,1499,,Cash,cancelled,Marketplace,"Unit 13, Building 35",
O004943,2024-12-23 23:22:00,C00678,E0029,Router, Mobile Devices,7,1999,0.15,Credit Card,Shipped,online,611 Rizal St.,Gift order
O004944,2022-09-20 13:55:00,C00783,E0220,Printer,Networking,10,7999,0,GCash,Cancelled,Online,788 Quezon St.,
O004945,2023-11-14 12:03:00,C00164,E0219, tablet,Networking,4,1499,0.1,Bank Transfer,Pending,Store,890 Bonifacio St.,Urgent
O004946,2025-09-21 22:12:00,C00194,E0171,External Drive,Office Furniture,4,9999,0.15,,Processing,Store,113 Quezon St.,
O004947,2023-08-10 23:06:00,C00405,E0213,External Drive,Networking,1,2999,0.05,PayPal,Cancelled,Marketplace,"Unit 6, Building 14",
O004948,2023-01-09 20:50:00,C00463,E0108,Router,ELECTRONICS,1,1499,0.05, bank transfer,Returned,Marketplace,403 Rizal St.,Gift order
O004949,2022-12-18 20:49:00,C00799,E0130,Keyboard,Mobile Devices,7,999,0.2,Bank Transfer,Processing,Store,598 Main St.,
O004950,2025-04-27 12:30:00,C00615,E0199,Smartphone,Electronics,8,999,0.03,Debit Card,Returned,STORE,"Unit 12, Building 8",Urgent
O004951,2022-03-09 00:20:00,C00182,E0170,Keyboard,ELECTRONICS ,6,1499,0, credit card ,Cancelled,Online," UNIT 4, BUILDING 14 ",Urgent
O004952,2023-12-02 20:55:00,C00243,E0238,Printer,Office Furniture,4,1499,0.03,Cash,Cancelled,Online,555 Bonifacio St.,
O004953,2024-03-30 04:23:00,C00095,E0194,Headset,Mobile Devices,1,1499,0.15,Bank Transfer, processing ,Online,706 Main St.,Deliver after 5PM
O004954,2025-04-22 07:36:00,C00231,E0144,Projector,Networking,1,19999,0,PayPal,Delivered,Store,"Unit 16, Building 32",Deliver after 5PM
O004955,2023-06-01 17:30:00,C00730,E0052,Projector,Mobile Devices,9,799,0.05,CREDIT CARD ,Cancelled,online,161 Rizal St.,Deliver after 5PM
O004956,2022-12-03 02:08:00,C00764,E0166,Printer, networking ,3,9999,0.03,GCash,Shipped,Store,231 Rizal St.,Deliver after 5PM
O004957,2024-11-19 04:25:00,C00522,E0242,Monitor,Electronics,9,2999,0.03,Bank Transfer,Shipped,online,"Unit 10, Building 46",Call customer
O004958,2023-01-02 11:18:00,C00953,E0081,,Networking,5,7999,0.2,GCash,,STORE,40 Quezon St.,Deliver after 5PM
O004959,2023-03-01 01:18:00,C00067,E0119,Tablet,Networking,1,799,0.1,Bank Transfer, cancelled ,Online,"Unit 5, Building 31",Call customer
O004960,2025-01-03 14:33:00,C00180,E0217,desk ,Computer Accessories,5,4999,,PayPal,Returned,Marketplace,"unit 6, building 47",Urgent
O004961,2025-01-14 02:02:00,C00986,E0073,Router,Networking,7,19999,,PayPal,Shipped,Online,353 Bonifacio St.,Call customer
O004962,2025-04-18 18:28:00,C00321,E0241,Desk,Computer Accessories,10,799,0.05,Debit Card,Shipped ,Online,"Unit 16, Building 35",Deliver after 5PM
O004963,2023-08-20 23:24:00,C00562,E0166,Tablet,Mobile Devices,9,4999,0,PayPal,Delivered,Marketplace,412 Rizal St.,
O004964,2025-04-08 19:54:00,C00258,E0052,Router,Networking,7,4999,0.03,PayPal,Shipped,STORE,157 Mabini St.,Call customer
O004965,2025-02-23 01:54:00,C00401,E0196,Headset,networking ,2,4999,0.03,DEBIT CARD ,Pending,Store,179 Mabini St.,
O004966,2023-11-14 08:26:00,C00827,E0221,Desk,Mobile Devices,7,7999,0.05,Credit Card,Shipped,online,"Unit 17, Building 11",Gift order
O004967,2025-12-11 15:31:00,C00123,E0183,Desk,Office Furniture,1,1499,0.05,Credit Card,Processing,online,"Unit 10, Building 22",Gift order
O004968,2022-04-09 15:15:00,C00697,E0229,Laptop,Computer Accessories,4,9999,0.05,GCash,Processing,STORE,"Unit 16, Building 29",Urgent
O004969,2022-02-01 19:32:00,C00654,E0073, office chair ,Computer Accessories,8,7999,,GCash,Processing,Online," UNIT 14, BUILDING 11 ",
O004970,2023-07-16 21:06:00,C00900,E0239,,Computer Accessories,10,1999,0.2,Credit Card,Cancelled,Marketplace,"Unit 5, Building 11",
O004971,2025-10-26 15:10:00,C00976,E0021, SMARTPHONE ,Mobile Devices,6,499,0.2,Cash,,online,874 mabini st.,Gift order
O004972,2022-02-04 22:15:00,C00166,E0010, KEYBOARD,Mobile Devices,8,4999,,gcash,Pending,Store,795 Mabini St.,Deliver after 5PM
O004973,2025-02-01 23:40:00,C00221,E0046,Office Chair,Networking,2,1499,0.15,CASH,Cancelled,Store,650 Main St.,Deliver after 5PM
O004974,2022-01-01 12:51:00,C00008,E0205,Office Chair,Networking,3,7999,0,Credit Card,Pending,Marketplace,413 Quezon St.,Deliver after 5PM
O004975,2025-04-27 06:26:00,C00841,E0203,Smartphone,Electronics,8,1999,0.03,PayPal, Returned,Online,116 Quezon St.,Deliver after 5PM
O004976,2022-11-05 12:14:00,C00127,E0159,UPS,Electronics,9,4999,0.03,PayPal, Delivered ,STORE,"Unit 1, Building 4",Call customer
O004977,2023-02-18 21:07:00,C00142,E0060, Printer, ELECTRONICS,9,4999,0.15,PayPal, Returned ,Marketplace,265 Mabini St.,Deliver after 5PM
O004978,2022-01-13 00:02:00,C00292,E0181,Tablet,Computer Accessories,4,4999,0.05,Debit Card,Delivered,STORE,"Unit 19, Building 10",Gift order
O004979,2025-01-07 03:06:00,C00629,E0058,Office Chair,Electronics,3,1999,,GCASH ,processing ,,178 Quezon St.,Call customer
O004980,2024-09-12 18:00:00,C00272,E0012,Monitor,Electronics,10,799,0.03,Bank Transfer,Delivered,,296 Bonifacio St.,
O004981,2023-02-12 23:31:00,C00221,E0089,Webcam, computer accessories ,3,999,0.1,Bank Transfer,Processing ,online,210 Main St.,
O004982,2022-05-20 03:29:00,C00114,E0124, Smartphone,Networking,6,1499,0.03,GCash,Pending,online,"Unit 2, Building 2",Call customer
O004983,2022-12-12 14:05:00,C00083,E0240,Laptop,Computer Accessories,10,1499,0.15,GCASH ,Shipped,,829 Quezon St.,Urgent
O004984,2024-01-22 02:23:00,C00414,E0229,Desk,Networking,5,9999,0.03,GCash,CANCELLED,Store,"Unit 10, Building 34",
O004985,2022-08-13 10:08:00,C00189,E0046,Desk,Office Furniture,4,999,0,PayPal,Cancelled,Online,946 Rizal St.,
O004986,2024-04-06 13:58:00,C00761,E0001,Desk,Electronics,1,2999,0.05, PayPal,Cancelled,STORE,354 Quezon St.,Deliver after 5PM
O004987,2023-09-20 21:31:00,C00197,E0001,Router,Electronics,9,999,0.1,Bank Transfer,Returned,Online,791 Bonifacio St.,Gift order
O004988,2022-05-04 17:59:00,C00126,E0199,Mouse,Networking,10,19999,0.15,Bank Transfer, Shipped,,408 Rizal St.,
O004989,2025-05-07 02:23:00,C00581,E0031,Keyboard, ELECTRONICS ,6,799,0.15,Debit Card,Returned,,"Unit 1, Building 35",Call customer
O004990,2022-01-27 13:11:00,C00867,E0006,Projector,Office Furniture,8,,0.15,Credit Card,Pending,Store,72 Rizal St.,Deliver after 5PM
O004991,2025-09-01 09:31:00,C00557,E0230,Projector,Mobile Devices,4,9999,0.15,GCash,Pending,,542 Quezon St.,Urgent
O004992,2025-10-28 14:17:00,C00496,E0090,Office Chair,Computer Accessories,5,14999,,Credit Card,Processing,STORE,46 Main St.,Deliver after 5PM
O004993,2022-05-05 10:59:00,C00035,E0230,Monitor,Computer Accessories,9,799,0.15,GCash,Cancelled,,"Unit 6, Building 8",
O004994,2022-04-13 11:05:00,C00913,E0184,Laptop,Networking,5,999,0.03,Cash,Processing,online,546 Bonifacio St.,
O004995,2025-10-16 04:32:00,C00257,E0071, Keyboard,Mobile Devices,1,9999,0,GCash,Shipped,Online,718 Main St.,Urgent
O004996,2023-06-22 03:21:00,C00989,E0152,Laptop,Office Furniture,1,4999,0,Credit Card,,Store,"Unit 16, Building 1",Gift order
O004997,2024-05-04 18:34:00,C00369,E0125,Printer,MOBILE DEVICES,3,9999,0.1,Bank Transfer, Returned ,online,508 Mabini St.,Gift order
O004998,2025-11-10 14:35:00,C00611,E0179,Monitor,Mobile Devices,6,14999,0,Cash,Processing,Store,"Unit 10, Building 19",Gift order
O004999,2022-12-03 17:01:00,C00256,E0153,Laptop,Mobile Devices,2,7999,0.05,Credit Card,Cancelled,,514 Rizal St.,Deliver after 5PM
O005000,2025-06-02 02:14:00,C00415,E0073,Router,Computer Accessories,10,1999,0.05,PayPal,Shipped,,53 Mabini St.,Deliver after 5PM